topic,sub,program,codebase,row_id,mechanism,evidence,stable_tag,stable_date,public_tag,public_date,timing_date,timing_instant,opt_in,applies_on_upgrade,before,after
ecdsa-p256-default,default-signing-alg-ecdsap256,bind9,bind9,d15-dnssec-policy-default-ecdsap256,alg-ecdsa,ECDSAP256,v9.16.0,2020-02-12,,,2020-02-12,2020-02-12T20:03:44Z,True,False,no built-in policy (external dnssec-keymgr),"dnssec-policy ""default"": csk lifetime unlimited algorithm ECDSAP256SHA256"
ecdsa-p256-default,default-signing-alg-ecdsap256,knot,knot,knot[2]@2.1.0,alg-ecdsa,ECDSAP256,v2.1.0,2016-01-14,,,2016-01-14,2016-01-14T09:15:02Z,False,False,"RSASHA256, KSK 2048 / ZSK 1024 (2.0.x)","ECDSAP256SHA256 (13), KSK and ZSK 256 bits; per-algorithm size table: RSA* zsk 1024 / ksk 2048, ECDSAP384 384 (src/dnssec/lib/kasp/policy.c DEFAULT_KEY_SIZES)"
ecdsa-p256-default,default-signing-alg-ecdsap256,pdns-auth,pdns,pdns-auth[7]@4.0.0,alg-ecdsa,ECDSAP256,auth-4.0.0,2016-07-08,,,2016-07-08,2016-07-08T09:59:41Z,False,False,int algorithm=8 (RSASHA256) in pdns/pdnssec.cc at auth-3.4.11 (two sites),int algorithm=13; // ecdsa256 in pdns/pdnsutil.cc at auth-4.0.0 (lines 2227 and 2692)
ecdsa-p256-default,default-signing-alg-ecdsap256,pdns-auth,pdns,pdns-auth[8]@4.0.0,alg-ecdsa,ECDSAP256,auth-4.0.0,2016-07-08,,,2016-07-08,2016-07-08T09:59:41Z,False,False,"(3.4.11) default-ksk-algorithms=rsasha256, default-zsk-algorithms=rsasha256; addKey fell back to 2048-bit KSK / 1024-bit ZSK","default-ksk-algorithms=ecdsa256, default-zsk-algorithms="""" (empty ZSK list => the KSK is a CSK); this commit moved the ecdsa256 default from the ZSK to the KSK "
nsec3-iterations-rfc9276,signer-default-iterations-0,bind9,bind9,d18-nsec3param-default-0-0,nsec3-iterations,iterations 0,v9.18.0,2022-01-24,,,2022-01-24,2022-01-24T20:04:14Z,True,True,"iterations 5, salt-length 8 (DEFAULT_NSEC3PARAM_ITER 5, SALTLEN 8)","iterations 0, salt-length 0"
nsec3-iterations-rfc9276,signer-default-iterations-0,bind9,bind9,d21-signzone-nsec3-iterations-0,nsec3-iterations,nsec3iter = 0U,v9.18.5,2022-07-07,,,2022-07-07,2022-07-07T14:47:02Z,False,True,nsec3iter = 10U,nsec3iter = 0U
nsec3-iterations-rfc9276,signer-default-iterations-0,knot,knot,knot[14]@3.2.0,nsec3-iterations,schema default 0,v3.2.0,2022-08-22,,,2022-08-22,2022-08-22T05:29:28Z,False,True,schema default 10 (src/knot/conf/scheme.c@v2.3.0:166 .. schema.c@v3.1.9); documented as 5 until 3.0.6,"schema default 0 (schema.c C_NSEC3_ITER); doc/reference.rst ""Default: 0"""
nsec3-iterations-rfc9276,signer-default-iterations-0,pdns-auth,pdns,pdns-auth[11]@4.6.0,nsec3,1 0 0 -,auth-4.6.0,2022-01-24,,,2022-01-24,2022-01-24T10:59:59Z,True,False,"""1 0 1 ab"" (iterations 1, salt ab)","""1 0 0 -"" (iterations 0, empty salt) in pdns/pdnsutil.cc, following draft-ietf-dnsop-nsec3-guidance (RFC 9276)"
nsec3-iterations-rfc9276,signer-default-salt-empty,bind9,bind9,d18-nsec3param-default-0-0,nsec3-iterations,salt-length 0,v9.18.0,2022-01-24,,,2022-01-24,2022-01-24T20:04:14Z,True,True,"iterations 5, salt-length 8 (DEFAULT_NSEC3PARAM_ITER 5, SALTLEN 8)","iterations 0, salt-length 0"
nsec3-iterations-rfc9276,signer-default-salt-empty,knot,knot,knot[18]@3.5.0,nsec3,schema default 0; empty salt,v3.5.0,2025-09-18,,,2025-09-18,2025-09-18T05:17:38Z,False,True,schema default 8 (schema.c C_NSEC3_SALT_LEN since 2.3.0),"schema default 0; empty salt (notice added in 3.4.3, 7ed353619)"
nsec3-iterations-rfc9276,signer-default-salt-empty,pdns-auth,pdns,pdns-auth[11]@4.6.0,nsec3,1 0 0 -,auth-4.6.0,2022-01-24,,,2022-01-24,2022-01-24T10:59:59Z,True,False,"""1 0 1 ab"" (iterations 1, salt ab)","""1 0 0 -"" (iterations 0, empty salt) in pdns/pdnsutil.cc, following draft-ietf-dnsop-nsec3-guidance (RFC 9276)"
nsec3-iterations-rfc9276,iteration-cap-at-or-below-150,bind9,bind9,l01-nsec3-max-iterations-150,nsec3-iterations,150,v9.16.16,2021-05-12,,,2021-05-12,2021-05-12T09:53:16Z,False,True,max iterations 150/500/2500 depending on smallest DNSKEY size,max iterations 150 fixed
nsec3-iterations-rfc9276,iteration-cap-at-or-below-150,kresd,kresd,kresd[9]@5.3.1,nsec3-iterations,150,v5.3.1,2021-03-31,,,2021-03-31,2021-03-31T15:13:36Z,False,True,no cap; any iteration count validated,"KR_NSEC3_MAX_ITERATIONS 150 (lib/dnssec/nsec3.h@v5.3.1:19); NSEC3 above the cap not cached, zone downgraded to insecure"
nsec3-iterations-rfc9276,iteration-cap-at-or-below-150,pdns-auth,pdns,pdns-auth[10]@4.5.0,nsec3-iterations,=100,auth-4.5.0,2021-07-12,,,2021-07-12,2021-07-12T11:47:54Z,False,True,max-nsec3-iterations=500,"max-nsec3-iterations=100 (pdns/common_startup.cc); the clamp is skipped for presigned zones. NOTE pdnsutil.cc still declares its own default ""500"" at auth-4.5.0"
nsec3-iterations-rfc9276,iteration-cap-at-or-below-150,pdns-rec,pdns,nsec3-max-iterations-150,nsec3-iterations,150,rec-4.5.2,2021-06-07,,,2021-06-07,2021-06-07T11:54:06Z,False,True,nsec3-max-iterations=2500,nsec3-max-iterations=150
nsec3-iterations-rfc9276,iteration-cap-at-or-below-150,unbound,unbound,unbound[19]@1.13.2,nsec3-iterations,150,release-1.13.2,2021-08-05,,,2021-08-05,2021-08-05T15:10:56Z,False,True,"val-nsec3-keysize-iterations ""1024 150 2048 500 4096 2500"" (since 0.5)","val-nsec3-keysize-iterations ""1024 150 2048 150 4096 150"" (util/config_file.c, doc/unbound.conf.5.in)"
nsec3-iterations-rfc9276,iteration-cap-at-or-below-50,bind9,bind9,l02-nsec3-max-iterations-50,nsec3-iterations,50,v9.20.0,2024-07-08,,,2024-07-08,2024-07-08T13:01:00Z,False,True,DNS_NSEC3_MAXITERATIONS 150,DNS_NSEC3_MAXITERATIONS 50
nsec3-iterations-rfc9276,iteration-cap-at-or-below-50,kresd,kresd,kresd[12]@5.7.1,nsec3-iterations,50,v5.7.1,2024-02-13,,,2024-02-13,2024-02-13T12:03:08Z,False,True,KR_NSEC3_MAX_ITERATIONS 150; no salt-length limit; unlimited NSEC3 RRs per answer,"kr_nsec3_limited(): a local MAX_ITERATIONS = 50 compared against kr_nsec3_price(iterations, salt_len), plus a per-query budget of 128 / kr_nsec3_price(...). (v5"
nsec3-iterations-rfc9276,iteration-cap-at-or-below-50,kresd,kresd,kresd[15]@6.0.6,nsec3-iterations,50,v6.0.6,2024-02-13,,,2024-02-13,2024-02-13T13:17:57Z,False,True,KR_NSEC3_MAX_ITERATIONS 150; no salt-length limit; unlimited NSEC3 RRs per answer,"kr_nsec3_limited(): a local MAX_ITERATIONS = 50 compared against kr_nsec3_price(iterations, salt_len), plus a per-query budget of 128 / kr_nsec3_price(...). (v5"
nsec3-iterations-rfc9276,iteration-cap-at-or-below-50,pdns-rec,pdns,nsec3-max-iterations-50,nsec3-iterations,50,rec-5.0.0,2023-12-18,rec-5.0.1,2024-01-09,2024-01-09,2024-01-09T10:53:43Z,False,True,nsec3-max-iterations=150,nsec3-max-iterations=50
nsec3-iterations-rfc9276,context,bind9,bind9,d03-signzone-nsec3-iterations-100-to-10,nsec3-iterations,iteration,v9.7.0,2010-02-16,,,2010-02-16,2010-02-16T19:38:43Z,False,True,nsec3iter = 100U,nsec3iter = 10U
nsec3-iterations-rfc9276,context,bind9,bind9,d17-nsec3param-default-in-policy,nsec3,nsec3param,v9.16.10,2020-12-07,,,2020-12-07,2020-12-07T08:16:53Z,True,False,no NSEC3 in dnssec-policy,nsec3param iterations 5 salt-length 8
nsec3-iterations-rfc9276,context,knot,knot,knot[19]@3.6.0,nsec3-iterations,iteration,v3.6.0,2026-09-08,,,2026-09-08,2026-09-08T07:41:57Z,False,True,policy.nsec3-iterations 0..65535 accepted,policy.nsec3-iterations 0..256 (CONF_NSEC3_MAX_ITERS); NSEC3PARAM with more iterations refused in zone updates; NSEC3PARAM changes via DDNS refused
nsec3-iterations-rfc9276,context,pdns-auth,pdns,pdns-auth[3]@3.4.0,nsec3-iterations,iteration,auth-3.4.0,2014-09-30,,,2014-09-30,2014-09-30T07:27:46Z,False,True,no limit on NSEC3 iterations; any NSEC3PARAM accepted,max-nsec3-iterations=500: set-nsec3 above the cap throws; existing zones above the cap are silently clamped to 500 when read (pdns/dbdnsseckeeper.cc)
nsec3-iterations-rfc9276,context,pdns-auth,pdns,pdns-auth[4]@3.4.7,nsec3-iterations,iteration,auth-3.4.7,2015-11-03,,,2015-11-03,2015-11-03T13:25:45Z,False,True,bind backend (binddnssec.cc) returned stored NSEC3PARAM iterations unclamped,iterations above max-nsec3-iterations are clamped to the cap when read
nsec3-iterations-rfc9276,context,pdns-rec,pdns,nsec3-max-iterations-2500,nsec3-iterations,iteration,rec-4.1.0,2017-12-04,,,2017-12-04,2017-12-04T11:34:00Z,False,True,no NSEC3 iteration cap,nsec3-max-iterations=2500: NSEC3 records above the cap are treated as Insecure
nsec3-iterations-rfc9276,context,unbound,unbound,unbound[1]@0.5,nsec3-iterations,iteration,release-0.5,2007-09-25,,,2007-09-25,2007-09-25T12:29:24Z,False,True,no NSEC3 support,"val-nsec3-keysize-iterations default ""1024 150 2048 500 4096 2500""; higher iteration counts make the zone insecure"
validation-default-on,validator-enabled-needs-configured-anchor,bind9,bind9,d01-validation-default-yes,validation,dnssec-validation yes,v9.5.0-P1,2008-05-28,,,2008-05-28,2008-05-28T21:00:26Z,False,True,dnssec-validation no;,dnssec-validation yes;
validation-default-on,validator-enabled-needs-configured-anchor,unbound,unbound,unbound[0]@0.5,validation,validator iterator,release-0.5,2007-09-25,,,2007-09-25,2007-09-25T12:29:24Z,False,True,"module-config default ""iterator"": validator not loaded","module-config default ""validator iterator"" (util/config_file.c); validation is performed once a trust anchor is configured (none is built in)"
validation-default-on,validates-out-of-the-box,bind9,bind9,d07-validation-auto-default,trust-anchor-5011,dnssec-validation auto,v9.14.0,2019-03-20,,,2019-03-20,2019-03-20T05:57:56Z,False,True,dnssec-validation yes; (validates only with explicitly configured keys),dnssec-validation auto; (built-in root key)
validation-default-on,validates-out-of-the-box,kresd,kresd,kresd[6]@4.0.0,validation,keyfile_default=root.keys,v4.0.0,2019-04-18,,,2019-04-18,2019-04-18T16:36:15Z,False,True,"KEYFILE_DEFAULT empty by default (v3.2.1 config.mk:26 ""KEYFILE_DEFAULT ?=""); validation only if built with a keyfile or started with -k/-K","meson option keyfile_default=root.keys (v4.0.0 meson_options.txt), always loaded by trust_anchors.lua; -k/-K removed; disable with trust_anchors.remove(""."")"
validation-default-on,validates-out-of-the-box,pdns-rec,pdns,dnssec-default-process,validation,dnssec=process:,rec-4.5.0,2021-05-07,rec-4.5.1,2021-05-10,2021-05-10,2021-05-10T13:02:16Z,False,True,dnssec=process-no-validate (never validates),dnssec=process: validate when the client sets AD or DO (dig sets AD); SERVFAIL on bogus; NOT validate for all queries
root-trust-anchor,builtin-root-anchor-available,bind9,bind9,d04-root-trust-anchor-builtin,trust-anchor-5011,built-in root,v9.8.0,2011-02-21,,,2011-02-21,2011-02-21T02:36:56Z,True,False,no built-in trust anchor; validation needs trusted-keys/managed-keys,"built-in root key available via ""dnssec-validation auto;"""
root-trust-anchor,builtin-root-anchor-available,kresd,kresd,kresd[6]@4.0.0,validation,root.keys,v4.0.0,2019-04-18,,,2019-04-18,2019-04-18T16:36:15Z,False,True,"KEYFILE_DEFAULT empty by default (v3.2.1 config.mk:26 ""KEYFILE_DEFAULT ?=""); validation only if built with a keyfile or started with -k/-K","meson option keyfile_default=root.keys (v4.0.0 meson_options.txt), always loaded by trust_anchors.lua; -k/-K removed; disable with trust_anchors.remove(""."")"
root-trust-anchor,ksk2017-20326-added,bind9,bind9,d05-builtin-root-ksk-2017,trust-anchor-5011,upcoming root KSK,v9.9.9-P8,2017-03-29,,,2017-03-29,2017-03-29T21:45:01Z,True,False,bind.keys without the upcoming root KSK,bind.keys with the upcoming root KSK
root-trust-anchor,ksk2017-20326-added,unbound,unbound,unbound[12]@1.6.1,trust-anchor-5011,20326,release-1.6.1,2017-02-14,,,2017-02-14,2017-02-14T13:44:42Z,False,False,built-in root anchor: KSK-2010 (19036) only,built-in root anchors: KSK-2010 + KSK-2017 (smallapp/unbound-anchor.c)
root-trust-anchor,ksk2017-20326-added,pdns-rec,pdns,root-ds-2017-added,trust-anchor,20326,rec-4.0.5,2017-06-13,,,2017-06-13,2017-06-13T09:50:50Z,False,True,rootDSs = {19036},"rootDSs = {19036, 20326}"
root-trust-anchor,ksk2010-19036-removed,unbound,unbound,unbound[18]@1.11.0,trust-anchor-5011,19036,release-1.11.0,2020-07-20,,,2020-07-20,2020-07-20T11:02:09Z,False,False,built-in root anchors: KSK-2010 + KSK-2017,built-in root anchors: KSK-2017 only
root-trust-anchor,ksk2010-19036-removed,pdns-rec,pdns,root-ds-19036-removed,trust-anchor,19036,rec-4.2.0,2019-07-12,,,2019-07-12,2019-07-12T14:50:31Z,False,True,"rootDSs = {19036, 20326}",rootDSs = {20326}
root-trust-anchor,ksk2024-38696-added,bind9,bind9,d24-bindkeys-root-2025-ds,trust-anchor-5011,38696,v9.20.4,2024-12-03,,,2024-12-03,2024-12-03T12:30:02Z,False,False,bind.keys without key 38696,bind.keys with key 38696
root-trust-anchor,ksk2024-38696-added,kresd,kresd,kresd[14]@5.7.4,trust-anchor-5011,38696,v5.7.4,2024-07-23,,,2024-07-23,2024-07-23T17:39:18Z,False,False,etc/root.keys: KSK-2017 (20326) only,etc/root.keys: KSK-2017 + KSK-2024 (38696)
root-trust-anchor,ksk2024-38696-added,kresd,kresd,kresd[17]@6.0.8,trust-anchor-5011,38696,v6.0.8,2024-07-23,,,2024-07-23,2024-07-23T17:39:45Z,False,False,etc/root.keys: KSK-2017 (20326) only,etc/root.keys: KSK-2017 + KSK-2024 (38696)
root-trust-anchor,ksk2024-38696-added,unbound,unbound,unbound[24]@1.21.0,trust-anchor-5011,38696,release-1.21.0,2024-08-09,,,2024-08-09,2024-08-09T12:04:25Z,False,False,built-in root anchors: KSK-2017 (20326) only,built-in root anchors: KSK-2017 + KSK-2024 (smallapp/unbound-anchor.c)
root-trust-anchor,ksk2024-38696-added,pdns-rec,pdns,root-ds-38696,trust-anchor,38696,rec-5.2.0,2025-01-10,,,2025-01-10,2025-01-10T09:04:52Z,False,True,rootDSs = {20326},"rootDSs = {20326, 38696}"
root-trust-anchor,rfc8145-key-tag-signalling-on,kresd,kresd,kresd[1]@1.5.0,trust-anchor-5011,_ta-,v1.5.0,2017-11-02,,,2017-11-02,2017-11-02T11:37:43Z,False,True,no RFC 8145 key-tag signalling,module ta_signal_query loaded by default; resolver sends _ta-<keytag> queries
root-trust-anchor,rfc8145-key-tag-signalling-on,unbound,unbound,unbound[14]@1.6.7,trust-anchor-5011,_ta-,release-1.6.7,2017-10-10,,,2017-10-10,2017-10-10T07:10:35Z,False,True,cfg->trust_anchor_signaling = 0 (option added 1.6.4),cfg->trust_anchor_signaling = 1: _ta-<keytag> queries sent to the root
root-trust-anchor,rfc8509-root-key-sentinel-on,kresd,kresd,kresd[3]@2.0.0,trust-anchor-5011,sentinel,v2.0.0,2018-01-31,,,2018-01-31,2018-01-31T13:25:52Z,False,True,no KSK-rollover sentinel,"ta_sentinel (draft-ietf-dnsop-kskroll-sentinel-00, later RFC 8509) enabled by default"
root-trust-anchor,rfc8509-root-key-sentinel-on,unbound,unbound,unbound[15]@1.7.1,trust-anchor-5011,sentinel,release-1.7.1,2018-04-26,,,2018-04-26,2018-04-26T07:20:55Z,False,True,no KSK sentinel processing,cfg->root_key_sentinel = 1 (root-key-sentinel: yes)
root-trust-anchor,context,bind9,bind9,d07-validation-auto-default,trust-anchor-5011,RFC 5011,v9.14.0,2019-03-20,,,2019-03-20,2019-03-20T05:57:56Z,False,True,dnssec-validation yes; (validates only with explicitly configured keys),dnssec-validation auto; (built-in root key)
root-trust-anchor,context,kresd,kresd,kresd[4]@2.0.0,trust-anchor-5011,RFC 5011,v2.0.0,2018-01-31,,,2018-01-31,2018-01-31T13:25:52Z,False,True,-k <file>: TA file; no read-only mode; no build-time default file,"-k requires a writeable directory (RFC 5011 managed); -K/--keyfile-ro for unmanaged; KEYFILE_DEFAULT build option (empty by default, config.mk)"
sha1-deprecation,signer-default-alg-moves-off-sha1,opendnssec,opendnssec,opendnssec[5]@1.2.0b1,alg-rsa-sha2,RSASHA1,1.2.0,2011-03-18,,,2011-03-18,2011-03-18T15:21:47Z,False,False,"<Algorithm length=""2048"">7 (KSK) and <Algorithm length=""1024"">7 (ZSK) (conf/kasp.xml.in@1.1.3)","<Algorithm length=""2048"">8 (KSK) and <Algorithm length=""1024"">8 (ZSK) (conf/kasp.xml.in@1.2.0b1); unchanged through 2.1.14 (conf/kasp.xml.in@2.1.14:53,60)"
sha1-deprecation,signer-default-alg-moves-off-sha1,pdns-auth,pdns,pdns-auth[0]@3.2,alg-rsa-sha2,RSASHA1,auth-3.2,2013-01-17,,,2013-01-17,2013-01-17T09:15:14Z,False,False,pdnssec add-zone-key with no algorithm: int algorithm=5 (RSASHA1); secure-zone already used RSASHA256,int algorithm=8 (RSASHA256) in pdns/pdnssec.cc
sha1-deprecation,signer-default-alg-moves-off-sha1,bind9,bind9,d06-keygen-no-default-alg,dnskey,RSASHA1,v9.12.0,2018-01-17,,,2018-01-17,2018-01-17T06:56:09Z,False,True,RSASHA1 (1024/2048) when -a omitted,error: algorithm must be given with -a
sha1-deprecation,sha1-ds-no-longer-generated,opendnssec,opendnssec,opendnssec[13]@2.1.0,ds-digest,SHA-1,2.1.0,2017-02-22,,,2017-02-22,2017-02-22T09:04:26Z,False,True,"""ods-enforcer key export --ds"" printed both SHA-1 (digest 1) and SHA-256 (digest 2) DS records","SHA-256 DS only; --sha1 restores the SHA-1 DS; SHA-1 declared deprecated (64a6d9cc ""Depracation notice of sha1"")"
sha1-deprecation,sha1-ds-no-longer-generated,knot,knot,knot[11]@2.8.0,ds-digest,SHA-1,v2.8.0,2019-03-05,,,2019-03-05,2019-03-05T13:40:16Z,False,True,"keymgr ds printed SHA-1, SHA-256 and SHA-384 DS records",SHA-1 DS omitted
sha1-deprecation,sha1-ds-no-longer-generated,bind9,bind9,d13-ds-cds-sha1-dropped,ds-digest,SHA-1,v9.16.0,2020-02-12,,,2020-02-12,2020-02-12T20:03:44Z,False,True,DS/CDS: SHA-1 + SHA-256,DS/CDS: SHA-256 only
sha1-deprecation,sha1-ds-no-longer-generated,bind9,bind9,d20-dnssec-cds-sha2-only,ds-digest,SHA-1,v9.18.0,2022-01-24,,,2022-01-24,2022-01-24T20:04:14Z,False,True,copies SHA-1 and SHA-2 CDS digests,SHA-2 only
sha1-deprecation,crypto-policy-sha1-refusal-handled,knot,knot,knot[12]@3.0.2,other,crypto,v3.0.2,2020-11-11,,,2020-11-11,2020-11-11T07:17:57Z,False,True,algorithm support decided by libdnssec alone,dnssec_algorithm_key_support()/digest_support() return false for algorithms the system policy disables (e.g. SHA-1 on RHEL 9); signing/validation with such keys
sha1-deprecation,crypto-policy-sha1-refusal-handled,unbound,unbound,unbound[21]@1.16.1,validation,SHA-1,release-1.16.1,2022-07-04,,,2022-07-04,2022-07-04T11:48:56Z,False,True,an RSASHA1/RSASHA1-NSEC3-SHA1 signature the library cannot verify fails validation (bogus),"when EVP refuses SHA-1 (FIPS, crypto-policies) the algorithm is treated as unsupported, so such zones validate as insecure (validator/val_secalgo.c)"
sha1-deprecation,crypto-policy-sha1-refusal-handled,pdns-rec,pdns,dnssec-disabled-algorithms-auto,alg-rsa-sha2,crypto,rec-4.9.0,2023-06-29,,,2023-06-29,2023-06-29T13:37:46Z,False,True,all implemented algorithms attempted; SHA-1 failures on strict crypto policies (e.g. RHEL9) became Bogus/failed,"dnssec-disabled-algorithms="""" means auto-detect: algorithms 5 and 7 tested with DNSCryptoKeyEngine::verifyOne at startup and switched off when the test fails (t"
sha1-deprecation,context,kresd,kresd,kresd[10]@5.5.0,ds-digest,SHA-1,v5.5.0,2022-03-15,,,2022-03-15,2022-03-15T10:28:50Z,False,True,every DS digest in the set tried,SHA-1 DS skipped if the DS RRset also has a supported non-SHA-1 digest (lib/dnssec/signature.c)
cds-cdnskey-publication,cds-publication-default,knot,knot,knot[10]@2.8.0,cds-cdnskey,CDS/CDNSKEY,v2.8.0,2019-03-05,,,2019-03-05,2019-03-05T13:40:16Z,False,True,CDS/CDNSKEY for the active KSK published permanently (default always since 2.5.0/2.6.1),"CDS/CDNSKEY published only during the KSK submission phase (schema.c C_CDS_CDNSKEY CDS_CDNSKEY_ROLLOVER; doc/reference.rst@v2.8.0 ""Default: rollover"")"
