mechanism,program,kind,first_stable_tag,first_stable_date,public_tag,public_date,row_id,is_default_change,n_rows,all_row_ids
alg-ecdsa,bind9,support-added,v9.16.0,2020-02-12,,,d15-dnssec-policy-default-ecdsap256,True,1,"[""d15-dnssec-policy-default-ecdsap256""]"
alg-ecdsa,knot,not-recorded,v2.1.0,2016-01-14,,,knot[2]@2.1.0,True,1,"[""knot[2]@2.1.0""]"
alg-ecdsa,pdns-auth,default-changed,auth-4.0.0,2016-07-08,,,pdns-auth[5]@4.0.0,True,4,"[""pdns-auth[5]@4.0.0"", ""pdns-auth[6]@4.0.0"", ""pdns-auth[7]@4.0.0"", ""pdns-auth[8]@4.0.0""]"
alg-ecdsa,unbound,not-recorded,release-1.4.17,2012-05-18,,,unbound[9]@1.4.17,True,1,"[""unbound[9]@1.4.17""]"
alg-eddsa,pdns-rec,support-added,rec-4.0.5,2017-06-13,,,ed25519-validation,False,1,"[""ed25519-validation""]"
alg-gost,bind9,removal,v9.14.0,2019-03-20,,,d09-gost-removed,True,1,"[""d09-gost-removed""]"
alg-gost,unbound,not-recorded,release-1.4.7,2010-11-05,,,unbound[7]@1.4.7,True,1,"[""unbound[7]@1.4.7""]"
alg-rsa-sha2,bind9,removal,v9.14.0,2019-03-20,,,d10-dsa-removed,True,1,"[""d10-dsa-removed""]"
alg-rsa-sha2,knot,not-recorded,v2.0.0,2015-06-26,,,knot[1]@2.0.0,True,3,"[""knot[1]@2.0.0"", ""knot[3]@2.2.0"", ""knot[8]@2.7.0""]"
alg-rsa-sha2,opendnssec,not-recorded,1.2.0,2011-03-18,,,opendnssec[5]@1.2.0b1,True,1,"[""opendnssec[5]@1.2.0b1""]"
alg-rsa-sha2,pdns-auth,default-changed,auth-3.2,2013-01-17,,,pdns-auth[0]@3.2,True,1,"[""pdns-auth[0]@3.2""]"
alg-rsa-sha2,pdns-rec,default-changed,rec-4.9.0,2023-06-29,,,dnssec-disabled-algorithms-auto,True,1,"[""dnssec-disabled-algorithms-auto""]"
alg-rsa-sha2,unbound,not-recorded,release-1.3.0,2009-06-03,,,unbound[4]@1.3.0,True,2,"[""unbound[4]@1.3.0"", ""unbound[5]@1.4.0""]"
cds-cdnskey,bind9,support-added,v9.20.0,2024-07-08,,,d22-cdns-cdnskey-options,False,1,"[""d22-cdns-cdnskey-options""]"
cds-cdnskey,knot,not-recorded,v2.8.0,2019-03-05,,,knot[10]@2.8.0,True,1,"[""knot[10]@2.8.0""]"
dnskey,bind9,default-changed,v9.7.0,2010-02-16,,,d02-keygen-default-alg-rsasha1,True,4,"[""d02-keygen-default-alg-rsasha1"", ""d14-keygen-rsa-zsk-2048"", ""d16-dnssec-policy-default-key-size-2048"", ""d19-dnskey-kskonly-yes""]"
dnskey,bind9,removal,v9.12.0,2018-01-17,,,d06-keygen-no-default-alg,True,2,"[""d06-keygen-no-default-alg"", ""d08-rsamd5-removed""]"
dnskey,knot,not-recorded,v2.4.0,2017-01-18,,,knot[5]@2.4.0,True,2,"[""knot[5]@2.4.0"", ""knot[9]@2.7.5""]"
dnskey,opendnssec,not-recorded,1.1.1,2010-07-08,,,opendnssec[4]@1.1.1,True,1,"[""opendnssec[4]@1.1.1""]"
dnskey,pdns-auth,default-changed,auth-4.0.0,2016-07-08,,,pdns-auth[9]@4.0.0,True,1,"[""pdns-auth[9]@4.0.0""]"
dnskey,pdns-rec,support-added,rec-4.4.0,2020-10-13,,,revoked-dnskey-rejected,False,1,"[""revoked-dnskey-rejected""]"
dnskey,unbound,not-recorded,release-1.4.6,2010-07-22,,,unbound[6]@1.4.6,True,1,"[""unbound[6]@1.4.6""]"
ds-digest,bind9,default-changed,v9.16.0,2020-02-12,,,d13-ds-cds-sha1-dropped,True,2,"[""d13-ds-cds-sha1-dropped"", ""d20-dnssec-cds-sha2-only""]"
ds-digest,knot,not-recorded,v2.8.0,2019-03-05,,,knot[11]@2.8.0,True,1,"[""knot[11]@2.8.0""]"
ds-digest,kresd,not-recorded,v5.5.0,2022-03-15,,,kresd[10]@5.5.0,True,1,"[""kresd[10]@5.5.0""]"
ds-digest,opendnssec,not-recorded,2.1.0,2017-02-22,,,opendnssec[13]@2.1.0,True,1,"[""opendnssec[13]@2.1.0""]"
ds-digest,unbound,not-recorded,release-1.6.2,2017-04-13,,,unbound[13]@1.6.2,True,1,"[""unbound[13]@1.6.2""]"
nsec3,bind9,support-added,v9.16.10,2020-12-07,,,d17-nsec3param-default-in-policy,True,1,"[""d17-nsec3param-default-in-policy""]"
nsec3,knot,not-recorded,v2.3.0,2016-08-09,,,knot[4]@2.3.0,True,3,"[""knot[4]@2.3.0"", ""knot[13]@3.1.0"", ""knot[18]@3.5.0""]"
nsec3,kresd,not-recorded,v2.4.0,2018-07-03,,,kresd[5]@2.4.0,True,1,"[""kresd[5]@2.4.0""]"
nsec3,nsd,not-recorded,NSD_3_1_0_REL,2008-06-23,,,nsd[4]@3.1.0,True,1,"[""nsd[4]@3.1.0""]"
nsec3,opendnssec,not-recorded,1.1.0,2010-05-26,,,opendnssec[3]@1.1.0rc1,True,5,"[""opendnssec[3]@1.1.0rc1"", ""opendnssec[6]@1.3.11"", ""opendnssec[7]@1.4.0b2"", ""opendnssec[10]@1.4.4"", ""opendnssec[9]@1.3.17""]"
nsec3,pdns-auth,default-changed,auth-3.3,2013-07-05,,,pdns-auth[1]@3.3,True,3,"[""pdns-auth[1]@3.3"", ""pdns-auth[2]@3.3.2"", ""pdns-auth[11]@4.6.0""]"
nsec3-iterations,bind9,default-changed,v9.7.0,2010-02-16,,,d03-signzone-nsec3-iterations-100-to-10,True,3,"[""d03-signzone-nsec3-iterations-100-to-10"", ""d18-nsec3param-default-0-0"", ""d21-signzone-nsec3-iterations-0""]"
nsec3-iterations,bind9,limit-changed,v9.16.16,2021-05-12,,,l01-nsec3-max-iterations-150,True,2,"[""l01-nsec3-max-iterations-150"", ""l02-nsec3-max-iterations-50""]"
nsec3-iterations,knot,not-recorded,v3.2.0,2022-08-22,,,knot[14]@3.2.0,True,2,"[""knot[14]@3.2.0"", ""knot[19]@3.6.0""]"
nsec3-iterations,kresd,not-recorded,v5.3.1,2021-03-31,,,kresd[9]@5.3.1,True,3,"[""kresd[9]@5.3.1"", ""kresd[12]@5.7.1"", ""kresd[15]@6.0.6""]"
nsec3-iterations,pdns-auth,limit-changed,auth-3.4.0,2014-09-30,,,pdns-auth[3]@3.4.0,True,3,"[""pdns-auth[3]@3.4.0"", ""pdns-auth[4]@3.4.7"", ""pdns-auth[10]@4.5.0""]"
nsec3-iterations,pdns-rec,limit-changed,rec-4.1.0,2017-12-04,,,nsec3-max-iterations-2500,True,3,"[""nsec3-max-iterations-2500"", ""nsec3-max-iterations-150"", ""nsec3-max-iterations-50""]"
nsec3-iterations,unbound,not-recorded,release-0.5,2007-09-25,,,unbound[1]@0.5,True,3,"[""unbound[1]@0.5"", ""unbound[19]@1.13.2"", ""unbound[23]@1.19.1""]"
other,knot,not-recorded,v2.6.0,2017-09-29,,,knot[7]@2.6.0,True,2,"[""knot[7]@2.6.0"", ""knot[12]@3.0.2""]"
other,kresd,not-recorded,v2.0.0,2018-01-31,,,kresd[2]@2.0.0,True,3,"[""kresd[2]@2.0.0"", ""kresd[8]@4.1.0"", ""kresd[11]@5.6.0""]"
other,opendnssec,not-recorded,1.0.0,2010-02-28,,,opendnssec[2]@1.0.0b8,True,4,"[""opendnssec[2]@1.0.0b8"", ""opendnssec[11]@2.0.0a3"", ""opendnssec[12]@2.0.2"", ""opendnssec[14]@2.1.3""]"
other,unbound,not-recorded,release-1.4.19,2012-12-06,,,unbound[10]@1.4.19,True,2,"[""unbound[10]@1.4.19"", ""unbound[17]@1.10.0""]"
rrsig,knot,not-recorded,v1.4.2,2014-01-27,,,knot[0]@1.4.2,True,5,"[""knot[0]@1.4.2"", ""knot[6]@2.5.5"", ""knot[15]@3.2.0"", ""knot[16]@3.3.3"", ""knot[20]@3.6.0""]"
rrsig,nsd,not-recorded,NSD_2_0_0_REL,2004-02-12,,,nsd[0]@2.0.0,True,6,"[""nsd[0]@2.0.0"", ""nsd[1]@2.2.0"", ""nsd[2]@2.3.0"", ""nsd[3]@3.0.0"", ""nsd[5]@3.2.6"", ""nsd[6]@3.2.9""]"
rrsig,opendnssec,not-recorded,1.0.0,2010-02-28,,,opendnssec[0]@1.0.0b2,True,3,"[""opendnssec[0]@1.0.0b2"", ""opendnssec[1]@1.0.0b8"", ""opendnssec[8]@1.4.0a2""]"
rrsig,pdns-rec,limit-changed,rec-4.2.0,2019-07-12,,,signature-inception-skew,True,1,"[""signature-inception-skew""]"
rrsig,unbound,not-recorded,release-1.25.0,2026-04-23,,,unbound[27]@1.25.0,True,1,"[""unbound[27]@1.25.0""]"
trust-anchor,pdns-rec,support-added,rec-4.0.0,2016-07-08,,,trust-anchor-ta-nta-management,False,1,"[""trust-anchor-ta-nta-management""]"
trust-anchor,pdns-rec,default-changed,rec-4.0.5,2017-06-13,,,root-ds-2017-added,True,3,"[""root-ds-2017-added"", ""root-ds-19036-removed"", ""root-ds-38696""]"
trust-anchor-5011,bind9,default-changed,v9.8.0,2011-02-21,,,d04-root-trust-anchor-builtin,True,4,"[""d04-root-trust-anchor-builtin"", ""d05-builtin-root-ksk-2017"", ""d07-validation-auto-default"", ""d24-bindkeys-root-2025-ds""]"
trust-anchor-5011,bind9,other,v9.14.1,2019-04-06,,,d23-bindkeys-revoked-key-removed,False,1,"[""d23-bindkeys-revoked-key-removed""]"
trust-anchor-5011,kresd,not-recorded,v1.5.0,2017-11-02,,,kresd[1]@1.5.0,True,5,"[""kresd[1]@1.5.0"", ""kresd[3]@2.0.0"", ""kresd[4]@2.0.0"", ""kresd[14]@5.7.4"", ""kresd[17]@6.0.8""]"
trust-anchor-5011,unbound,not-recorded,release-1.6.1,2017-02-14,,,unbound[12]@1.6.1,True,5,"[""unbound[12]@1.6.1"", ""unbound[14]@1.6.7"", ""unbound[15]@1.7.1"", ""unbound[18]@1.11.0"", ""unbound[24]@1.21.0""]"
validation,bind9,default-changed,v9.5.0-P1,2008-05-28,,,d01-validation-default-yes,True,3,"[""d01-validation-default-yes"", ""d11-synth-from-dnssec-off-9.14"", ""d12-synth-from-dnssec-restored-9.18""]"
validation,bind9,limit-changed,v9.18.24,2024-02-11,,,l03-keytrap-validation-limits-9.16-9.18,True,2,"[""l03-keytrap-validation-limits-9.16-9.18"", ""l04-max-validations-per-fetch""]"
validation,knot,not-recorded,v3.4.0,2024-09-02,,,knot[17]@3.4.0,True,1,"[""knot[17]@3.4.0""]"
validation,kresd,not-recorded,v1.3.0,2017-06-13,,,kresd[0]@1.3.0,True,5,"[""kresd[0]@1.3.0"", ""kresd[6]@4.0.0"", ""kresd[7]@4.0.0"", ""kresd[13]@5.7.1"", ""kresd[16]@6.0.6""]"
validation,pdns-rec,support-added,rec-4.0.0,2016-07-08,,,dnssec-setting-introduced,False,2,"[""dnssec-setting-introduced"", ""aggressive-nsec-cache""]"
validation,pdns-rec,default-changed,rec-4.0.0,2016-07-08,,,dnssec-default-process-no-validate,True,2,"[""dnssec-default-process-no-validate"", ""dnssec-default-process""]"
validation,pdns-rec,limit-changed,rec-5.0.2,2024-02-06,,,keytrap-max-rrsigs-per-record,True,7,"[""keytrap-max-rrsigs-per-record"", ""keytrap-max-nsec3s-per-record"", ""keytrap-max-signature-validations-per-query"", ""keytrap-max-nsec3-hash-computations-per-query"", ""keytrap-aggressive-cache-max-nsec3-hash-cost"", ""keytrap-max-ds-per-zone"", ""keytrap-max-dnskeys""]"
validation,unbound,not-recorded,release-0.5,2007-09-25,,,unbound[0]@0.5,True,13,"[""unbound[0]@0.5"", ""unbound[2]@0.6"", ""unbound[3]@1.1.0"", ""unbound[8]@1.4.8"", ""unbound[11]@1.5.5"", ""unbound[16]@1.8.0"", ""unbound[20]@1.15.0"", ""unbound[21]@1.16.1"", ""unbound[22]@1.19.1"", ""unbound[25]@1.22.0"", ""unbound[26]@1.23.0"", ""unbound[28]@1.26.0"", ""unbound[29]@1.26.1""]"
