level,topic,sub,rank,program,row_id,date,gap_days_from_leader,median_gap_days
sub-milestone,ecdsa-p256-default,default-signing-alg-ecdsap256,1,knot,knot[2]@2.1.0,2016-01-14,0,833.0
sub-milestone,ecdsa-p256-default,default-signing-alg-ecdsap256,2,pdns-auth,pdns-auth[7]@4.0.0,2016-07-08,176,833.0
sub-milestone,ecdsa-p256-default,default-signing-alg-ecdsap256,3,bind9,d15-dnssec-policy-default-ecdsap256,2020-02-12,1490,833.0
sub-milestone,nsec3-iterations-rfc9276,signer-default-iterations-0,1,pdns-auth,pdns-auth[11]@4.6.0,2022-01-24,0,105.0
sub-milestone,nsec3-iterations-rfc9276,signer-default-iterations-0,2,bind9,d18-nsec3param-default-0-0,2022-01-24,0,105.0
sub-milestone,nsec3-iterations-rfc9276,signer-default-iterations-0,3,knot,knot[14]@3.2.0,2022-08-22,210,105.0
sub-milestone,nsec3-iterations-rfc9276,signer-default-salt-empty,1,pdns-auth,pdns-auth[11]@4.6.0,2022-01-24,0,666.5
sub-milestone,nsec3-iterations-rfc9276,signer-default-salt-empty,2,bind9,d18-nsec3param-default-0-0,2022-01-24,0,666.5
sub-milestone,nsec3-iterations-rfc9276,signer-default-salt-empty,3,knot,knot[18]@3.5.0,2025-09-18,1333,666.5
sub-milestone,nsec3-iterations-rfc9276,iteration-cap-at-or-below-150,1,kresd,kresd[9]@5.3.1,2021-03-31,0,85.5
sub-milestone,nsec3-iterations-rfc9276,iteration-cap-at-or-below-150,2,bind9,l01-nsec3-max-iterations-150,2021-05-12,42,85.5
sub-milestone,nsec3-iterations-rfc9276,iteration-cap-at-or-below-150,3,pdns-rec,nsec3-max-iterations-150,2021-06-07,68,85.5
sub-milestone,nsec3-iterations-rfc9276,iteration-cap-at-or-below-150,4,pdns-auth,pdns-auth[10]@4.5.0,2021-07-12,103,85.5
sub-milestone,nsec3-iterations-rfc9276,iteration-cap-at-or-below-150,5,unbound,unbound[20]@1.13.2,2021-08-05,127,85.5
sub-milestone,nsec3-iterations-rfc9276,iteration-cap-at-or-below-50,1,pdns-rec,nsec3-max-iterations-50,2024-01-09,0,108.0
sub-milestone,nsec3-iterations-rfc9276,iteration-cap-at-or-below-50,2,kresd,kresd[12]@5.7.1,2024-02-13,35,108.0
sub-milestone,nsec3-iterations-rfc9276,iteration-cap-at-or-below-50,3,bind9,l02-nsec3-max-iterations-50,2024-07-08,181,108.0
sub-milestone,validation-default-on,validator-enabled-needs-configured-anchor,1,unbound,unbound[0]@0.5,2007-09-25,0,246
sub-milestone,validation-default-on,validator-enabled-needs-configured-anchor,2,bind9,d01-validation-default-yes,2008-05-28,246,246
sub-milestone,validation-default-on,validates-out-of-the-box,1,bind9,d07-validation-auto-default,2019-03-20,0,405.5
sub-milestone,validation-default-on,validates-out-of-the-box,2,kresd,kresd[6]@4.0.0,2019-04-18,29,405.5
sub-milestone,validation-default-on,validates-out-of-the-box,3,pdns-rec,dnssec-default-process,2021-05-10,782,405.5
sub-milestone,root-trust-anchor,builtin-root-anchor-available,1,unbound,unbound[12]@1.4.7,2010-11-05,0,1597.0
sub-milestone,root-trust-anchor,builtin-root-anchor-available,2,bind9,d04-root-trust-anchor-builtin,2011-02-21,108,1597.0
sub-milestone,root-trust-anchor,builtin-root-anchor-available,3,kresd,kresd[6]@4.0.0,2019-04-18,3086,1597.0
sub-milestone,root-trust-anchor,ksk2017-20326-added,1,unbound,unbound[13]@1.6.1,2017-02-14,0,81.0
sub-milestone,root-trust-anchor,ksk2017-20326-added,2,bind9,d05-builtin-root-ksk-2017,2017-03-29,43,81.0
sub-milestone,root-trust-anchor,ksk2017-20326-added,3,pdns-rec,root-ds-2017-added,2017-06-13,119,81.0
sub-milestone,root-trust-anchor,ksk2010-19036-removed,1,bind9,d23-bindkeys-revoked-key-removed,2019-04-06,0,284.0
sub-milestone,root-trust-anchor,ksk2010-19036-removed,2,pdns-rec,root-ds-19036-removed,2019-07-12,97,284.0
sub-milestone,root-trust-anchor,ksk2010-19036-removed,3,unbound,unbound[19]@1.11.0,2020-07-20,471,284.0
sub-milestone,root-trust-anchor,ksk2024-38696-added,1,kresd,kresd[14]@5.7.4,2024-07-23,0,133
sub-milestone,root-trust-anchor,ksk2024-38696-added,2,unbound,unbound[25]@1.21.0,2024-08-09,17,133
sub-milestone,root-trust-anchor,ksk2024-38696-added,3,bind9,d24-bindkeys-root-2025-ds,2024-12-03,133,133
sub-milestone,root-trust-anchor,ksk2024-38696-added,4,pdns-rec,root-ds-38696,2025-01-10,171,133
sub-milestone,root-trust-anchor,rfc8145-key-tag-signalling-on,1,bind9,d29-trust-anchor-telemetry-default-yes,2016-09-29,0,387.5
sub-milestone,root-trust-anchor,rfc8145-key-tag-signalling-on,2,unbound,unbound[15]@1.6.7,2017-10-10,376,387.5
sub-milestone,root-trust-anchor,rfc8145-key-tag-signalling-on,3,kresd,kresd[1]@1.5.0,2017-11-02,399,387.5
sub-milestone,root-trust-anchor,rfc8509-root-key-sentinel-on,1,kresd,kresd[3]@2.0.0,2018-01-31,0,119.0
sub-milestone,root-trust-anchor,rfc8509-root-key-sentinel-on,2,unbound,unbound[16]@1.7.1,2018-04-26,85,119.0
sub-milestone,root-trust-anchor,rfc8509-root-key-sentinel-on,3,bind9,d30-root-key-sentinel-default-yes,2018-07-03,153,119.0
sub-milestone,sha1-deprecation,signer-default-alg-moves-off-sha1,1,opendnssec,opendnssec[5]@1.2.0b1,2011-03-18,0,1584.0
sub-milestone,sha1-deprecation,signer-default-alg-moves-off-sha1,2,pdns-auth,pdns-auth[0]@3.2,2013-01-17,671,1584.0
sub-milestone,sha1-deprecation,signer-default-alg-moves-off-sha1,3,bind9,d06-keygen-no-default-alg,2018-01-17,2497,1584.0
sub-milestone,sha1-deprecation,sha1-ds-no-longer-generated,1,opendnssec,opendnssec[13]@2.1.0,2017-02-22,0,913.0
sub-milestone,sha1-deprecation,sha1-ds-no-longer-generated,2,knot,knot[11]@2.8.0,2019-03-05,741,913.0
sub-milestone,sha1-deprecation,sha1-ds-no-longer-generated,3,bind9,d13-ds-cds-sha1-dropped,2020-02-12,1085,913.0
sub-milestone,sha1-deprecation,crypto-policy-sha1-refusal-handled,1,knot,knot[12]@3.0.2,2020-11-11,0,780.0
sub-milestone,sha1-deprecation,crypto-policy-sha1-refusal-handled,2,unbound,unbound[22]@1.16.1,2022-07-04,600,780.0
sub-milestone,sha1-deprecation,crypto-policy-sha1-refusal-handled,3,pdns-rec,dnssec-disabled-algorithms-auto,2023-06-29,960,780.0
sub-milestone,cds-cdnskey-publication,cds-publication-narrowed-to-rollover,1,knot,knot[10]@2.8.0,2019-03-05,0,
topic,ecdsa-p256-default,default-signing-alg-ecdsap256,1,knot,knot[2]@2.1.0,2016-01-14,0,833.0
topic,ecdsa-p256-default,default-signing-alg-ecdsap256,2,pdns-auth,pdns-auth[7]@4.0.0,2016-07-08,176,833.0
topic,ecdsa-p256-default,default-signing-alg-ecdsap256,3,bind9,d15-dnssec-policy-default-ecdsap256,2020-02-12,1490,833.0
topic,nsec3-iterations-rfc9276,context,1,unbound,unbound[1]@0.5,2007-09-25,0,3723
topic,nsec3-iterations-rfc9276,context,2,bind9,d03-signzone-nsec3-iterations-100-to-10,2010-02-16,875,3723
topic,nsec3-iterations-rfc9276,context,3,pdns-auth,pdns-auth[3]@3.4.0,2014-09-30,2562,3723
topic,nsec3-iterations-rfc9276,context,4,pdns-rec,nsec3-max-iterations-2500,2017-12-04,3723,3723
topic,nsec3-iterations-rfc9276,iteration-cap-at-or-below-150,5,kresd,kresd[9]@5.3.1,2021-03-31,4936,3723
topic,nsec3-iterations-rfc9276,signer-default-iterations-0,6,knot,knot[14]@3.2.0,2022-08-22,5445,3723
topic,validation-default-on,validator-enabled-needs-configured-anchor,1,unbound,unbound[0]@0.5,2007-09-25,0,4223
topic,validation-default-on,validator-enabled-needs-configured-anchor,2,bind9,d01-validation-default-yes,2008-05-28,246,4223
topic,validation-default-on,validates-out-of-the-box,3,kresd,kresd[6]@4.0.0,2019-04-18,4223,4223
topic,validation-default-on,validates-out-of-the-box,4,pdns-rec,dnssec-default-process,2021-05-10,4976,4223
topic,root-trust-anchor,builtin-root-anchor-available,1,unbound,unbound[12]@1.4.7,2010-11-05,0,2412
topic,root-trust-anchor,builtin-root-anchor-available,2,bind9,d04-root-trust-anchor-builtin,2011-02-21,108,2412
topic,root-trust-anchor,ksk2017-20326-added,3,pdns-rec,root-ds-2017-added,2017-06-13,2412,2412
topic,root-trust-anchor,rfc8145-key-tag-signalling-on,4,kresd,kresd[1]@1.5.0,2017-11-02,2554,2412
topic,sha1-deprecation,signer-default-alg-moves-off-sha1,1,opendnssec,opendnssec[5]@1.2.0b1,2011-03-18,0,3462.0
topic,sha1-deprecation,signer-default-alg-moves-off-sha1,2,pdns-auth,pdns-auth[0]@3.2,2013-01-17,671,3462.0
topic,sha1-deprecation,signer-default-alg-moves-off-sha1,3,bind9,d06-keygen-no-default-alg,2018-01-17,2497,3462.0
topic,sha1-deprecation,sha1-ds-no-longer-generated,4,knot,knot[11]@2.8.0,2019-03-05,2909,3462.0
topic,sha1-deprecation,context,5,kresd,kresd[10]@5.5.0,2022-03-15,4015,3462.0
topic,sha1-deprecation,crypto-policy-sha1-refusal-handled,6,unbound,unbound[22]@1.16.1,2022-07-04,4126,3462.0
topic,sha1-deprecation,crypto-policy-sha1-refusal-handled,7,pdns-rec,dnssec-disabled-algorithms-auto,2023-06-29,4486,3462.0
topic,cds-cdnskey-publication,cds-publication-narrowed-to-rollover,1,knot,knot[10]@2.8.0,2019-03-05,0,
