program,codebase,row_index,row_id,version,mechanism,kind,kind_col,is_default_change,stable_tag,stable_date,stable_instant,public_tag,public_date,public_instant,timing_tag,timing_date,timing_instant,opt_in,applies_on_upgrade,rfcs,title,before,after,date_note
bind9,bind9,0,d01-validation-default-yes,v9.5.0-P1,validation,default-changed,default-changed,True,v9.5.0-P1,2008-05-28,2008-05-28T21:00:26Z,,,,v9.5.0-P1,2008-05-28,2008-05-28T21:00:26Z,False,True,[],"Built-in default of the dnssec-validation option flipped from ""no"" (9.4.x / 9.5.0) to ""yes"". ""yes"" only validates when trusted-keys/managed-keys are configured; no built-in root key existed yet, so most unconfigured servers still did not validate.",dnssec-validation no;,dnssec-validation yes;,
bind9,bind9,1,d02-keygen-default-alg-rsasha1,v9.7.0,dnskey,default-changed,default-changed,True,v9.7.0,2010-02-16,2010-02-16T19:38:43Z,,,,v9.7.0,2010-02-16,2010-02-16T19:38:43Z,False,True,[],"dnssec-keygen gained default arguments: without -a it generates a 1024-bit RSASHA1 ZSK, or a 2048-bit RSASHA1 KSK with -f KSK.",no default algorithm; -a required,"RSASHA1, 1024-bit ZSK / 2048-bit KSK",
bind9,bind9,2,d03-signzone-nsec3-iterations-100-to-10,v9.7.0,nsec3-iterations,default-changed,default-changed,True,v9.7.0,2010-02-16,2010-02-16T19:38:43Z,,,,v9.7.0,2010-02-16,2010-02-16T19:38:43Z,False,True,[],Default number of additional NSEC3 iterations used by dnssec-signzone (-H) reduced from 100 to 10.,nsec3iter = 100U,nsec3iter = 10U,
bind9,bind9,3,d04-root-trust-anchor-builtin,v9.8.0,trust-anchor-5011,default-changed,default-changed,True,v9.8.0,2011-02-21,2011-02-21T02:36:56Z,,,,v9.8.0,2011-02-21,2011-02-21T02:36:56Z,True,False,[],"A built-in root-zone trust anchor (bind.keys, managed via RFC 5011) was added; it is used only when ""dnssec-validation auto;"" is configured.",no built-in trust anchor; validation needs trusted-keys/managed-keys,"built-in root key available via ""dnssec-validation auto;""",
bind9,bind9,4,d05-builtin-root-ksk-2017,v9.9.9-P8,trust-anchor-5011,default-changed,default-changed,True,v9.9.9-P8,2017-03-29,2017-03-29T21:45:01Z,,,,v9.9.9-P8,2017-03-29,2017-03-29T21:45:01Z,True,False,[],"CHANGES 4564: built-in managed keys updated to include the upcoming root KSK-2017 (CHANGES 4564 says only ""the upcoming root KSK"", RT #44579) ahead of the later rollover. Backported to every maintained branch as separate commits.",bind.keys without the upcoming root KSK,bind.keys with the upcoming root KSK,
bind9,bind9,5,d06-keygen-no-default-alg,v9.12.0,dnskey,removal,removal,True,v9.12.0,2018-01-17,2018-01-17T06:56:09Z,,,,v9.12.0,2018-01-17,2018-01-17T06:56:09Z,False,True,[],dnssec-keygen and dnssec-keyfromlabel no longer default to RSASHA1 (NSEC3RSASHA1 with -3); -a is mandatory. Scripts relying on the default fail.,RSASHA1 (1024/2048) when -a omitted,error: algorithm must be given with -a,
bind9,bind9,6,d07-validation-auto-default,v9.14.0,trust-anchor-5011,default-changed,default-changed,True,v9.14.0,2019-03-20,2019-03-20T05:57:56Z,,,,v9.14.0,2019-03-20,2019-03-20T05:57:56Z,False,True,[],"Built-in default of dnssec-validation changed from ""yes"" to ""auto"": validation is on by default using the built-in IANA root trust anchor, with RFC 5011 managed-keys maintenance.",dnssec-validation yes; (validates only with explicitly configured keys),dnssec-validation auto; (built-in root key),
bind9,bind9,7,d08-rsamd5-removed,v9.14.0,dnskey,removal,removal,True,v9.14.0,2019-03-20,2019-03-20T05:57:56Z,,,,v9.14.0,2019-03-20,2019-03-20T05:57:56Z,False,True,[],"RSAMD5 (algorithm 1) support removed entirely (a later commit 9b78f78c69, 2025-10-16, ""Restore RSAMD5 tag computation"", is not a re-enablement).",RSAMD5 supported (explicit -a RSAMD5 to generate; validation accepted it),RSAMD5 unsupported,
bind9,bind9,8,d09-gost-removed,v9.14.0,alg-gost,removal,removal,True,v9.14.0,2019-03-20,2019-03-20T05:57:56Z,,,,v9.14.0,2019-03-20,2019-03-20T05:57:56Z,False,True,[],"ECC-GOST (algorithm 12, GOST R 34.11-94) support removed.",GOST supported (optional build),GOST unsupported,
bind9,bind9,9,d10-dsa-removed,v9.14.0,alg-rsa-sha2,removal,removal,True,v9.14.0,2019-03-20,2019-03-20T05:57:56Z,,,,v9.14.0,2019-03-20,2019-03-20T05:57:56Z,False,True,[],DSA (algorithm 3) and DSA-NSEC3-SHA1 (algorithm 6) support removed; algorithm numbers kept only as name mapping.,DSA algorithms supported,DSA algorithms unsupported,
bind9,bind9,10,d11-synth-from-dnssec-off-9.14,v9.14.8,validation,default-changed,default-changed,True,v9.14.8,2019-11-06,2019-11-06T21:29:49Z,,,,v9.14.8,2019-11-06,2019-11-06T21:29:49Z,False,True,[],NSEC aggressive cache (synth-from-dnssec) disabled by default in the 9.14 stable branch after a performance problem.,synth-from-dnssec yes;,synth-from-dnssec no;,
bind9,bind9,11,d12-synth-from-dnssec-restored-9.18,v9.18.0,validation,default-changed,default-changed,True,v9.18.0,2022-01-24,2022-01-24T20:04:14Z,,,,v9.18.0,2022-01-24,2022-01-24T20:04:14Z,False,True,[],synth-from-dnssec restored to yes as the default (9.18 line); 9.16 stayed at no.,synth-from-dnssec no;,synth-from-dnssec yes;,
bind9,bind9,12,d13-ds-cds-sha1-dropped,v9.16.0,ds-digest,default-changed,default-changed,True,v9.16.0,2020-02-12,2020-02-12T20:03:44Z,,,,v9.16.0,2020-02-12,2020-02-12T20:03:44Z,False,True,[],"SHA-1 DS/CDS digests are no longer generated by default: dnssec-dsfromkey emits SHA-256 only (was SHA-1 and SHA-256 both), dnssec-signzone dsset files and named-generated CDS records carry SHA-256 only.",DS/CDS: SHA-1 + SHA-256,DS/CDS: SHA-256 only,
bind9,bind9,13,d14-keygen-rsa-zsk-2048,v9.16.0,dnskey,default-changed,default-changed,True,v9.16.0,2020-02-12,2020-02-12T20:03:44Z,,,,v9.16.0,2020-02-12,2020-02-12T20:03:44Z,False,True,[],Default RSA ZSK size in dnssec-keygen raised from 1024 to 2048 bits (KSK was already 2048).,RSA ZSK 1024-bit / KSK 2048-bit,RSA 2048-bit for both,
bind9,bind9,14,d15-dnssec-policy-default-ecdsap256,v9.16.0,alg-ecdsa,support-added,support-added,True,v9.16.0,2020-02-12,2020-02-12T20:03:44Z,,,,v9.16.0,2020-02-12,2020-02-12T20:03:44Z,True,False,[],"Built-in dnssec-policy ""default"": a single CSK (KSK+ZSK roles, unlimited lifetime) with algorithm 13 ECDSAP256SHA256, no explicit key size. The built-in policy ""none"" is the default for zones (dnssec-policy is opt-in per zone).",no built-in policy (external dnssec-keymgr),"dnssec-policy ""default"": csk lifetime unlimited algorithm ECDSAP256SHA256",
bind9,bind9,15,d16-dnssec-policy-default-key-size-2048,v9.16.0,dnskey,default-changed,default-changed,True,v9.16.0,2020-02-12,2020-02-12T20:03:44Z,,,,v9.16.0,2020-02-12,2020-02-12T20:03:44Z,True,False,[],kasp default RSA key size: ZSK 1024 -> 2048 (KSK stayed 2048). Only relevant when a policy names an RSA algorithm without a size; the built-in policy uses ECDSAP256SHA256.,RSA ZSK 1024-bit / KSK 2048-bit,RSA 2048-bit for both roles,
bind9,bind9,16,d17-nsec3param-default-in-policy,v9.16.10,nsec3,support-added,support-added,True,v9.16.10,2020-12-07,2020-12-07T08:16:53Z,,,,v9.16.10,2020-12-07,2020-12-07T08:16:53Z,True,False,[],"dnssec-policy gained ""nsec3param""; when given without parameters it defaulted to 5 iterations and an 8-byte salt.",no NSEC3 in dnssec-policy,nsec3param iterations 5 salt-length 8,
bind9,bind9,17,d18-nsec3param-default-0-0,v9.18.0,nsec3-iterations,default-changed,default-changed,True,v9.18.0,2022-01-24,2022-01-24T20:04:14Z,,,,v9.18.0,2022-01-24,2022-01-24T20:04:14Z,True,True,[],Default nsec3param parameters in dnssec-policy changed to zero additional iterations and no salt (RFC 9276 / draft-ietf-dnsop-nsec3-guidance).,"iterations 5, salt-length 8 (DEFAULT_NSEC3PARAM_ITER 5, SALTLEN 8)","iterations 0, salt-length 0",
bind9,bind9,18,d19-dnskey-kskonly-yes,v9.18.0,dnskey,default-changed,default-changed,True,v9.18.0,2022-01-24,2022-01-24T20:04:14Z,,,,v9.18.0,2022-01-24,2022-01-24T20:04:14Z,False,True,[],dnssec-dnskey-kskonly default changed from no to yes: with auto-dnssec the DNSKEY RRset is signed only by KSKs.,dnssec-dnskey-kskonly no;,dnssec-dnskey-kskonly yes;,
bind9,bind9,19,d20-dnssec-cds-sha2-only,v9.18.0,ds-digest,default-changed,default-changed,True,v9.18.0,2022-01-24,2022-01-24T20:04:14Z,,,,v9.18.0,2022-01-24,2022-01-24T20:04:14Z,False,True,[],"dnssec-cds generates SHA-2 DS records by default, avoids copying deprecated SHA-1 records from the child, and derives SHA-2 DS from CDNSKEY when the child publishes no SHA-2 CDS.",copies SHA-1 and SHA-2 CDS digests,SHA-2 only,
bind9,bind9,20,d21-signzone-nsec3-iterations-0,v9.18.5,nsec3-iterations,default-changed,default-changed,True,v9.18.5,2022-07-07,2022-07-07T14:47:02Z,,,,v9.18.5,2022-07-07,2022-07-07T14:47:02Z,False,True,[],Default additional NSEC3 iterations of dnssec-signzone reduced from 10 to 0.,nsec3iter = 10U,nsec3iter = 0U,
bind9,bind9,21,d22-cdns-cdnskey-options,v9.20.0,cds-cdnskey,support-added,support-added,False,v9.20.0,2024-07-08,2024-07-08T13:01:00Z,,,,v9.20.0,2024-07-08,2024-07-08T13:01:00Z,True,False,[],"dnssec-policy gained ""cds-digest-type"" (default 2 = SHA-256) and ""cdnskey"" (default yes). Defaults equal the prior hard-coded behaviour, so publication defaults are unchanged; only configurability is new.",CDS SHA-256 and CDNSKEY published without options (per reference.rst text added by 8be61d1845: default yes),cds-digest-type 2; cdnskey yes; (configurable),
bind9,bind9,22,d23-bindkeys-revoked-key-removed,v9.14.1,trust-anchor-5011,other,other,False,v9.14.1,2019-04-06,2019-04-06T20:09:59Z,,,,v9.14.1,2019-04-06,2019-04-06T20:09:59Z,False,False,[],Revoked root DNSKEY removed from bind.keys. No behavioural change for validation (key is revoked).,bind.keys carries revoked root key,revoked key removed,
bind9,bind9,23,d24-bindkeys-root-2025-ds,v9.20.4,trust-anchor-5011,default-changed,default-changed,True,v9.20.4,2024-12-03,2024-12-03T12:30:02Z,,,,v9.20.4,2024-12-03,2024-12-03T12:30:02Z,False,False,[],"New IANA root key (key tag 38696; CHANGES subject: ""Update bind.keys with the new 2025 IANA root key"") added to bind.keys.",bind.keys without key 38696,bind.keys with key 38696,
bind9,bind9,24,l01-nsec3-max-iterations-150,v9.16.16,nsec3-iterations,limit-changed,limit-changed,True,v9.16.16,2021-05-12,2021-05-12T09:53:16Z,,,,v9.16.16,2021-05-12,2021-05-12T09:53:16Z,False,True,[],"Maximum NSEC3 iterations reduced to a fixed 150 (was key-size dependent: 150 for keys <=1024 bits, 500 for <=2048, 2500 for <=4096). Zone configuration above 150 is rejected and validating resolvers treat NSEC3 answers with more than 150 iterations as insecure (GL #2445).",max iterations 150/500/2500 depending on smallest DNSKEY size,max iterations 150 fixed,
bind9,bind9,25,l02-nsec3-max-iterations-50,v9.20.0,nsec3-iterations,limit-changed,limit-changed,True,v9.20.0,2024-07-08,2024-07-08T13:01:00Z,,,,v9.20.0,2024-07-08,2024-07-08T13:01:00Z,False,True,[],Validator and dnssec-signzone limit on NSEC3 iterations lowered from 150 to 50 on the main line only (answers above the limit are treated as insecure); dnssec-policy additionally refuses to load any non-zero iteration count (RFC 9276).,DNS_NSEC3_MAXITERATIONS 150,DNS_NSEC3_MAXITERATIONS 50,
bind9,bind9,26,l03-keytrap-validation-limits-9.16-9.18,v9.18.24,validation,limit-changed,limit-changed,True,v9.18.24,2024-02-11,2024-02-11T10:39:40Z,,,,v9.18.24,2024-02-11,2024-02-11T10:39:40Z,False,True,[],CVE-2023-50387 (KeyTrap) mitigation in the maintenance branches: DNS message validation stops at the first validation failure; validation work is moved to a separate slow task queue.,validator retried all key/signature combinations,fail on first validation failure,
bind9,bind9,27,l04-max-validations-per-fetch,v9.20.0,validation,limit-changed,limit-changed,True,v9.20.0,2024-07-08,2024-07-08T13:01:00Z,,,,v9.20.0,2024-07-08,2024-07-08T13:01:00Z,False,True,[],New options capping DNSSEC validations (default 16) and validation failures (default 1) per resolver fetch; validation made asynchronous.,unbounded (per-fetch),max-validations-per-fetch 16; max-validation-failures-per-fetch 1,
knot,knot,0,knot[0]@1.4.2,1.4.2,rrsig,,not-recorded,True,v1.4.2,2014-01-27,2014-01-27T14:19:54Z,,,,v1.4.2,2014-01-27,2014-01-27T14:19:54Z,False,True,[],RRSIG refresh 3 days before expiration,signatures regenerated when they expire (1.4.0/1.4.1: zone event scheduled at expires_at),"signatures regenerated 3 days before expiration (libknot/dnssec/policy.c; NEWS: ""3 days before their expiration with the default signature lifetime"")",
knot,knot,1,knot[1]@2.0.0,2.0.0,alg-rsa-sha2,,not-recorded,True,v2.0.0,2015-06-26,2015-06-26T09:03:09Z,,,,v2.0.0,2015-06-26,2015-06-26T09:03:09Z,False,False,"[""RFC 5702""]",default signing algorithm RSASHA256 (first built-in KASP policy),"no built-in policy in 1.x (keys generated externally, e.g. with BIND dnssec-keygen, into dnssec-keydir); the 1.99.1 development preview shipped the first default policy with RSASHA512 (8aaba1c99: policy->algorithm = RSA_SHA512, ksk 2048, zsk 1024)","keymgr policy default: algorithm RSASHA256 (8), KSK 2048 bits, ZSK 1024 bits (src/dnssec/lib/kasp/policy.c; doc/configuration.rst@v2.0.0:450-458)",
knot,knot,2,knot[2]@2.1.0,2.1.0,alg-ecdsa,,not-recorded,True,v2.1.0,2016-01-14,2016-01-14T09:15:02Z,,,,v2.1.0,2016-01-14,2016-01-14T09:15:02Z,False,False,"[""RFC 6605""]",default signing algorithm ECDSAP256SHA256; default key size 256,"RSASHA256, KSK 2048 / ZSK 1024 (2.0.x)","ECDSAP256SHA256 (13), KSK and ZSK 256 bits; per-algorithm size table: RSA* zsk 1024 / ksk 2048, ECDSAP384 384 (src/dnssec/lib/kasp/policy.c DEFAULT_KEY_SIZES)",
knot,knot,3,knot[3]@2.2.0,2.2.0,alg-rsa-sha2,,not-recorded,True,v2.2.0,2016-04-26,2016-04-26T11:05:58Z,,,,v2.2.0,2016-04-26,2016-04-26T11:05:58Z,False,False,"[""RFC 5702""]",default RSA key size 2048 for ZSK as well as KSK,RSA policies: ZSK 1024 / KSK 2048 (2.1.x DEFAULT_KEY_SIZES); keymgr required an explicit key size,"dnssec_algorithm_key_size_default(): RSA* 2048, DSA 1024, ECDSAP256 256, ECDSAP384 384 for both KSK and ZSK; keymgr picks it when no size is given (doc/reference.rst@v2.3.0 ksk-size ""1024 (dsa*), 2048 (rsa*), 256 (ecdsap256*), 384 (ecdsap384*)"")",
knot,knot,4,knot[4]@2.3.0,2.3.0,nsec3,,not-recorded,True,v2.3.0,2016-08-09,2016-08-09T14:29:55Z,,,,v2.3.0,2016-08-09,2016-08-09T14:29:55Z,False,True,"[""RFC 5155""]",automatic NSEC3 re-salting every 30 days,NSEC3 salt fixed once set (2.2.x keymgr policy),"policy.nsec3-salt-lifetime default 30 days, nsec3-salt-length default 8, nsec3-iterations default 10 in the schema (doc/reference.rst@v2.3.0:687 wrongly says 5 until 3.0.6)",
knot,knot,5,knot[5]@2.4.0,2.4.0,dnskey,,not-recorded,True,v2.4.0,2017-01-18,2017-01-18T15:22:34Z,,,,v2.4.0,2017-01-18,2017-01-18T15:22:34Z,False,True,[],retired DNSSEC keys deleted automatically,retired keys stayed in the KASP database,retired keys are removed after their remove timestamp,
knot,knot,6,knot[6]@2.5.5,2.5.5,rrsig,,not-recorded,True,v2.5.5,2017-09-29,2017-09-29T08:14:09Z,,,,v2.5.5,2017-09-29,2017-09-29T08:14:09Z,False,True,[],RRSIG inception 90 minutes in the past,inception = signing time,"inception = signing time - 90 min, expiration = signing time + rrsig-lifetime (rrset-sign.c RRSIG_INCEPT_IN_PAST)",
knot,knot,7,knot[7]@2.6.0,2.6.0,other,,not-recorded,True,v2.6.0,2017-09-29,2017-09-29T11:58:18Z,,,,v2.6.0,2017-09-29,2017-09-29T11:58:18Z,False,True,"[""RFC 8624""]",DSA (algorithms 3 and 6) no longer supported,DSA/DSA-NSEC3-SHA1 keys accepted by libdnssec (key.h@v2.0.0),"DSA removed from the enum; policies with algorithm 3/6 are rejected (""DSA algorithm no longer supported"" in conf checks)",
knot,knot,8,knot[8]@2.7.0,2.7.0,alg-rsa-sha2,,not-recorded,True,v2.7.0,2018-08-03,2018-08-03T21:55:17Z,,,,v2.7.0,2018-08-03,2018-08-03T21:55:17Z,False,True,[],minimum RSA key size raised to 1024 bits,RSA 512..4096 accepted (algorithm.c limits .min = 512),RSA 1024..4096; default stays 2048,
knot,knot,9,knot[9]@2.7.5,2.7.5,dnskey,,not-recorded,True,v2.7.5,2019-01-07,2019-01-07T10:07:09Z,,,,v2.7.5,2019-01-07,2019-01-07T10:07:09Z,False,True,[],keymgr-generated KSK is ready by default,manually generated KSK waited in the published state,"keymgr generate ... ksk=yes creates the key in ready state, so submission proceeds immediately",
knot,knot,10,knot[10]@2.8.0,2.8.0,cds-cdnskey,,not-recorded,True,v2.8.0,2019-03-05,2019-03-05T13:40:16Z,,,,v2.8.0,2019-03-05,2019-03-05T13:40:16Z,False,True,"[""RFC 7344""]",cds-cdnskey-publish default always -> rollover,CDS/CDNSKEY for the active KSK published permanently (default always since 2.5.0/2.6.1),"CDS/CDNSKEY published only during the KSK submission phase (schema.c C_CDS_CDNSKEY CDS_CDNSKEY_ROLLOVER; doc/reference.rst@v2.8.0 ""Default: rollover"")",
knot,knot,11,knot[11]@2.8.0,2.8.0,ds-digest,,not-recorded,True,v2.8.0,2019-03-05,2019-03-05T13:40:16Z,,,,v2.8.0,2019-03-05,2019-03-05T13:40:16Z,False,True,"[""RFC 4509"", ""RFC 8624""]",keymgr ds no longer prints the SHA-1 digest,"keymgr ds printed SHA-1, SHA-256 and SHA-384 DS records",SHA-1 DS omitted,
knot,knot,12,knot[12]@3.0.2,3.0.2,other,,not-recorded,True,v3.0.2,2020-11-11,2020-11-11T07:17:57Z,,,,v3.0.2,2020-11-11,2020-11-11T07:17:57Z,False,True,"[""RFC 8624""]",libdnssec honours the local GnuTLS crypto policy,algorithm support decided by libdnssec alone,dnssec_algorithm_key_support()/digest_support() return false for algorithms the system policy disables (e.g. SHA-1 on RHEL 9); signing/validation with such keys fails,
knot,knot,13,knot[13]@3.1.0,3.1.0,nsec3,,not-recorded,True,v3.1.0,2021-08-01,2021-08-01T18:22:20Z,,,,v3.1.0,2021-08-01,2021-08-01T18:22:20Z,False,True,"[""RFC 9077""]","NSEC/NSEC3/NSEC3PARAM TTL = min(SOA TTL, SOA minimum)",NSEC(3) TTL = SOA minimum,"NSEC(3) TTL = min(SOA TTL, SOA minimum); NSEC3PARAM TTL follows NSEC3",
knot,knot,14,knot[14]@3.2.0,3.2.0,nsec3-iterations,,not-recorded,True,v3.2.0,2022-08-22,2022-08-22T05:29:28Z,,,,v3.2.0,2022-08-22,2022-08-22T05:29:28Z,False,True,"[""RFC 9276"", ""RFC 5155""]",default policy.nsec3-iterations 10 -> 0,schema default 10 (src/knot/conf/scheme.c@v2.3.0:166 .. schema.c@v3.1.9); documented as 5 until 3.0.6,"schema default 0 (schema.c C_NSEC3_ITER); doc/reference.rst ""Default: 0""",
knot,knot,15,knot[15]@3.2.0,3.2.0,rrsig,,not-recorded,True,v3.2.0,2022-08-22,2022-08-22T05:29:28Z,,,,v3.2.0,2022-08-22,2022-08-22T05:29:28Z,False,True,[],default policy.rrsig-refresh computed; too-low value is a hard error,rrsig-refresh default 7 days; too-low values warned,"default = propagation-delay + zone-max-ttl; zone signing fails with an error (KNOT_EINVAL in knot_dnssec_zone_sign, d8b1e148f) if rrsig-refresh is too low; NEWS overstates this as a configuration-load failure",
knot,knot,16,knot[16]@3.3.3,3.3.3,rrsig,,not-recorded,True,v3.3.3,2023-12-13,2023-12-13T06:19:48Z,,,,v3.3.3,2023-12-13,2023-12-13T06:19:48Z,False,True,[],default policy.rrsig-refresh increased by 0.1 * rrsig-lifetime,propagation-delay + zone-max-ttl,propagation-delay + zone-max-ttl + 0.1 * rrsig-lifetime,
knot,knot,17,knot[17]@3.4.0,3.4.0,validation,,not-recorded,True,v3.4.0,2024-09-02,2024-09-02T04:52:59Z,,,,v3.4.0,2024-09-02,2024-09-02T04:52:59Z,False,True,[],validation requires remaining RRSIG validity > rrsig-refresh,any unexpired RRSIG accepted by zone.dnssec-validation,RRSIGs expiring within rrsig-refresh make validation fail (validation re-run as a scheduled event),
knot,knot,18,knot[18]@3.5.0,3.5.0,nsec3,,not-recorded,True,v3.5.0,2025-09-18,2025-09-18T05:17:38Z,,,,v3.5.0,2025-09-18,2025-09-18T05:17:38Z,False,True,"[""RFC 9276""]",default policy.nsec3-salt-length 8 -> 0,schema default 8 (schema.c C_NSEC3_SALT_LEN since 2.3.0),"schema default 0; empty salt (notice added in 3.4.3, 7ed353619)",
knot,knot,19,knot[19]@3.6.0,3.6.0,nsec3-iterations,,not-recorded,True,v3.6.0,2026-09-08,2026-09-08T07:41:57Z,,,,v3.6.0,2026-09-08,2026-09-08T07:41:57Z,False,True,"[""RFC 9276""]",NSEC3 iterations capped at 256,policy.nsec3-iterations 0..65535 accepted,policy.nsec3-iterations 0..256 (CONF_NSEC3_MAX_ITERS); NSEC3PARAM with more iterations refused in zone updates; NSEC3PARAM changes via DDNS refused,
knot,knot,20,knot[20]@3.6.0,3.6.0,rrsig,,not-recorded,True,v3.6.0,2026-09-08,2026-09-08T07:41:57Z,,,,v3.6.0,2026-09-08,2026-09-08T07:41:57Z,False,True,[],default policy.rrsig-pre-refresh 1 hour -> 0.005 * rrsig-lifetime,1 hour (since 2.9.0),0.005 * rrsig-lifetime (100.8 min with the 14-day default lifetime),
kresd,kresd,0,kresd[0]@1.3.0,1.3.0,validation,,not-recorded,True,v1.3.0,2017-06-13,2017-06-13T07:02:22Z,,,,v1.3.0,2017-06-13,2017-06-13T07:02:22Z,False,True,[],policy.FORWARD validates (forwarding with validation),"policy.FORWARD forwarded without DNSSEC validation (NEWS 1.2.0: ""policy.FORWARD() doesn't do DNSSEC validation yet"")",policy.FORWARD validates answers; the old non-validating mode is policy.STUB,
kresd,kresd,1,kresd[1]@1.5.0,1.5.0,trust-anchor-5011,,not-recorded,True,v1.5.0,2017-11-02,2017-11-02T11:37:43Z,,,,v1.5.0,2017-11-02,2017-11-02T11:37:43Z,False,True,"[""RFC 8145""]",ta_signal_query module enabled by default,no RFC 8145 key-tag signalling,module ta_signal_query loaded by default; resolver sends _ta-<keytag> queries,
kresd,kresd,2,kresd[2]@2.0.0,2.0.0,other,,not-recorded,True,v2.0.0,2018-01-31,2018-01-31T13:25:52Z,,,,v2.0.0,2018-01-31,2018-01-31T13:25:52Z,False,True,"[""RFC 8198""]",aggressive use of DNSSEC-validated cache (RFC 8198) for NSEC,negative answers always sent upstream,NXDOMAIN/NODATA synthesised from cached validated NSEC; no configuration knob,
kresd,kresd,3,kresd[3]@2.0.0,2.0.0,trust-anchor-5011,,not-recorded,True,v2.0.0,2018-01-31,2018-01-31T13:25:52Z,,,,v2.0.0,2018-01-31,2018-01-31T13:25:52Z,False,True,"[""RFC 8509""]",ta_sentinel module enabled by default,no KSK-rollover sentinel,"ta_sentinel (draft-ietf-dnsop-kskroll-sentinel-00, later RFC 8509) enabled by default",
kresd,kresd,4,kresd[4]@2.0.0,2.0.0,trust-anchor-5011,,not-recorded,True,v2.0.0,2018-01-31,2018-01-31T13:25:52Z,,,,v2.0.0,2018-01-31,2018-01-31T13:25:52Z,False,True,"[""RFC 5011""]",managed trust-anchor file must be writeable; read-only -K and build-time KEYFILE_DEFAULT added,-k <file>: TA file; no read-only mode; no build-time default file,"-k requires a writeable directory (RFC 5011 managed); -K/--keyfile-ro for unmanaged; KEYFILE_DEFAULT build option (empty by default, config.mk)",
kresd,kresd,5,kresd[5]@2.4.0,2.4.0,nsec3,,not-recorded,True,v2.4.0,2018-07-03,2018-07-03T08:24:48Z,,,,v2.4.0,2018-07-03,2018-07-03T08:24:48Z,False,True,"[""RFC 8198""]",aggressive caching for NSEC3 zones,RFC 8198 synthesis only from NSEC,RFC 8198 synthesis also from NSEC3 (non-opt-out); on by default,
kresd,kresd,6,kresd[6]@4.0.0,4.0.0,validation,,not-recorded,True,v4.0.0,2019-04-18,2019-04-18T16:36:15Z,,,,v4.0.0,2019-04-18,2019-04-18T16:36:15Z,False,True,[],DNSSEC validation enabled by default,"KEYFILE_DEFAULT empty by default (v3.2.1 config.mk:26 ""KEYFILE_DEFAULT ?=""); validation only if built with a keyfile or started with -k/-K","meson option keyfile_default=root.keys (v4.0.0 meson_options.txt), always loaded by trust_anchors.lua; -k/-K removed; disable with trust_anchors.remove(""."")",
kresd,kresd,7,kresd[7]@4.0.0,4.0.0,validation,,not-recorded,True,v4.0.0,2019-04-18,2019-04-18T16:36:15Z,,,,v4.0.0,2019-04-18,2019-04-18T16:36:15Z,False,True,[],DO (and CD) bit always sent upstream,DO bit sent only when the zone was known secure,"DO+CD sent on every upstream query, iterating or forwarding, even in insecure zones",
kresd,kresd,8,kresd[8]@4.1.0,4.1.0,other,,not-recorded,True,v4.1.0,2019-07-10,2019-07-10T14:06:44Z,,,,v4.1.0,2019-07-10,2019-07-10T14:06:44Z,False,True,"[""RFC 8198""]",no aggressive caching on minimal NSEC/NSEC3 ranges,RFC 8198 synthesis from any validated NSEC/NSEC3,ranges covering only the owner name (black lies) are not used for synthesis,
kresd,kresd,9,kresd[9]@5.3.1,5.3.1,nsec3-iterations,,not-recorded,True,v5.3.1,2021-03-31,2021-03-31T15:13:36Z,,,,v5.3.1,2021-03-31,2021-03-31T15:13:36Z,False,True,"[""RFC 5155""]",NSEC3 iteration cap: zones above 150 iterations treated as insecure,no cap; any iteration count validated,"KR_NSEC3_MAX_ITERATIONS 150 (lib/dnssec/nsec3.h@v5.3.1:19); NSEC3 above the cap not cached, zone downgraded to insecure",
kresd,kresd,10,kresd[10]@5.5.0,5.5.0,ds-digest,,not-recorded,True,v5.5.0,2022-03-15,2022-03-15T10:28:50Z,,,,v5.5.0,2022-03-15,2022-03-15T10:28:50Z,False,True,"[""RFC 4509""]",SHA-1 DS digests ignored when a stronger digest is present,every DS digest in the set tried,SHA-1 DS skipped if the DS RRset also has a supported non-SHA-1 digest (lib/dnssec/signature.c),
kresd,kresd,11,kresd[11]@5.6.0,5.6.0,other,,not-recorded,True,v5.6.0,2023-01-26,2023-01-26T17:01:18Z,,,,v5.6.0,2023-01-26,2023-01-26T17:01:18Z,False,True,"[""RFC 8198""]","policy.STUB: no aggressive denial proofs, no +dnssec copied upstream",STUB answers could be synthesised from cached NSEC/NSEC3 and forwarded the client DO flag,STUB skips RFC 8198 synthesis and does not copy +dnssec from client,
kresd,kresd,12,kresd[12]@5.7.1,5.7.1,nsec3-iterations,,not-recorded,True,v5.7.1,2024-02-13,2024-02-13T12:03:08Z,,,,v5.7.1,2024-02-13,2024-02-13T12:03:08Z,False,True,"[""RFC 9276""]","NSEC3 limits tightened (CVE-2023-50868): iterations 150 -> 50, salt priced in, >8 NSEC3 RRs refused",KR_NSEC3_MAX_ITERATIONS 150; no salt-length limit; unlimited NSEC3 RRs per answer,"kr_nsec3_limited(): a local MAX_ITERATIONS = 50 compared against kr_nsec3_price(iterations, salt_len), plus a per-query budget of 128 / kr_nsec3_price(...). (v5.7.0 used the macro KR_NSEC3_MAX_ITERATIONS 150; the macro is absent at v5.7.1.)",
kresd,kresd,13,kresd[13]@5.7.1,5.7.1,validation,,not-recorded,True,v5.7.1,2024-02-13,2024-02-13T12:03:08Z,,,,v5.7.1,2024-02-13,2024-02-13T12:03:08Z,False,True,[],per-request crypto-validation budget (CVE-2023-50387 KeyTrap),unbounded signature/key checks per answer,vld_limit_crypto_remains budget per request; exceeding it fails validation (E2BIG) without retry,
kresd,kresd,14,kresd[14]@5.7.4,5.7.4,trust-anchor-5011,,not-recorded,True,v5.7.4,2024-07-23,2024-07-23T17:39:18Z,,,,v5.7.4,2024-07-23,2024-07-23T17:39:18Z,False,False,[],built-in root trust anchors gain KSK-2024 (key id 38696),etc/root.keys: KSK-2017 (20326) only,etc/root.keys: KSK-2017 + KSK-2024 (38696),
kresd,kresd,15,kresd[15]@6.0.6,6.0.6,nsec3-iterations,,not-recorded,True,v6.0.6,2024-02-13,2024-02-13T13:17:57Z,,,,v6.0.6,2024-02-13,2024-02-13T13:17:57Z,False,True,"[""RFC 9276""]","NSEC3 limits tightened (CVE-2023-50868): iterations 150 -> 50, salt priced in, >8 NSEC3 RRs refused",KR_NSEC3_MAX_ITERATIONS 150; no salt-length limit; unlimited NSEC3 RRs per answer,"kr_nsec3_limited(): a local MAX_ITERATIONS = 50 compared against kr_nsec3_price(iterations, salt_len), plus a per-query budget of 128 / kr_nsec3_price(...). (v5.7.0 used the macro KR_NSEC3_MAX_ITERATIONS 150; the macro is absent at v5.7.1.)",
kresd,kresd,16,kresd[16]@6.0.6,6.0.6,validation,,not-recorded,True,v6.0.6,2024-02-13,2024-02-13T13:17:57Z,,,,v6.0.6,2024-02-13,2024-02-13T13:17:57Z,False,True,[],per-request crypto-validation budget (CVE-2023-50387 KeyTrap),unbounded signature/key checks per answer,vld_limit_crypto_remains budget per request; exceeding it fails validation (E2BIG) without retry,
kresd,kresd,17,kresd[17]@6.0.8,6.0.8,trust-anchor-5011,,not-recorded,True,v6.0.8,2024-07-23,2024-07-23T17:39:45Z,,,,v6.0.8,2024-07-23,2024-07-23T17:39:45Z,False,False,[],built-in root trust anchors gain KSK-2024 (key id 38696),etc/root.keys: KSK-2017 (20326) only,etc/root.keys: KSK-2017 + KSK-2024 (38696),
nsd,nsd,0,nsd[0]@2.0.0,2.0.0,rrsig,,not-recorded,True,NSD_2_0_0_REL,2004-02-12,2004-02-12T13:01:20Z,,,,NSD_2_0_0_REL,2004-02-12,2004-02-12T13:01:20Z,False,True,[],DNSSEC answer composition compiled in (configure default yes; RELNOTES says disabled),no DNSSEC code (1.x),configure.ac@NSD_2_0_0_REL:333-340 defines DNSSEC unless --disable-dnssec; RRSIG/NSEC added to answers when DO is set,
nsd,nsd,1,nsd[1]@2.2.0,2.2.0,rrsig,,not-recorded,True,NSD_2_2_0_REL,2005-01-10,2005-01-10T14:02:33Z,,,,NSD_2_2_0_REL,2005-01-10,2005-01-10T14:02:33Z,True,True,[],DNSSEC compile default flipped to off on trunk,configure.ac@NSD_2_1_2_REL:333-340: DNSSEC defined unless --disable-dnssec,configure.ac@NSD_2_2_0_REL:331-338: DNSSEC defined only with --enable-dnssec,
nsd,nsd,2,nsd[2]@2.3.0,2.3.0,rrsig,,not-recorded,True,NSD_2_3_0_REL,2005-05-02,2005-05-02T11:49:23Z,,,,NSD_2_3_0_REL,2005-05-02,2005-05-02T11:49:23Z,False,True,"[""RFC 4033"", ""RFC 4034"", ""RFC 4035""]",DNSSEC enabled by default (compile-time),configure.ac@NSD_2_2_0_REL:331-338: --enable-dnssec needed,configure.ac@NSD_2_3_1_REL: --disable-dnssec to turn off; DNSSEC (RFC 4033-4035) always compiled in unless disabled,row released (release commit dc1c5047) used; tag NSD_2_3_0_REL is manufactured on a 2005-01-10 commit
nsd,nsd,3,nsd[3]@3.0.0,3.0.0,rrsig,,not-recorded,True,NSD_3_0_0_REL,2006-09-05,2006-09-05T11:13:36Z,,,,NSD_3_0_0_REL,2006-09-05,2006-09-05T11:13:36Z,False,True,"[""RFC 4035""]",CD bit cleared in authoritative responses (RFC 4035 bug #140),CD bit copied from query to response when DNSSEC compiled in,CD bit cleared in all authoritative responses,
nsd,nsd,4,nsd[4]@3.1.0,3.1.0,nsec3,,not-recorded,True,NSD_3_1_0_REL,2008-06-23,2008-06-23T09:28:11Z,,,,NSD_3_1_0_REL,2008-06-23,2008-06-23T09:28:11Z,False,True,"[""RFC 5155""]",NSEC3 compiled in by default,configure.ac@NSD_3_0_8_REL: NSEC3 defined only with --enable-nsec3,configure.ac@NSD_3_1_0_REL:563-570: NSEC3 defined unless --disable-nsec3 (later: unless no SSL),
nsd,nsd,5,nsd[5]@3.2.6,3.2.6,rrsig,,not-recorded,True,NSD_3_2_6_REL,2010-07-20,2010-07-20T13:31:55Z,,,,NSD_3_2_6_REL,2010-07-20,2010-07-20T13:31:55Z,False,True,[],--disable-dnssec removed: DNSSEC serving can no longer be compiled out,configure --disable-dnssec builds a server that ignores DO/RRSIG,DNSSEC answer composition unconditional,
nsd,nsd,6,nsd[6]@3.2.9,3.2.9,rrsig,,not-recorded,True,NSD_3_2_9_REL,2011-11-02,2011-11-02T10:16:08Z,,,,NSD_3_2_9_REL,2011-11-02,2011-11-02T10:16:08Z,False,True,[],"zone treated as DNSSEC-signed when RRSIG(DNSKEY) present, not RRSIG(SOA)",zone->is_secure set when an RRSIG covering SOA is loaded (difffile.c/dbaccess.c/zonec.c),zone->is_secure set when an RRSIG covering DNSKEY is loaded,
opendnssec,opendnssec,0,opendnssec[0]@1.0.0b2,1.0.0b2,rrsig,,not-recorded,True,1.0.0,2010-02-28,2010-02-28T18:08:09Z,,,,1.0.0,2010-02-28,2010-02-28T18:08:09Z,False,False,[],"example policy: signature validity for denial RRs 14 -> 7 days, ZSK lifetime 14 -> 30 days",<Validity><Denial>P14D; ZSK <Lifetime>P14D (conf/kasp.xml.in@1.0.0b1),<Validity><Denial>P7D; ZSK <Lifetime>P30D (conf/kasp.xml.in@1.0.0b2),
opendnssec,opendnssec,1,opendnssec[1]@1.0.0b8,1.0.0b8,rrsig,,not-recorded,True,1.0.0,2010-02-28,2010-02-28T18:08:09Z,,,,1.0.0,2010-02-28,2010-02-28T18:08:09Z,False,False,[],example policy: RRSIG inception offset 5 min -> 1 h,<InceptionOffset>PT300S (conf/kasp.xml.in@1.0.0b7),<InceptionOffset>PT3600S (conf/kasp.xml.in@1.0.0b8:28),
opendnssec,opendnssec,2,opendnssec[2]@1.0.0b8,1.0.0b8,other,,not-recorded,True,1.0.0,2010-02-28,2010-02-28T18:08:09Z,,,,1.0.0,2010-02-28,2010-02-28T18:08:09Z,False,True,[],KSK rollover waits for the operator (ds-seen) before the new key goes active,KSK rollover proceeded automatically once timers expired,"KSK rollover halts with the new key in READY state until ""ods-ksmutil ds-seen"" (renamed ksk-roll in 1.0.0b9, back to ds-seen in 1.1.0) is issued",
opendnssec,opendnssec,3,opendnssec[3]@1.1.0rc1,1.1.0rc1,nsec3,,not-recorded,True,1.1.0,2010-05-26,2010-05-26T17:04:11Z,,,,1.1.0,2010-05-26,2010-05-26T17:04:11Z,False,False,"[""RFC 5155""]",example policy: NSEC3 Opt-Out off,<NSEC3><OptOut/> active (conf/kasp.xml.in@1.0.0:33),<!-- <OptOut/> --> (conf/kasp.xml.in@1.1.0rc1); Opt-Out zones become opt-in,
opendnssec,opendnssec,4,opendnssec[4]@1.1.1,1.1.1,dnskey,,not-recorded,True,1.1.1,2010-07-08,2010-07-08T14:25:01Z,,,,1.1.1,2010-07-08,2010-07-08T14:25:01Z,False,False,[],example policy: no standby keys,<Standby>1 for KSK and ZSK (conf/kasp.xml.in@1.1.0),"<Standby>0 for KSK and ZSK (conf/kasp.xml.in@1.1.1); 1.2.0b1 then drops the element (63d1facd ""make Standby keys optional"")",
opendnssec,opendnssec,5,opendnssec[5]@1.2.0b1,1.2.0b1,alg-rsa-sha2,,not-recorded,True,1.2.0,2011-03-18,2011-03-18T15:21:47Z,,,,1.2.0,2011-03-18,2011-03-18T15:21:47Z,False,False,"[""RFC 5702""]",example policy: default signing algorithm 7 (RSASHA1-NSEC3-SHA1) -> 8 (RSASHA256),"<Algorithm length=""2048"">7 (KSK) and <Algorithm length=""1024"">7 (ZSK) (conf/kasp.xml.in@1.1.3)","<Algorithm length=""2048"">8 (KSK) and <Algorithm length=""1024"">8 (ZSK) (conf/kasp.xml.in@1.2.0b1); unchanged through 2.1.14 (conf/kasp.xml.in@2.1.14:53,60)",
opendnssec,opendnssec,6,opendnssec[6]@1.3.11,1.3.11,nsec3,,not-recorded,True,1.3.11,2012-11-13,2012-11-13T13:03:03Z,,,,1.3.11,2012-11-13,2012-11-13T13:03:03Z,False,True,"[""RFC 5155""]",NSEC3PARAM RR published with TTL 0,NSEC3PARAM TTL taken from the zone default/SOA minimum,"NSEC3PARAM TTL 0 (OPENDNSSEC-330); 1.3.16 makes it configurable via kasp.xml <NSEC3><TTL>, default still PT0S",
opendnssec,opendnssec,7,opendnssec[7]@1.4.0b2,1.4.0b2,nsec3,,not-recorded,True,1.4.0,2013-04-22,2013-04-22T07:40:04Z,,,,1.4.0,2013-04-22,2013-04-22T07:40:04Z,False,True,"[""RFC 5155""]",NSEC3PARAM RR published with TTL 0 (1.4 line),NSEC3PARAM TTL taken from the zone default/SOA minimum,"NSEC3PARAM TTL 0 (OPENDNSSEC-330); 1.4.3 makes it configurable, default still PT0S",
opendnssec,opendnssec,8,opendnssec[8]@1.4.0a2,1.4.0a2,rrsig,,not-recorded,True,1.4.0,2013-04-22,2013-04-22T07:40:04Z,,,,1.4.0,2013-04-22,2013-04-22T07:40:04Z,False,False,[],"example policy: signature validity 7 -> 14 days, ZSK lifetime 30 -> 90 days",<Validity><Default>P7D <Denial>P7D; ZSK <Lifetime>P30D (conf/kasp.xml.in@1.4.0a1),"<Validity><Default>P14D <Denial>P14D; ZSK <Lifetime>P90D (conf/kasp.xml.in@1.4.0a2); unchanged through 2.1.14 (conf/kasp.xml.in@2.1.14:22-23,61)",
opendnssec,opendnssec,9,opendnssec[9]@1.3.17,1.3.17,nsec3,,not-recorded,True,1.3.17,2014-05-06,2014-05-06T10:32:17Z,,,,1.3.17,2014-05-06,2014-05-06T10:32:17Z,False,True,"[""RFC 5155""]",NSEC3 records also emitted for empty non-terminals above unsigned delegations,"no NSEC3 for ENTs whose only descendants are insecure (opt-out) delegations, per RFC 5155 errata 3441","such ENTs get NSEC3 RRs, for resolvers/servers that pre-date errata 3441 (OPENDNSSEC-550)",
opendnssec,opendnssec,10,opendnssec[10]@1.4.4,1.4.4,nsec3,,not-recorded,True,1.4.4,2014-03-25,2014-03-25T06:24:54Z,,,,1.4.4,2014-03-25,2014-03-25T06:24:54Z,False,True,"[""RFC 5155""]",NSEC3 records also emitted for empty non-terminals above unsigned delegations (1.4 line),no NSEC3 for such ENTs (errata 3441 behaviour),NSEC3 RRs emitted for them (OPENDNSSEC-549),
opendnssec,opendnssec,11,opendnssec[11]@2.0.0a3,2.0.0a3,other,,not-recorded,True,2.0.0,2016-07-06,2016-07-06T12:35:57Z,,,,2.0.0,2016-07-06,2016-07-06T12:35:57Z,False,False,[],example policy gains <MaxZoneTTL>,no MaxZoneTTL element (1.4.x template),<Signatures><MaxZoneTTL>PT1D (default policy) / PT300S (lab policy) (conf/kasp.xml.in@2.0.0a3); P1D from 2.0.0a5,
opendnssec,opendnssec,12,opendnssec[12]@2.0.2,2.0.2,other,,not-recorded,True,2.0.2,2016-09-27,2016-09-27T15:08:56Z,,,,2.0.2,2016-09-27,2016-09-27T15:08:56Z,False,True,[],MaxZoneTTL default when the element is absent,0 seconds when <MaxZoneTTL> is absent (enforcer/src/db/policy_ext.c@2.0.1:1178 sets 0; same at 2.0.0),86400 seconds (1 day) when <MaxZoneTTL> is absent (policy_ext.c@2.0.2:1173; still 86400 at 2.1.14:1167),
opendnssec,opendnssec,13,opendnssec[13]@2.1.0,2.1.0,ds-digest,,not-recorded,True,2.1.0,2017-02-22,2017-02-22T09:04:26Z,,,,2.1.0,2017-02-22,2017-02-22T09:04:26Z,False,True,"[""RFC 4509"", ""RFC 4034""]",key export prints SHA-256 DS only (SHA-1 DS no longer printed by default),"""ods-enforcer key export --ds"" printed both SHA-1 (digest 1) and SHA-256 (digest 2) DS records","SHA-256 DS only; --sha1 restores the SHA-1 DS; SHA-1 declared deprecated (64a6d9cc ""Depracation notice of sha1"")",
opendnssec,opendnssec,14,opendnssec[14]@2.1.3,2.1.3,other,,not-recorded,True,2.1.3,2017-08-10,2017-08-10T11:59:19Z,,,,2.1.3,2017-08-10,2017-08-10T11:59:19Z,False,True,[],TTLs above MaxZoneTTL are warned about instead of capped,signer capped RR TTLs to the policy MaxZoneTTL,"signer leaves TTLs as in the input zone and logs a warning (OPENDNSSEC-908 ""Capping to MaxZoneTTL breaks IXFR"")",
pdns-auth,pdns,0,pdns-auth[0]@3.2,3.2,alg-rsa-sha2,default-changed,default-changed,True,auth-3.2,2013-01-17,2013-01-17T09:15:14Z,,,,auth-3.2,2013-01-17,2013-01-17T09:15:14Z,False,False,"[""RFC 5702""]",pdnssec add-zone-key default algorithm RSASHA1 (5) -> RSASHA256 (8),pdnssec add-zone-key with no algorithm: int algorithm=5 (RSASHA1); secure-zone already used RSASHA256,int algorithm=8 (RSASHA256) in pdns/pdnssec.cc,row released 2012-11-12 is the first pre-release (auth-3.2-rc1); stable_tag date used
pdns-auth,pdns,1,pdns-auth[1]@3.3,3.3,nsec3,default-changed,default-changed,True,auth-3.3,2013-07-05,2013-07-05T05:33:14Z,,,,auth-3.3,2013-07-05,2013-07-05T05:33:14Z,True,False,"[""RFC 5155""]","pdnssec set-nsec3 default parameters ""1 1 1 ab"" (opt-out) -> ""1 0 1 ab"" (no opt-out)","pdnssec set-nsec3 ZONE with no params: ""1 1 1 ab"" (opt-out flag set)","""1 0 1 ab"" (flags 0, iterations 1, salt ab) after ""Add normal NSEC3 (non opt-out) support""; the old error message insisting on opt-out is removed in the same commit",row released 2013-05-27 is the first pre-release (auth-3.3-rc1); stable_tag date used
pdns-auth,pdns,2,pdns-auth[2]@3.3.2,3.3.2,nsec3,default-changed,default-changed,True,auth-3.3.2,2015-05-01,2015-05-01T07:05:37Z,,,,auth-3.3.2,2015-05-01,2015-05-01T07:05:37Z,False,True,"[""RFC 5155""]",add-superfluous-nsec3-for-old-bind default yes -> no,add-superfluous-nsec3-for-old-bind=yes (extra NSEC3 in positive wildcard responses for old BIND validators),"=no in pdns/common_startup.cc and pdns.conf-dist (3.3.x branch). On master the option was already removed by b50efd613 (2014-07-10), which is in auth-3.4.0-rc1; no 3.4.x code has the option.",row released 2015-05-01 is the first pre-release (auth-3.3.2); stable_tag date used
pdns-auth,pdns,3,pdns-auth[3]@3.4.0,3.4.0,nsec3-iterations,limit-changed,limit-changed,True,auth-3.4.0,2014-09-30,2014-09-30T07:27:46Z,,,,auth-3.4.0,2014-09-30,2014-09-30T07:27:46Z,False,True,"[""RFC 5155""]","max-nsec3-iterations introduced, default 500 (RFC 5155 10.3)",no limit on NSEC3 iterations; any NSEC3PARAM accepted,max-nsec3-iterations=500: set-nsec3 above the cap throws; existing zones above the cap are silently clamped to 500 when read (pdns/dbdnsseckeeper.cc),row released 2014-08-01 is the first pre-release (auth-3.4.0-rc1); stable_tag date used
pdns-auth,pdns,4,pdns-auth[4]@3.4.7,3.4.7,nsec3-iterations,limit-changed,limit-changed,True,auth-3.4.7,2015-11-03,2015-11-03T13:25:45Z,,,,auth-3.4.7,2015-11-03,2015-11-03T13:25:45Z,False,True,"[""RFC 5155""]",max-nsec3-iterations also enforced in the bind backend,bind backend (binddnssec.cc) returned stored NSEC3PARAM iterations unclamped,iterations above max-nsec3-iterations are clamped to the cap when read,row released 2015-11-03 is the first pre-release (auth-3.4.7); stable_tag date used
pdns-auth,pdns,5,pdns-auth[5]@4.0.0,4.0.0,alg-ecdsa,default-changed,default-changed,True,auth-4.0.0,2016-07-08,2016-07-08T09:59:41Z,,,,auth-4.0.0,2016-07-08,2016-07-08T09:59:41Z,False,False,"[""RFC 6605"", ""RFC 8624""]","default-ksk-algorithms rsasha256 -> """" (no separate KSK; combined signing key)",default-ksk-algorithms=rsasha256 (2048-bit) + default-zsk-algorithms=rsasha256 (1024-bit),"default-ksk-algorithms="""" ; default-zsk-algorithms still rsasha256 (intermediate step; pre-release only)",row released 2015-12-24 is the first pre-release (auth-4.0.0-alpha1); stable_tag date used
pdns-auth,pdns,6,pdns-auth[6]@4.0.0,4.0.0,alg-ecdsa,default-changed,default-changed,True,auth-4.0.0,2016-07-08,2016-07-08T09:59:41Z,,,,auth-4.0.0,2016-07-08,2016-07-08T09:59:41Z,False,False,"[""RFC 6605"", ""RFC 8624""]",default-zsk-algorithms rsasha256 -> ecdsa256,default-zsk-algorithms=rsasha256,"default-zsk-algorithms=ecdsa256 (common_startup.cc, pdnsutil.cc, pdns.conf-dist); intermediate state",row released 2015-12-24 is the first pre-release (auth-4.0.0-alpha1); stable_tag date used
pdns-auth,pdns,7,pdns-auth[7]@4.0.0,4.0.0,alg-ecdsa,default-changed,default-changed,True,auth-4.0.0,2016-07-08,2016-07-08T09:59:41Z,,,,auth-4.0.0,2016-07-08,2016-07-08T09:59:41Z,False,False,"[""RFC 6605"", ""RFC 8624""]",pdnsutil add-zone-key / generate-zone-key default algorithm RSASHA256 (8) -> ECDSAP256SHA256 (13),int algorithm=8 (RSASHA256) in pdns/pdnssec.cc at auth-3.4.11 (two sites),int algorithm=13; // ecdsa256 in pdns/pdnsutil.cc at auth-4.0.0 (lines 2227 and 2692),row released 2016-05-11 is the first pre-release (auth-4.0.0-alpha3); stable_tag date used
pdns-auth,pdns,8,pdns-auth[8]@4.0.0,4.0.0,alg-ecdsa,default-changed,default-changed,True,auth-4.0.0,2016-07-08,2016-07-08T09:59:41Z,,,,auth-4.0.0,2016-07-08,2016-07-08T09:59:41Z,False,False,"[""RFC 6605"", ""RFC 8624""]",NET EFFECT in 4.0.0: pdnsutil secure-zone default = one ECDSAP256SHA256 (13) key instead of RSA-2048 KSK + RSA-1024 ZSK,"(3.4.11) default-ksk-algorithms=rsasha256, default-zsk-algorithms=rsasha256; addKey fell back to 2048-bit KSK / 1024-bit ZSK","default-ksk-algorithms=ecdsa256, default-zsk-algorithms="""" (empty ZSK list => the KSK is a CSK); this commit moved the ecdsa256 default from the ZSK to the KSK setting; verified value at auth-4.0.0 common_startup.cc:179-182 and pdnsutil.cc:80-83",row released 2016-05-11 is the first pre-release (auth-4.0.0-alpha3); stable_tag date used
pdns-auth,pdns,9,pdns-auth[9]@4.0.0,4.0.0,dnskey,default-changed,default-changed,True,auth-4.0.0,2016-07-08,2016-07-08T09:59:41Z,,,,auth-4.0.0,2016-07-08,2016-07-08T09:59:41Z,False,False,[],DNSSECKeeper::addKey no longer guesses RSA key size (was 2048 KSK / 1024 ZSK when bits=0),"addKey(bits=0, algorithm<=10) => 2048 bits if key-signing key else 1024 (pdns/dbdnsseckeeper.cc, auth-3.4.11)","addKey(bits=0, algorithm<=10) throws ""requires the size (in bits) to be passed""; ECDSA/EdDSA sizes still inferred (256/384). With default algorithm now ecdsa256 a no-config user is unaffected; a user who sets default-ksk-algorithm=rsasha256 must also set default-ksk-size",row released 2016-02-25 is the first pre-release (auth-4.0.0-alpha2); stable_tag date used
pdns-auth,pdns,10,pdns-auth[10]@4.5.0,4.5.0,nsec3-iterations,limit-changed,limit-changed,True,auth-4.5.0,2021-07-12,2021-07-12T11:47:54Z,,,,auth-4.5.0,2021-07-12,2021-07-12T11:47:54Z,False,True,"[""RFC 5155"", ""RFC 9276""]",max-nsec3-iterations default 500 -> 100,max-nsec3-iterations=500,"max-nsec3-iterations=100 (pdns/common_startup.cc); the clamp is skipped for presigned zones. NOTE pdnsutil.cc still declares its own default ""500"" at auth-4.5.0 (pdnsutil.cc:106), so the CLI tool keeps 500 unless the config file says otherwise",row released 2021-05-25 is the first pre-release (auth-4.5.0-alpha1); stable_tag date used
pdns-auth,pdns,11,pdns-auth[11]@4.6.0,4.6.0,nsec3,default-changed,default-changed,True,auth-4.6.0,2022-01-24,2022-01-24T10:59:59Z,,,,auth-4.6.0,2022-01-24,2022-01-24T10:59:59Z,True,False,"[""RFC 5155"", ""RFC 9276""]","pdnsutil set-nsec3 default parameters ""1 0 1 ab"" -> ""1 0 0 -""","""1 0 1 ab"" (iterations 1, salt ab)","""1 0 0 -"" (iterations 0, empty salt) in pdns/pdnsutil.cc, following draft-ietf-dnsop-nsec3-guidance (RFC 9276)",row released 2021-12-07 is the first pre-release (auth-4.6.0-beta1); stable_tag date used
pdns-rec,pdns,0,dnssec-setting-introduced,4.0.0,validation,support-added,support-added,False,rec-4.0.0,2016-07-08,2016-07-08T09:59:41Z,,,,rec-4.0.0,2016-07-08,2016-07-08T09:59:41Z,False,True,"[""RFC 4033"", ""RFC 4034"", ""RFC 4035""]","dnssec setting introduced (default ""process"" in the 4.0.0 alphas only)",rec-3.x: no DNSSEC handling in the Recursor,dnssec setting with modes off / process-no-validate / process / log-fail / validate. The alphas defaulted to process; stable rec-4.0.0 ships process-no-validate (row dnssec-default-process-no-validate).,
pdns-rec,pdns,1,dnssec-default-process-no-validate,4.0.0,validation,default-changed,default-changed,True,rec-4.0.0,2016-07-08,2016-07-08T09:59:41Z,,,,rec-4.0.0,2016-07-08,2016-07-08T09:59:41Z,False,True,"[""RFC 4033""]",dnssec default changed process -> process-no-validate (introduced with the new mode),dnssec=process (rec-4.0.0-alpha1..alpha3),"dnssec=process-no-validate: security-aware but non-validating, RRSIG/NSEC passed through, never validates",
pdns-rec,pdns,2,dnssec-default-process,4.5.0,validation,default-changed,default-changed,True,rec-4.5.0,2021-05-07,2021-05-07T07:48:00Z,rec-4.5.1,2021-05-10,2021-05-10T13:02:16Z,rec-4.5.1,2021-05-10,2021-05-10T13:02:16Z,False,True,"[""RFC 4033""]",dnssec default changed process-no-validate -> process (first release whose default validates on client request),dnssec=process-no-validate (never validates),dnssec=process: validate when the client sets AD or DO (dig sets AD); SERVFAIL on bogus; NOT validate for all queries,
pdns-rec,pdns,3,trust-anchor-ta-nta-management,4.0.0,trust-anchor,support-added,support-added,False,rec-4.0.0,2016-07-08,2016-07-08T09:59:41Z,,,,rec-4.0.0,2016-07-08,2016-07-08T09:59:41Z,True,False,"[""RFC 7646""]","Positive and negative trust anchor management (configured TAs, runtime add-ta/add-nta)",only the built-in root DS was usable,"trust anchors and negative trust anchors configurable via Lua config and rec_control (runtime, volatile); not RFC 5011",
pdns-rec,pdns,4,ed25519-validation,4.0.5,alg-eddsa,support-added,support-added,False,rec-4.0.5,2017-06-13,2017-06-13T09:50:50Z,,,,rec-4.0.5,2017-06-13,2017-06-13T09:50:50Z,False,True,"[""RFC 8080""]",Ed25519 (algorithm 15) signature validation hooked into the Recursor,algorithm 15 unsupported (Insecure),"algorithm 15 validated when built with libsodium (sodiumsigners.cc); algorithm 16 (Ed448) only via optional libdecaf build, not default",
pdns-rec,pdns,5,root-ds-2017-added,4.0.5,trust-anchor,default-changed,default-changed,True,rec-4.0.5,2017-06-13,2017-06-13T09:50:50Z,,,,rec-4.0.5,2017-06-13,2017-06-13T09:50:50Z,False,True,[],Built-in root trust anchor gains the 2017 KSK (key tag 20326),rootDSs = {19036},"rootDSs = {19036, 20326}",
pdns-rec,pdns,6,nsec3-max-iterations-2500,4.1.0,nsec3-iterations,limit-changed,limit-changed,True,rec-4.1.0,2017-12-04,2017-12-04T11:34:00Z,,,,rec-4.1.0,2017-12-04,2017-12-04T11:34:00Z,False,True,"[""RFC 5155""]","nsec3-max-iterations introduced, default 2500",no NSEC3 iteration cap,nsec3-max-iterations=2500: NSEC3 records above the cap are treated as Insecure,
pdns-rec,pdns,7,signature-inception-skew,4.2.0,rrsig,limit-changed,limit-changed,True,rec-4.2.0,2019-07-12,2019-07-12T14:50:31Z,,,,rec-4.2.0,2019-07-12,2019-07-12T14:50:31Z,False,True,"[""RFC 4035""]","signature-inception-skew setting: 0 in 4.1.5 backport, 60 seconds default in 4.2.0",RRSIG inception in the future rejected without tolerance,inception tolerated up to 60 s (4.2.0+); 4.1.5+ default 0 s (no tolerance),
pdns-rec,pdns,8,root-ds-19036-removed,4.2.0,trust-anchor,default-changed,default-changed,True,rec-4.2.0,2019-07-12,2019-07-12T14:50:31Z,,,,rec-4.2.0,2019-07-12,2019-07-12T14:50:31Z,False,True,[],Built-in root trust anchor drops the 2010 KSK (key tag 19036),"rootDSs = {19036, 20326}",rootDSs = {20326},
pdns-rec,pdns,9,aggressive-nsec-cache,4.5.0,validation,support-added,support-added,True,rec-4.5.0,2021-05-07,2021-05-07T07:48:00Z,rec-4.5.1,2021-05-10,2021-05-10T13:02:16Z,rec-4.5.1,2021-05-10,2021-05-10T13:02:16Z,False,True,"[""RFC 8198""]",Aggressive use of DNSSEC-validated cache (RFC 8198) on by default: aggressive-nsec-cache-size=100000,no aggressive NSEC/NSEC3 synthesis,aggressive-nsec-cache-size=100000 (0 disables); used when dnssec is process/log-fail/validate,
pdns-rec,pdns,10,nsec3-max-iterations-150,4.5.2,nsec3-iterations,limit-changed,limit-changed,True,rec-4.5.2,2021-06-07,2021-06-07T11:54:06Z,,,,rec-4.5.2,2021-06-07,2021-06-07T11:54:06Z,False,True,"[""RFC 5155""]",nsec3-max-iterations default lowered 2500 -> 150,nsec3-max-iterations=2500,nsec3-max-iterations=150,
pdns-rec,pdns,11,dnssec-disabled-algorithms-auto,4.9.0,alg-rsa-sha2,default-changed,default-changed,True,rec-4.9.0,2023-06-29,2023-06-29T13:37:46Z,,,,rec-4.9.0,2023-06-29,2023-06-29T13:37:46Z,False,True,"[""RFC 8624""]",Algorithms 5 (RSASHA1) and 7 (RSASHA1-NSEC3-SHA1) switched off automatically when the crypto library refuses SHA-1 signatures; dnssec-disabled-algorithms setting added,all implemented algorithms attempted; SHA-1 failures on strict crypto policies (e.g. RHEL9) became Bogus/failed,"dnssec-disabled-algorithms="""" means auto-detect: algorithms 5 and 7 tested with DNSCryptoKeyEngine::verifyOne at startup and switched off when the test fails (treated as unsupported => Insecure); can be set explicitly",
pdns-rec,pdns,12,nsec3-max-iterations-50,5.0.0,nsec3-iterations,limit-changed,limit-changed,True,rec-5.0.0,2023-12-18,2023-12-18T11:02:06Z,rec-5.0.1,2024-01-09,2024-01-09T10:53:43Z,rec-5.0.1,2024-01-09,2024-01-09T10:53:43Z,False,True,"[""RFC 5155"", ""RFC 9276""]",nsec3-max-iterations default lowered 150 -> 50,nsec3-max-iterations=150,nsec3-max-iterations=50,
pdns-rec,pdns,13,keytrap-max-rrsigs-per-record,5.0.2,validation,limit-changed,limit-changed,True,rec-5.0.2,2024-02-06,2024-02-06T08:36:36Z,,,,rec-5.0.2,2024-02-06,2024-02-06T08:36:36Z,False,True,"[""RFC 4035"", ""RFC 5155"", ""RFC 6840""]","KeyTrap (CVE-2023-50387/50868) validation limit max-rrsigs-per-record introduced, default 2",no limit on this quantity,max-rrsigs-per-record=2,
pdns-rec,pdns,14,keytrap-max-nsec3s-per-record,5.0.2,validation,limit-changed,limit-changed,True,rec-5.0.2,2024-02-06,2024-02-06T08:36:36Z,,,,rec-5.0.2,2024-02-06,2024-02-06T08:36:36Z,False,True,"[""RFC 4035"", ""RFC 5155"", ""RFC 6840""]","KeyTrap (CVE-2023-50387/50868) validation limit max-nsec3s-per-record introduced, default 10",no limit on this quantity,max-nsec3s-per-record=10,
pdns-rec,pdns,15,keytrap-max-signature-validations-per-query,5.0.2,validation,limit-changed,limit-changed,True,rec-5.0.2,2024-02-06,2024-02-06T08:36:36Z,,,,rec-5.0.2,2024-02-06,2024-02-06T08:36:36Z,False,True,"[""RFC 4035"", ""RFC 5155"", ""RFC 6840""]","KeyTrap (CVE-2023-50387/50868) validation limit max-signature-validations-per-query introduced, default 30",no limit on this quantity,max-signature-validations-per-query=30,
pdns-rec,pdns,16,keytrap-max-nsec3-hash-computations-per-query,5.0.2,validation,limit-changed,limit-changed,True,rec-5.0.2,2024-02-06,2024-02-06T08:36:36Z,,,,rec-5.0.2,2024-02-06,2024-02-06T08:36:36Z,False,True,"[""RFC 4035"", ""RFC 5155"", ""RFC 6840""]","KeyTrap (CVE-2023-50387/50868) validation limit max-nsec3-hash-computations-per-query introduced, default 600",no limit on this quantity,max-nsec3-hash-computations-per-query=600,
pdns-rec,pdns,17,keytrap-aggressive-cache-max-nsec3-hash-cost,5.0.2,validation,limit-changed,limit-changed,True,rec-5.0.2,2024-02-06,2024-02-06T08:36:36Z,,,,rec-5.0.2,2024-02-06,2024-02-06T08:36:36Z,False,True,"[""RFC 4035"", ""RFC 5155"", ""RFC 6840""]","KeyTrap (CVE-2023-50387/50868) validation limit aggressive-cache-max-nsec3-hash-cost introduced, default 150",no limit on this quantity,aggressive-cache-max-nsec3-hash-cost=150,
pdns-rec,pdns,18,keytrap-max-ds-per-zone,5.0.2,validation,limit-changed,limit-changed,True,rec-5.0.2,2024-02-06,2024-02-06T08:36:36Z,,,,rec-5.0.2,2024-02-06,2024-02-06T08:36:36Z,False,True,"[""RFC 4035"", ""RFC 5155"", ""RFC 6840""]","KeyTrap (CVE-2023-50387/50868) validation limit max-ds-per-zone introduced, default 8",no limit on this quantity,max-ds-per-zone=8,
pdns-rec,pdns,19,keytrap-max-dnskeys,5.0.2,validation,limit-changed,limit-changed,True,rec-5.0.2,2024-02-06,2024-02-06T08:36:36Z,,,,rec-5.0.2,2024-02-06,2024-02-06T08:36:36Z,False,True,"[""RFC 4035"", ""RFC 5155"", ""RFC 6840""]","KeyTrap (CVE-2023-50387/50868) validation limit max-dnskeys introduced, default 2",no limit on this quantity,max-dnskeys=2,
pdns-rec,pdns,20,root-ds-38696,5.2.0,trust-anchor,default-changed,default-changed,True,rec-5.2.0,2025-01-10,2025-01-10T09:04:52Z,,,,rec-5.2.0,2025-01-10,2025-01-10T09:04:52Z,False,True,[],Built-in root trust anchor gains the new KSK (key tag 38696),rootDSs = {20326},"rootDSs = {20326, 38696}",
pdns-rec,pdns,21,revoked-dnskey-rejected,4.4.0,dnskey,support-added,support-added,False,rec-4.4.0,2020-10-13,2020-10-13T10:17:29Z,,,,rec-4.4.0,2020-10-13,2020-10-13T10:17:29Z,False,True,"[""RFC 4034"", ""RFC 5011""]","DNSKEYs without the Zone flag, and DNSKEYs with the REVOKE bit set, are no longer used to validate",any DNSKEY with protocol 3 and matching tag/algorithm was a candidate validation key,"getByTag() skips keys where (flags & 256)==0 (RFC 4034 s2.1.1) and, in the same commit, keys with the revoked flag (flags & 128, RFC 5011 s3)",
unbound,unbound,0,unbound[0]@0.5,0.5,validation,,not-recorded,True,release-0.5,2007-09-25,2007-09-25T12:29:24Z,,,,release-0.5,2007-09-25,2007-09-25T12:29:24Z,False,True,"[""RFC 4033"", ""RFC 4034"", ""RFC 4035""]","validation on by default (module-config ""validator iterator"")","module-config default ""iterator"": validator not loaded","module-config default ""validator iterator"" (util/config_file.c); validation is performed once a trust anchor is configured (none is built in)",
unbound,unbound,1,unbound[1]@0.5,0.5,nsec3-iterations,,not-recorded,True,release-0.5,2007-09-25,2007-09-25T12:29:24Z,,,,release-0.5,2007-09-25,2007-09-25T12:29:24Z,False,True,"[""RFC 5155""]",NSEC3 iteration cap introduced with NSEC3 support,no NSEC3 support,"val-nsec3-keysize-iterations default ""1024 150 2048 500 4096 2500""; higher iteration counts make the zone insecure",
unbound,unbound,2,unbound[2]@0.6,0.6,validation,,not-recorded,True,release-0.6,2007-11-14,2007-11-14T09:51:22Z,,,,release-0.6,2007-11-14,2007-11-14T09:51:22Z,False,True,[],harden-dnssec-stripped on by default,no check that DNSSEC data is present for zones under a trust anchor,cfg->harden_dnssec_stripped = 1: answers under a trust anchor that lack DNSSEC data are bogus,
unbound,unbound,3,unbound[3]@1.1.0,1.1.0,validation,,not-recorded,True,release-1.1.0,2008-11-14,2008-11-14T06:28:14Z,,,,release-1.1.0,2008-11-14,2008-11-14T06:28:14Z,False,True,[],bogus-ttl default 900 -> 60 seconds,bogus results cached 900 s,bogus results cached 60 s,
unbound,unbound,4,unbound[4]@1.3.0,1.3.0,alg-rsa-sha2,,not-recorded,True,release-1.3.0,2009-06-03,2009-06-03T08:06:56Z,,,,release-1.3.0,2009-06-03,2009-06-03T08:06:56Z,False,True,"[""RFC 5702""]",RSASHA256/RSASHA512 disabled by default (--enable-sha2 needed),"RSASHA256/512 validated (draft numbers, since 1.1.0)",algorithms 8/10 compiled out unless --enable-sha2 (configure.ac),
unbound,unbound,5,unbound[5]@1.4.0,1.4.0,alg-rsa-sha2,,not-recorded,True,release-1.4.0,2009-11-23,2009-11-23T12:12:59Z,,,,release-1.4.0,2009-11-23,2009-11-23T12:12:59Z,False,True,"[""RFC 5702""]",RSASHA256/RSASHA512 (RFC 5702) enabled by default,off unless --enable-sha2 (1.3.0),on by default; --disable-sha2 to turn off,
unbound,unbound,6,unbound[6]@1.4.6,1.4.6,dnskey,,not-recorded,True,release-1.4.6,2010-07-22,2010-07-22T11:50:28Z,,,,release-1.4.6,2010-07-22,2010-07-22T11:50:28Z,False,True,"[""RFC 4035""]",DNSKEY RRset must be signed by every algorithm listed in the parent DS set (RFC 4035 2.2),a DNSKEY set validated if any DS algorithm verified it,the apex DNSKEY set must be signed with all algorithms present in the DS RRset; otherwise bogus,
unbound,unbound,7,unbound[7]@1.4.7,1.4.7,alg-gost,,not-recorded,True,release-1.4.7,2010-11-05,2010-11-05T15:45:53Z,,,,release-1.4.7,2010-11-05,2010-11-05T15:45:53Z,False,True,"[""RFC 5933""]",GOST (RFC 5933) enabled by default,"off unless --enable-gost (1.4.0; 1.4.5 ""GOST disabled-by-default"")",on by default when OpenSSL provides GOST; --disable-gost to turn off,
unbound,unbound,8,unbound[8]@1.4.8,1.4.8,validation,,not-recorded,True,release-1.4.8,2011-01-19,2011-01-19T16:38:01Z,,,,release-1.4.8,2011-01-19,2011-01-19T16:38:01Z,False,True,"[""RFC 4035""]",algorithm-downgrade protection from DS-signalled algorithms,"one verifying algorithm sufficed for a chain of trust step (1.4.7 ""if one key matches it's good enough"")","data must be signed with every algorithm signalled in the DS set (also for trust anchors, DLV and 5011); no knob until harden-algo-downgrade (1.5.4)",
unbound,unbound,9,unbound[9]@1.4.17,1.4.17,alg-ecdsa,,not-recorded,True,release-1.4.17,2012-05-18,2012-05-18T15:04:08Z,,,,release-1.4.17,2012-05-18,2012-05-18T15:04:08Z,False,True,"[""RFC 6605""]",ECDSA (RFC 6605) enabled by default,ECDSA P-256/P-384 (algorithms 13/14) not supported (experimental --enable-ecdsa in the same release cycle),on by default; --disable-ecdsa for older OpenSSL,
unbound,unbound,10,unbound[10]@1.4.19,1.4.19,other,,not-recorded,True,release-1.4.19,2012-12-06,2012-12-06T10:07:51Z,,,,release-1.4.19,2012-12-06,2012-12-06T10:07:51Z,False,True,"[""RFC 6725""]",RSAMD5 (algorithm 1) disabled,RSAMD5 signatures validated,RSAMD5 treated as unsupported (zone insecure); contrib/patch_rsamd5_enable.diff re-enables,
unbound,unbound,11,unbound[11]@1.5.5,1.5.5,validation,,not-recorded,True,release-1.5.5,2015-10-01,2015-10-01T11:58:55Z,,,,release-1.5.5,2015-10-01,2015-10-01T11:58:55Z,False,True,[],harden-algo-downgrade default yes -> no,cfg->harden_algo_downgrade = 1 (option added 1.5.4 for the behaviour introduced in 1.4.8),cfg->harden_algo_downgrade = 0: one verifying algorithm suffices again,
unbound,unbound,12,unbound[12]@1.6.1,1.6.1,trust-anchor-5011,,not-recorded,True,release-1.6.1,2017-02-14,2017-02-14T13:44:42Z,,,,release-1.6.1,2017-02-14,2017-02-14T13:44:42Z,False,False,"[""RFC 5011""]",unbound-anchor built-in root keys gain KSK-2017 (key id 20326),built-in root anchor: KSK-2010 (19036) only,built-in root anchors: KSK-2010 + KSK-2017 (smallapp/unbound-anchor.c),
unbound,unbound,13,unbound[13]@1.6.2,1.6.2,ds-digest,,not-recorded,True,release-1.6.2,2017-04-13,2017-04-13T07:38:42Z,,,,release-1.6.2,2017-04-13,2017-04-13T07:38:42Z,False,True,"[""RFC 4509""]",DS digest algorithm downgrade tolerated when harden-algo-downgrade is no (the default),"DS digest-type downgrade always refused (1.1.0: ""no longer possible to downgrade to SHA1"")",with harden-algo-downgrade: no (default since 1.5.5) any supported DS digest suffices,
unbound,unbound,14,unbound[14]@1.6.7,1.6.7,trust-anchor-5011,,not-recorded,True,release-1.6.7,2017-10-10,2017-10-10T07:10:35Z,,,,release-1.6.7,2017-10-10,2017-10-10T07:10:35Z,False,True,"[""RFC 8145""]",trust-anchor-signaling (RFC 8145) on by default,cfg->trust_anchor_signaling = 0 (option added 1.6.4),cfg->trust_anchor_signaling = 1: _ta-<keytag> queries sent to the root,
unbound,unbound,15,unbound[15]@1.7.1,1.7.1,trust-anchor-5011,,not-recorded,True,release-1.7.1,2018-04-26,2018-04-26T07:20:55Z,,,,release-1.7.1,2018-04-26,2018-04-26T07:20:55Z,False,True,"[""RFC 8509""]",root-key-sentinel on by default,no KSK sentinel processing,cfg->root_key_sentinel = 1 (root-key-sentinel: yes),
unbound,unbound,16,unbound[16]@1.8.0,1.8.0,validation,,not-recorded,True,release-1.8.0,2018-09-04,2018-09-04T07:15:30Z,,,,release-1.8.0,2018-09-04,2018-09-04T07:15:30Z,False,True,"[""RFC 8020""]",harden-below-nxdomain on by default,cfg->harden_below_nxdomain = 0 (option added 1.4.8),cfg->harden_below_nxdomain = 1: names under a DNSSEC-secure cached NXDOMAIN are answered NXDOMAIN,
unbound,unbound,17,unbound[17]@1.10.0,1.10.0,other,,not-recorded,True,release-1.10.0,2020-02-20,2020-02-20T12:24:14Z,,,,release-1.10.0,2020-02-20,2020-02-20T12:24:14Z,False,True,"[""RFC 8624""]","DSA (algorithms 3, 6) validation disabled by default",DSA validated when the crypto library supports it (--disable-dsa since 1.5.9),configure defaults to DSA off (RFC 8624 section 3.1); DSA-signed zones treated as insecure unless --enable-dsa,
unbound,unbound,18,unbound[18]@1.11.0,1.11.0,trust-anchor-5011,,not-recorded,True,release-1.11.0,2020-07-20,2020-07-20T11:02:09Z,,,,release-1.11.0,2020-07-20,2020-07-20T11:02:09Z,False,False,"[""RFC 5011""]",unbound-anchor built-in root keys drop KSK-2010 (19036),built-in root anchors: KSK-2010 + KSK-2017,built-in root anchors: KSK-2017 only,
unbound,unbound,19,unbound[19]@1.13.2,1.13.2,nsec3-iterations,,not-recorded,True,release-1.13.2,2021-08-05,2021-08-05T15:10:56Z,,,,release-1.13.2,2021-08-05,2021-08-05T15:10:56Z,False,True,"[""RFC 5155"", ""RFC 9276""]",NSEC3 iteration cap lowered to 150 for all key sizes,"val-nsec3-keysize-iterations ""1024 150 2048 500 4096 2500"" (since 0.5)","val-nsec3-keysize-iterations ""1024 150 2048 150 4096 150"" (util/config_file.c, doc/unbound.conf.5.in)",
unbound,unbound,20,unbound[20]@1.15.0,1.15.0,validation,,not-recorded,True,release-1.15.0,2022-02-03,2022-02-03T08:03:09Z,,,,release-1.15.0,2022-02-03,2022-02-03T08:03:09Z,False,True,"[""RFC 8198""]",aggressive-nsec (RFC 8198) on by default,cfg->aggressive_nsec = 0 (feature added 1.7.0),cfg->aggressive_nsec = 1: NXDOMAIN/NODATA/wildcard answers synthesised from cached NSEC/NSEC3,
unbound,unbound,21,unbound[21]@1.16.1,1.16.1,validation,,not-recorded,True,release-1.16.1,2022-07-04,2022-07-04T11:48:56Z,,,,release-1.16.1,2022-07-04,2022-07-04T11:48:56Z,False,True,"[""RFC 8624""]","SHA-1 refused by the crypto library at runtime makes RSASHA1 zones insecure, not bogus",an RSASHA1/RSASHA1-NSEC3-SHA1 signature the library cannot verify fails validation (bogus),"when EVP refuses SHA-1 (FIPS, crypto-policies) the algorithm is treated as unsupported, so such zones validate as insecure (validator/val_secalgo.c)",
unbound,unbound,22,unbound[22]@1.19.1,1.19.1,validation,,not-recorded,True,release-1.19.1,2024-02-13,2024-02-13T12:04:07Z,,,,release-1.19.1,2024-02-13,2024-02-13T12:04:07Z,False,True,"[""RFC 4035"", ""RFC 6840""]",KeyTrap (CVE-2023-50387) validation work limits,unbounded RRSIG/DNSKEY combinations tried per RRset,"MAX_VALIDATE_RRSIGS 8, MAX_DS_MATCH_FAILURES 4, MAX_VALIDATE_AT_ONCE 8, MAX_VALIDATION_SUSPENDS 16 (validator/val_sigcrypt.h, validator/validator.h); exceeding them fails validation",
unbound,unbound,23,unbound[23]@1.19.1,1.19.1,nsec3-iterations,,not-recorded,True,release-1.19.1,2024-02-13,2024-02-13T12:04:07Z,,,,release-1.19.1,2024-02-13,2024-02-13T12:04:07Z,False,True,"[""RFC 5155""]",NSEC3 hash-calculation cap (CVE-2023-50868),NSEC3 closest-encloser proofs hashed every label without a bound,"MAX_NSEC3_CALCULATIONS 8 per message, MAX_NSEC3_ERRORS -1 (validator/val_nsec3.h)",
unbound,unbound,24,unbound[24]@1.21.0,1.21.0,trust-anchor-5011,,not-recorded,True,release-1.21.0,2024-08-09,2024-08-09T12:04:25Z,,,,release-1.21.0,2024-08-09,2024-08-09T12:04:25Z,False,False,"[""RFC 5011""]",unbound-anchor built-in root keys gain KSK-2024 (key id 38696),built-in root anchors: KSK-2017 (20326) only,built-in root anchors: KSK-2017 + KSK-2024 (smallapp/unbound-anchor.c),
unbound,unbound,25,unbound[25]@1.22.0,1.22.0,validation,,not-recorded,True,release-1.22.0,2024-10-16,2024-10-16T09:52:49Z,,,,release-1.22.0,2024-10-16,2024-10-16T09:52:49Z,False,True,"[""RFC 9077"", ""RFC 8198""]",NSEC/NSEC3 TTL capped for aggressive use (RFC 9077),cached NSEC/NSEC3 used for synthesis for their full TTL,NSEC/NSEC3 TTL limited to the SOA minimum for aggressive-nsec synthesis,
unbound,unbound,26,unbound[26]@1.23.0,1.23.0,validation,,not-recorded,True,release-1.23.0,2025-04-11,2025-04-11T13:10:46Z,,,,release-1.23.0,2025-04-11,2025-04-11T13:10:46Z,False,True,[],"module-config default ""validator iterator"" regardless of build options",--enable-subnet (and similar) builds defaulted to a module-config that inserted the extra module,"default module-config is always ""validator iterator""; extra modules must be configured explicitly",
unbound,unbound,27,unbound[27]@1.25.0,1.25.0,rrsig,,not-recorded,True,release-1.25.0,2026-04-23,2026-04-23T07:37:30Z,,,,release-1.25.0,2026-04-23,2026-04-23T07:37:30Z,False,True,[],RRSIG count in the scrubber capped (iter-scrub-rrsig: 8),any number of RRSIGs per RRset accepted from upstream,cfg->iter_scrub_rrsig = 8: extra RRSIGs dropped by the scrubber,
unbound,unbound,28,unbound[28]@1.26.0,1.26.0,validation,,not-recorded,True,release-1.26.0,2026-07-24,2026-07-24T15:04:38Z,,,,release-1.26.0,2026-07-24,2026-07-24T15:04:38Z,False,True,[],validator caps the number of ANY RRsets it validates,every RRset in a qtype ANY answer validated,number of validated ANY RRsets capped and the validation wait timer shortened,
unbound,unbound,29,unbound[29]@1.26.1,1.26.1,validation,,not-recorded,True,release-1.26.1,2026-09-16,2026-09-16T07:30:25Z,,,,release-1.26.1,2026-09-16,2026-09-16T07:30:25Z,False,True,[],Retrap (CVE-2026-85501): val-clean-additional off by default; validation and hash attempt budgets,cfg->val_clean_additional = 1 (since 0.5); no per-query budget of validation attempts,cfg->val_clean_additional = 0; cfg->val_validation_attempts = 32; cfg->val_hash_attempts = 32 (util/config_file.c at release-1.26.1),
