program,year,stable_releases
bind9,2000,2
bind9,2001,5
bind9,2002,3
bind9,2003,9
bind9,2004,2
bind9,2005,4
bind9,2006,6
bind9,2007,13
bind9,2008,22
bind9,2009,11
bind9,2010,28
bind9,2011,23
bind9,2012,33
bind9,2013,20
bind9,2014,15
bind9,2015,15
bind9,2016,19
bind9,2017,21
bind9,2018,21
bind9,2019,24
bind9,2020,26
bind9,2021,22
bind9,2022,24
bind9,2023,20
bind9,2024,17
bind9,2025,22
bind9,2026,17
knot,2011,5
knot,2012,13
knot,2013,7
knot,2014,13
knot,2015,8
knot,2016,10
knot,2017,17
knot,2018,12
knot,2019,12
knot,2020,11
knot,2021,14
knot,2022,10
knot,2023,12
knot,2024,12
knot,2025,9
knot,2026,9
kresd,2016,3
kresd,2017,14
kresd,2018,12
kresd,2019,7
kresd,2020,8
kresd,2021,7
kresd,2022,5
kresd,2023,6
kresd,2024,9
kresd,2025,10
kresd,2026,8
nsd,2002,2
nsd,2003,6
nsd,2004,9
nsd,2005,6
nsd,2006,7
nsd,2007,5
nsd,2008,4
nsd,2009,4
nsd,2010,2
nsd,2011,3
nsd,2012,5
nsd,2013,3
nsd,2014,6
nsd,2015,9
nsd,2016,9
nsd,2017,5
nsd,2018,7
nsd,2019,6
nsd,2020,5
nsd,2021,5
nsd,2022,4
nsd,2023,2
nsd,2024,5
nsd,2025,5
nsd,2026,6
opendnssec,2010,5
opendnssec,2011,8
opendnssec,2012,7
opendnssec,2013,9
opendnssec,2014,6
opendnssec,2015,3
opendnssec,2016,9
opendnssec,2017,7
opendnssec,2019,2
opendnssec,2020,2
opendnssec,2021,3
opendnssec,2022,2
opendnssec,2023,1
opendnssec,2024,1
pdns-auth,2002,4
pdns-auth,2003,9
pdns-auth,2004,3
pdns-auth,2005,3
pdns-auth,2006,1
pdns-auth,2007,1
pdns-auth,2009,1
pdns-auth,2011,1
pdns-auth,2012,2
pdns-auth,2013,3
pdns-auth,2014,2
pdns-auth,2015,8
pdns-auth,2016,5
pdns-auth,2017,6
pdns-auth,2018,6
pdns-auth,2019,13
pdns-auth,2020,6
pdns-auth,2021,6
pdns-auth,2022,13
pdns-auth,2023,6
pdns-auth,2024,4
pdns-auth,2025,14
pdns-auth,2026,15
pdns-rec,2006,4
pdns-rec,2009,2
pdns-rec,2010,3
pdns-rec,2013,4
pdns-rec,2014,3
pdns-rec,2015,6
pdns-rec,2016,4
pdns-rec,2017,7
pdns-rec,2018,9
pdns-rec,2019,9
pdns-rec,2020,17
pdns-rec,2021,15
pdns-rec,2022,17
pdns-rec,2023,12
pdns-rec,2024,24
pdns-rec,2025,17
pdns-rec,2026,21
unbound,2007,11
unbound,2008,8
unbound,2009,9
unbound,2010,6
unbound,2011,9
unbound,2012,5
unbound,2013,2
unbound,2014,3
unbound,2015,6
unbound,2016,4
unbound,2017,8
unbound,2018,8
unbound,2019,7
unbound,2020,5
unbound,2021,3
unbound,2022,6
unbound,2023,3
unbound,2024,7
unbound,2025,5
unbound,2026,5
