rfc,publication_date,program,row_id,mechanism,kind,is_default_change,stable_tag,stable_date,public_tag,public_date,timing_date,lag_days,lag_months,lag_months_stable_tag,negative_lag
RFC 4033,2005-03-01,nsd,nsd[2]@2.3.0,rrsig,not-recorded,True,NSD_2_3_0_REL,2005-05-02,,,2005-05-02,62,2.0,2.0,False
RFC 4033,2005-03-01,unbound,unbound[0]@0.5,validation,not-recorded,True,release-0.5,2007-09-25,,,2007-09-25,938,30.8,30.8,False
RFC 4033,2005-03-01,pdns-rec,dnssec-setting-introduced,validation,support-added,False,rec-4.0.0,2016-07-08,,,2016-07-08,4147,136.2,136.2,False
RFC 4033,2005-03-01,pdns-rec,dnssec-default-process-no-validate,validation,default-changed,True,rec-4.0.0,2016-07-08,,,2016-07-08,4147,136.2,136.2,False
RFC 4033,2005-03-01,pdns-rec,dnssec-default-process,validation,default-changed,True,rec-4.5.0,2021-05-07,rec-4.5.1,2021-05-10,2021-05-10,5914,194.3,194.2,False
RFC 4034,2005-03-01,nsd,nsd[2]@2.3.0,rrsig,not-recorded,True,NSD_2_3_0_REL,2005-05-02,,,2005-05-02,62,2.0,2.0,False
RFC 4034,2005-03-01,unbound,unbound[0]@0.5,validation,not-recorded,True,release-0.5,2007-09-25,,,2007-09-25,938,30.8,30.8,False
RFC 4034,2005-03-01,pdns-rec,dnssec-setting-introduced,validation,support-added,False,rec-4.0.0,2016-07-08,,,2016-07-08,4147,136.2,136.2,False
RFC 4034,2005-03-01,opendnssec,opendnssec[13]@2.1.0,ds-digest,not-recorded,True,2.1.0,2017-02-22,,,2017-02-22,4376,143.8,143.8,False
RFC 4034,2005-03-01,pdns-rec,revoked-dnskey-rejected,dnskey,support-added,False,rec-4.4.0,2020-10-13,,,2020-10-13,5705,187.4,187.4,False
RFC 4035,2005-03-01,nsd,nsd[2]@2.3.0,rrsig,not-recorded,True,NSD_2_3_0_REL,2005-05-02,,,2005-05-02,62,2.0,2.0,False
RFC 4035,2005-03-01,nsd,nsd[3]@3.0.0,rrsig,not-recorded,True,NSD_3_0_0_REL,2006-09-05,,,2006-09-05,553,18.2,18.2,False
RFC 4035,2005-03-01,unbound,unbound[0]@0.5,validation,not-recorded,True,release-0.5,2007-09-25,,,2007-09-25,938,30.8,30.8,False
RFC 4035,2005-03-01,unbound,unbound[6]@1.4.6,dnskey,not-recorded,True,release-1.4.6,2010-07-22,,,2010-07-22,1969,64.7,64.7,False
RFC 4035,2005-03-01,unbound,unbound[8]@1.4.8,validation,not-recorded,True,release-1.4.8,2011-01-19,,,2011-01-19,2150,70.6,70.6,False
RFC 4035,2005-03-01,pdns-rec,dnssec-setting-introduced,validation,support-added,False,rec-4.0.0,2016-07-08,,,2016-07-08,4147,136.2,136.2,False
RFC 4035,2005-03-01,pdns-rec,signature-inception-skew,rrsig,limit-changed,True,rec-4.2.0,2019-07-12,,,2019-07-12,5246,172.4,172.4,False
RFC 4035,2005-03-01,pdns-rec,keytrap-max-rrsigs-per-record,validation,limit-changed,True,rec-5.0.2,2024-02-06,,,2024-02-06,6916,227.2,227.2,False
RFC 4035,2005-03-01,pdns-rec,keytrap-max-nsec3s-per-record,validation,limit-changed,True,rec-5.0.2,2024-02-06,,,2024-02-06,6916,227.2,227.2,False
RFC 4035,2005-03-01,pdns-rec,keytrap-max-signature-validations-per-query,validation,limit-changed,True,rec-5.0.2,2024-02-06,,,2024-02-06,6916,227.2,227.2,False
RFC 4035,2005-03-01,pdns-rec,keytrap-max-nsec3-hash-computations-per-query,validation,limit-changed,True,rec-5.0.2,2024-02-06,,,2024-02-06,6916,227.2,227.2,False
RFC 4035,2005-03-01,pdns-rec,keytrap-aggressive-cache-max-nsec3-hash-cost,validation,limit-changed,True,rec-5.0.2,2024-02-06,,,2024-02-06,6916,227.2,227.2,False
RFC 4035,2005-03-01,pdns-rec,keytrap-max-ds-per-zone,validation,limit-changed,True,rec-5.0.2,2024-02-06,,,2024-02-06,6916,227.2,227.2,False
RFC 4035,2005-03-01,pdns-rec,keytrap-max-dnskeys,validation,limit-changed,True,rec-5.0.2,2024-02-06,,,2024-02-06,6916,227.2,227.2,False
RFC 4035,2005-03-01,unbound,unbound[22]@1.19.1,validation,not-recorded,True,release-1.19.1,2024-02-13,,,2024-02-13,6923,227.5,227.5,False
RFC 4509,2006-05-01,opendnssec,opendnssec[13]@2.1.0,ds-digest,not-recorded,True,2.1.0,2017-02-22,,,2017-02-22,3950,129.8,129.8,False
RFC 4509,2006-05-01,unbound,unbound[13]@1.6.2,ds-digest,not-recorded,True,release-1.6.2,2017-04-13,,,2017-04-13,4000,131.4,131.4,False
RFC 4509,2006-05-01,knot,knot[11]@2.8.0,ds-digest,not-recorded,True,v2.8.0,2019-03-05,,,2019-03-05,4691,154.1,154.1,False
RFC 4509,2006-05-01,kresd,kresd[10]@5.5.0,ds-digest,not-recorded,True,v5.5.0,2022-03-15,,,2022-03-15,5797,190.5,190.5,False
RFC 5011,2007-09-01,unbound,unbound[12]@1.6.1,trust-anchor-5011,not-recorded,True,release-1.6.1,2017-02-14,,,2017-02-14,3454,113.5,113.5,False
RFC 5011,2007-09-01,kresd,kresd[4]@2.0.0,trust-anchor-5011,not-recorded,True,v2.0.0,2018-01-31,,,2018-01-31,3805,125.0,125.0,False
RFC 5011,2007-09-01,unbound,unbound[18]@1.11.0,trust-anchor-5011,not-recorded,True,release-1.11.0,2020-07-20,,,2020-07-20,4706,154.6,154.6,False
RFC 5011,2007-09-01,pdns-rec,revoked-dnskey-rejected,dnskey,support-added,False,rec-4.4.0,2020-10-13,,,2020-10-13,4791,157.4,157.4,False
RFC 5011,2007-09-01,unbound,unbound[24]@1.21.0,trust-anchor-5011,not-recorded,True,release-1.21.0,2024-08-09,,,2024-08-09,6187,203.3,203.3,False
RFC 5155,2008-03-01,unbound,unbound[1]@0.5,nsec3-iterations,not-recorded,True,release-0.5,2007-09-25,,,2007-09-25,-158,-5.2,-5.2,True
RFC 5155,2008-03-01,nsd,nsd[4]@3.1.0,nsec3,not-recorded,True,NSD_3_1_0_REL,2008-06-23,,,2008-06-23,114,3.7,3.7,False
RFC 5155,2008-03-01,opendnssec,opendnssec[3]@1.1.0rc1,nsec3,not-recorded,True,1.1.0,2010-05-26,,,2010-05-26,816,26.8,26.8,False
RFC 5155,2008-03-01,opendnssec,opendnssec[6]@1.3.11,nsec3,not-recorded,True,1.3.11,2012-11-13,,,2012-11-13,1718,56.4,56.4,False
RFC 5155,2008-03-01,opendnssec,opendnssec[7]@1.4.0b2,nsec3,not-recorded,True,1.4.0,2013-04-22,,,2013-04-22,1878,61.7,61.7,False
RFC 5155,2008-03-01,pdns-auth,pdns-auth[1]@3.3,nsec3,default-changed,True,auth-3.3,2013-07-05,,,2013-07-05,1952,64.1,64.1,False
RFC 5155,2008-03-01,opendnssec,opendnssec[10]@1.4.4,nsec3,not-recorded,True,1.4.4,2014-03-25,,,2014-03-25,2215,72.8,72.8,False
RFC 5155,2008-03-01,opendnssec,opendnssec[9]@1.3.17,nsec3,not-recorded,True,1.3.17,2014-05-06,,,2014-05-06,2257,74.2,74.2,False
RFC 5155,2008-03-01,pdns-auth,pdns-auth[3]@3.4.0,nsec3-iterations,limit-changed,True,auth-3.4.0,2014-09-30,,,2014-09-30,2404,79.0,79.0,False
RFC 5155,2008-03-01,pdns-auth,pdns-auth[2]@3.3.2,nsec3,default-changed,True,auth-3.3.2,2015-05-01,,,2015-05-01,2617,86.0,86.0,False
RFC 5155,2008-03-01,pdns-auth,pdns-auth[4]@3.4.7,nsec3-iterations,limit-changed,True,auth-3.4.7,2015-11-03,,,2015-11-03,2803,92.1,92.1,False
RFC 5155,2008-03-01,knot,knot[4]@2.3.0,nsec3,not-recorded,True,v2.3.0,2016-08-09,,,2016-08-09,3083,101.3,101.3,False
RFC 5155,2008-03-01,pdns-rec,nsec3-max-iterations-2500,nsec3-iterations,limit-changed,True,rec-4.1.0,2017-12-04,,,2017-12-04,3565,117.1,117.1,False
RFC 5155,2008-03-01,kresd,kresd[9]@5.3.1,nsec3-iterations,not-recorded,True,v5.3.1,2021-03-31,,,2021-03-31,4778,157.0,157.0,False
RFC 5155,2008-03-01,pdns-rec,nsec3-max-iterations-150,nsec3-iterations,limit-changed,True,rec-4.5.2,2021-06-07,,,2021-06-07,4846,159.2,159.2,False
RFC 5155,2008-03-01,pdns-auth,pdns-auth[10]@4.5.0,nsec3-iterations,limit-changed,True,auth-4.5.0,2021-07-12,,,2021-07-12,4881,160.4,160.4,False
RFC 5155,2008-03-01,unbound,unbound[19]@1.13.2,nsec3-iterations,not-recorded,True,release-1.13.2,2021-08-05,,,2021-08-05,4905,161.2,161.2,False
RFC 5155,2008-03-01,pdns-auth,pdns-auth[11]@4.6.0,nsec3,default-changed,True,auth-4.6.0,2022-01-24,,,2022-01-24,5077,166.8,166.8,False
RFC 5155,2008-03-01,knot,knot[14]@3.2.0,nsec3-iterations,not-recorded,True,v3.2.0,2022-08-22,,,2022-08-22,5287,173.7,173.7,False
RFC 5155,2008-03-01,pdns-rec,nsec3-max-iterations-50,nsec3-iterations,limit-changed,True,rec-5.0.0,2023-12-18,rec-5.0.1,2024-01-09,2024-01-09,5792,190.3,189.6,False
RFC 5155,2008-03-01,pdns-rec,keytrap-max-rrsigs-per-record,validation,limit-changed,True,rec-5.0.2,2024-02-06,,,2024-02-06,5820,191.2,191.2,False
RFC 5155,2008-03-01,pdns-rec,keytrap-max-nsec3s-per-record,validation,limit-changed,True,rec-5.0.2,2024-02-06,,,2024-02-06,5820,191.2,191.2,False
RFC 5155,2008-03-01,pdns-rec,keytrap-max-signature-validations-per-query,validation,limit-changed,True,rec-5.0.2,2024-02-06,,,2024-02-06,5820,191.2,191.2,False
RFC 5155,2008-03-01,pdns-rec,keytrap-max-nsec3-hash-computations-per-query,validation,limit-changed,True,rec-5.0.2,2024-02-06,,,2024-02-06,5820,191.2,191.2,False
RFC 5155,2008-03-01,pdns-rec,keytrap-aggressive-cache-max-nsec3-hash-cost,validation,limit-changed,True,rec-5.0.2,2024-02-06,,,2024-02-06,5820,191.2,191.2,False
RFC 5155,2008-03-01,pdns-rec,keytrap-max-ds-per-zone,validation,limit-changed,True,rec-5.0.2,2024-02-06,,,2024-02-06,5820,191.2,191.2,False
RFC 5155,2008-03-01,pdns-rec,keytrap-max-dnskeys,validation,limit-changed,True,rec-5.0.2,2024-02-06,,,2024-02-06,5820,191.2,191.2,False
RFC 5155,2008-03-01,unbound,unbound[23]@1.19.1,nsec3-iterations,not-recorded,True,release-1.19.1,2024-02-13,,,2024-02-13,5827,191.4,191.4,False
RFC 5702,2009-10-01,unbound,unbound[4]@1.3.0,alg-rsa-sha2,not-recorded,True,release-1.3.0,2009-06-03,,,2009-06-03,-120,-3.9,-3.9,True
RFC 5702,2009-10-01,unbound,unbound[5]@1.4.0,alg-rsa-sha2,not-recorded,True,release-1.4.0,2009-11-23,,,2009-11-23,53,1.7,1.7,False
RFC 5702,2009-10-01,opendnssec,opendnssec[5]@1.2.0b1,alg-rsa-sha2,not-recorded,True,1.2.0,2011-03-18,,,2011-03-18,533,17.5,17.5,False
RFC 5702,2009-10-01,pdns-auth,pdns-auth[0]@3.2,alg-rsa-sha2,default-changed,True,auth-3.2,2013-01-17,,,2013-01-17,1204,39.6,39.6,False
RFC 5702,2009-10-01,knot,knot[1]@2.0.0,alg-rsa-sha2,not-recorded,True,v2.0.0,2015-06-26,,,2015-06-26,2094,68.8,68.8,False
RFC 5702,2009-10-01,knot,knot[3]@2.2.0,alg-rsa-sha2,not-recorded,True,v2.2.0,2016-04-26,,,2016-04-26,2399,78.8,78.8,False
RFC 5933,2010-07-01,unbound,unbound[7]@1.4.7,alg-gost,not-recorded,True,release-1.4.7,2010-11-05,,,2010-11-05,127,4.2,4.2,False
RFC 6605,2012-04-01,unbound,unbound[9]@1.4.17,alg-ecdsa,not-recorded,True,release-1.4.17,2012-05-18,,,2012-05-18,47,1.5,1.5,False
RFC 6605,2012-04-01,knot,knot[2]@2.1.0,alg-ecdsa,not-recorded,True,v2.1.0,2016-01-14,,,2016-01-14,1383,45.4,45.4,False
RFC 6605,2012-04-01,pdns-auth,pdns-auth[5]@4.0.0,alg-ecdsa,default-changed,True,auth-4.0.0,2016-07-08,,,2016-07-08,1559,51.2,51.2,False
RFC 6605,2012-04-01,pdns-auth,pdns-auth[6]@4.0.0,alg-ecdsa,default-changed,True,auth-4.0.0,2016-07-08,,,2016-07-08,1559,51.2,51.2,False
RFC 6605,2012-04-01,pdns-auth,pdns-auth[7]@4.0.0,alg-ecdsa,default-changed,True,auth-4.0.0,2016-07-08,,,2016-07-08,1559,51.2,51.2,False
RFC 6605,2012-04-01,pdns-auth,pdns-auth[8]@4.0.0,alg-ecdsa,default-changed,True,auth-4.0.0,2016-07-08,,,2016-07-08,1559,51.2,51.2,False
RFC 6840,2013-02-01,pdns-rec,keytrap-max-rrsigs-per-record,validation,limit-changed,True,rec-5.0.2,2024-02-06,,,2024-02-06,4022,132.1,132.1,False
RFC 6840,2013-02-01,pdns-rec,keytrap-max-nsec3s-per-record,validation,limit-changed,True,rec-5.0.2,2024-02-06,,,2024-02-06,4022,132.1,132.1,False
RFC 6840,2013-02-01,pdns-rec,keytrap-max-signature-validations-per-query,validation,limit-changed,True,rec-5.0.2,2024-02-06,,,2024-02-06,4022,132.1,132.1,False
RFC 6840,2013-02-01,pdns-rec,keytrap-max-nsec3-hash-computations-per-query,validation,limit-changed,True,rec-5.0.2,2024-02-06,,,2024-02-06,4022,132.1,132.1,False
RFC 6840,2013-02-01,pdns-rec,keytrap-aggressive-cache-max-nsec3-hash-cost,validation,limit-changed,True,rec-5.0.2,2024-02-06,,,2024-02-06,4022,132.1,132.1,False
RFC 6840,2013-02-01,pdns-rec,keytrap-max-ds-per-zone,validation,limit-changed,True,rec-5.0.2,2024-02-06,,,2024-02-06,4022,132.1,132.1,False
RFC 6840,2013-02-01,pdns-rec,keytrap-max-dnskeys,validation,limit-changed,True,rec-5.0.2,2024-02-06,,,2024-02-06,4022,132.1,132.1,False
RFC 6840,2013-02-01,unbound,unbound[22]@1.19.1,validation,not-recorded,True,release-1.19.1,2024-02-13,,,2024-02-13,4029,132.4,132.4,False
RFC 7344,2014-09-01,knot,knot[10]@2.8.0,cds-cdnskey,not-recorded,True,v2.8.0,2019-03-05,,,2019-03-05,1646,54.1,54.1,False
RFC 8080,2017-02-01,pdns-rec,ed25519-validation,alg-eddsa,support-added,False,rec-4.0.5,2017-06-13,,,2017-06-13,132,4.3,4.3,False
RFC 8198,2017-07-01,kresd,kresd[2]@2.0.0,other,not-recorded,True,v2.0.0,2018-01-31,,,2018-01-31,214,7.0,7.0,False
RFC 8198,2017-07-01,kresd,kresd[5]@2.4.0,nsec3,not-recorded,True,v2.4.0,2018-07-03,,,2018-07-03,367,12.1,12.1,False
RFC 8198,2017-07-01,kresd,kresd[8]@4.1.0,other,not-recorded,True,v4.1.0,2019-07-10,,,2019-07-10,739,24.3,24.3,False
RFC 8198,2017-07-01,pdns-rec,aggressive-nsec-cache,validation,support-added,True,rec-4.5.0,2021-05-07,rec-4.5.1,2021-05-10,2021-05-10,1409,46.3,46.2,False
RFC 8198,2017-07-01,unbound,unbound[20]@1.15.0,validation,not-recorded,True,release-1.15.0,2022-02-03,,,2022-02-03,1678,55.1,55.1,False
RFC 8198,2017-07-01,kresd,kresd[11]@5.6.0,other,not-recorded,True,v5.6.0,2023-01-26,,,2023-01-26,2035,66.9,66.9,False
RFC 8198,2017-07-01,unbound,unbound[25]@1.22.0,validation,not-recorded,True,release-1.22.0,2024-10-16,,,2024-10-16,2664,87.5,87.5,False
RFC 8624,2019-06-01,pdns-auth,pdns-auth[5]@4.0.0,alg-ecdsa,default-changed,True,auth-4.0.0,2016-07-08,,,2016-07-08,-1058,-34.8,-34.8,True
RFC 8624,2019-06-01,pdns-auth,pdns-auth[6]@4.0.0,alg-ecdsa,default-changed,True,auth-4.0.0,2016-07-08,,,2016-07-08,-1058,-34.8,-34.8,True
RFC 8624,2019-06-01,pdns-auth,pdns-auth[7]@4.0.0,alg-ecdsa,default-changed,True,auth-4.0.0,2016-07-08,,,2016-07-08,-1058,-34.8,-34.8,True
RFC 8624,2019-06-01,pdns-auth,pdns-auth[8]@4.0.0,alg-ecdsa,default-changed,True,auth-4.0.0,2016-07-08,,,2016-07-08,-1058,-34.8,-34.8,True
RFC 8624,2019-06-01,knot,knot[7]@2.6.0,other,not-recorded,True,v2.6.0,2017-09-29,,,2017-09-29,-610,-20.0,-20.0,True
RFC 8624,2019-06-01,knot,knot[11]@2.8.0,ds-digest,not-recorded,True,v2.8.0,2019-03-05,,,2019-03-05,-88,-2.9,-2.9,True
RFC 8624,2019-06-01,unbound,unbound[17]@1.10.0,other,not-recorded,True,release-1.10.0,2020-02-20,,,2020-02-20,264,8.7,8.7,False
RFC 8624,2019-06-01,knot,knot[12]@3.0.2,other,not-recorded,True,v3.0.2,2020-11-11,,,2020-11-11,529,17.4,17.4,False
RFC 8624,2019-06-01,unbound,unbound[21]@1.16.1,validation,not-recorded,True,release-1.16.1,2022-07-04,,,2022-07-04,1129,37.1,37.1,False
RFC 8624,2019-06-01,pdns-rec,dnssec-disabled-algorithms-auto,alg-rsa-sha2,default-changed,True,rec-4.9.0,2023-06-29,,,2023-06-29,1489,48.9,48.9,False
RFC 9077,2021-07-01,knot,knot[13]@3.1.0,nsec3,not-recorded,True,v3.1.0,2021-08-01,,,2021-08-01,31,1.0,1.0,False
RFC 9077,2021-07-01,unbound,unbound[25]@1.22.0,validation,not-recorded,True,release-1.22.0,2024-10-16,,,2024-10-16,1203,39.5,39.5,False
RFC 9276,2022-08-01,pdns-auth,pdns-auth[10]@4.5.0,nsec3-iterations,limit-changed,True,auth-4.5.0,2021-07-12,,,2021-07-12,-385,-12.6,-12.6,True
RFC 9276,2022-08-01,unbound,unbound[19]@1.13.2,nsec3-iterations,not-recorded,True,release-1.13.2,2021-08-05,,,2021-08-05,-361,-11.9,-11.9,True
RFC 9276,2022-08-01,pdns-auth,pdns-auth[11]@4.6.0,nsec3,default-changed,True,auth-4.6.0,2022-01-24,,,2022-01-24,-189,-6.2,-6.2,True
RFC 9276,2022-08-01,knot,knot[14]@3.2.0,nsec3-iterations,not-recorded,True,v3.2.0,2022-08-22,,,2022-08-22,21,0.7,0.7,False
RFC 9276,2022-08-01,pdns-rec,nsec3-max-iterations-50,nsec3-iterations,limit-changed,True,rec-5.0.0,2023-12-18,rec-5.0.1,2024-01-09,2024-01-09,526,17.3,16.6,False
RFC 9276,2022-08-01,kresd,kresd[12]@5.7.1,nsec3-iterations,not-recorded,True,v5.7.1,2024-02-13,,,2024-02-13,561,18.4,18.4,False
RFC 9276,2022-08-01,kresd,kresd[15]@6.0.6,nsec3-iterations,not-recorded,True,v6.0.6,2024-02-13,,,2024-02-13,561,18.4,18.4,False
RFC 9276,2022-08-01,knot,knot[18]@3.5.0,nsec3,not-recorded,True,v3.5.0,2025-09-18,,,2025-09-18,1144,37.6,37.6,False
RFC 9276,2022-08-01,knot,knot[19]@3.6.0,nsec3-iterations,not-recorded,True,v3.6.0,2026-09-08,,,2026-09-08,1499,49.2,49.2,False
