n,rfc,basis,source,start,end,delta,level_before,level_after,share_before_pct,share_after_pct,months_after_rfc,nearest_validator_limit,nearest_cve,split_new_signings_at_most,split_rollovers_at_least,nearest_signer_release_what,nearest_signer_release_date,nearest_signer_release_lag_months,nearest_signer_release_detail,nearest_default_change_what,nearest_default_change_date,nearest_default_change_lag_months,nearest_default_change_detail,nearest_any_release_what,nearest_any_release_date,nearest_any_release_lag_months,nearest_cve_what,nearest_cve_date,nearest_cve_lag_months,nearest_default_change,nearest_validator_limit_what,nearest_validator_limit_date,nearest_validator_limit_lag_months,nearest_validator_limit_detail
1,RFC 5702,forward,ch,2021-09,2021-12,73741,19631,93372,4.706,10.972,143,,,73741.0,0.0,Knot DNS 2.0.0,2015-06-26,75,default signing algorithm -> RSASHA256,Knot DNS 2.0.0,2015-06-26,75.0,default signing algorithm -> RSASHA256,BIND 9 9.16.21,2021-09-07,0,,,,,,,,
2,RFC 5702,forward,li,2021-12,2021-12,1012,1232,2244,11.747,18.256,146,,,1012.0,0.0,Knot DNS 2.0.0,2015-06-26,78,default signing algorithm -> RSASHA256,Knot DNS 2.0.0,2015-06-26,78.0,default signing algorithm -> RSASHA256,Unbound 1.14.0,2021-12-01,0,,,,,,,,
3,RFC 5702,forward,nu,2017-11,2017-11,38615,95703,134318,92.571,94.584,97,,,38615.0,0.0,Knot DNS 2.0.0,2015-06-26,29,default signing algorithm -> RSASHA256,Knot DNS 2.0.0,2015-06-26,29.0,default signing algorithm -> RSASHA256,Knot DNS 2.5.6,2017-11-02,0,,,,,,,,
4,RFC 5702,forward,se,2017-11,2017-11,123402,697902,821304,94.642,95.451,97,,,123031.0,371.0,Knot DNS 2.0.0,2015-06-26,29,default signing algorithm -> RSASHA256,Knot DNS 2.0.0,2015-06-26,29.0,default signing algorithm -> RSASHA256,Knot DNS 2.5.6,2017-11-02,0,,,,,,,,
5,RFC 5702,reverse,afrinic,2014-09,2014-10,176,20,196,,100.0,59,,,,,OpenDNSSEC 1.2.0,2011-03-18,42,default signing algorithm -> 8 (RSASHA256),OpenDNSSEC 1.2.0,2011-03-18,42.0,default signing algorithm -> 8 (RSASHA256),NSD 4.1.0,2014-09-04,0,,,,,,,,
6,RFC 5702,reverse,apnic,2012-01,2012-01,36,0,36,0.0,46.154,27,,,,,OpenDNSSEC 1.2.0,2011-03-18,10,default signing algorithm -> 8 (RSASHA256),OpenDNSSEC 1.2.0,2011-03-18,10.0,default signing algorithm -> 8 (RSASHA256),PowerDNS Auth 3.0.1,2012-01-10,0,,,,,,,,
7,RFC 5702,reverse,apnic,2014-03,2014-03,54,63,117,56.25,70.482,53,,,,,OpenDNSSEC 1.2.0,2011-03-18,36,default signing algorithm -> 8 (RSASHA256),OpenDNSSEC 1.2.0,2011-03-18,36.0,default signing algorithm -> 8 (RSASHA256),Unbound 1.4.22,2014-03-12,0,,,,,,,,
8,RFC 5702,reverse,apnic,2015-03,2015-03,39,134,173,69.792,75.217,65,,,,,OpenDNSSEC 1.2.0,2011-03-18,48,default signing algorithm -> 8 (RSASHA256),OpenDNSSEC 1.2.0,2011-03-18,48.0,default signing algorithm -> 8 (RSASHA256),PowerDNS Auth 3.4.3,2015-03-01,0,,,,,,,,
9,RFC 5702,reverse,apnic,2015-11,2015-11,338,182,520,74.286,89.041,73,,,,,Knot DNS 2.0.0,2015-06-26,5,default signing algorithm -> RSASHA256,Knot DNS 2.0.0,2015-06-26,5.0,default signing algorithm -> RSASHA256,PowerDNS Auth 3.4.7,2015-11-03,0,,,,,,,,
10,RFC 5702,reverse,apnic,2016-11,2016-12,943,543,1486,88.436,95.44,85,,,,,Knot DNS 2.0.0,2015-06-26,17,default signing algorithm -> RSASHA256,Knot DNS 2.0.0,2015-06-26,17.0,default signing algorithm -> RSASHA256,Knot DNS 2.3.2,2016-11-04,0,,,,,,,,
11,RFC 5702,reverse,apnic,2018-11,2018-11,263,1425,1688,78.426,80.998,109,,,,,Knot DNS 2.0.0,2015-06-26,41,default signing algorithm -> RSASHA256,Knot DNS 2.0.0,2015-06-26,41.0,default signing algorithm -> RSASHA256,Knot Resolver 3.1.0,2018-11-02,0,,,,,,,,
12,RFC 5702,reverse,apnic,2019-01,2019-01,300,1688,1988,77.289,80.032,111,,,,,Knot DNS 2.0.0,2015-06-26,43,default signing algorithm -> RSASHA256,Knot DNS 2.0.0,2015-06-26,43.0,default signing algorithm -> RSASHA256,PowerDNS Auth 4.1.6,2019-01-04,0,,,,,,,,
13,RFC 5702,reverse,apnic,2019-05,2019-06,547,1984,2531,79.519,83.011,115,,,,,Knot DNS 2.0.0,2015-06-26,47,default signing algorithm -> RSASHA256,Knot DNS 2.0.0,2015-06-26,47.0,default signing algorithm -> RSASHA256,BIND 9 9.11.7,2019-05-10,0,,,,,,,,
14,RFC 5702,reverse,apnic,2019-12,2019-12,353,2531,2884,83.093,84.774,122,,,,,Knot DNS 2.0.0,2015-06-26,54,default signing algorithm -> RSASHA256,Knot DNS 2.0.0,2015-06-26,54.0,default signing algorithm -> RSASHA256,NSD 4.2.4,2019-12-03,0,,,,,,,,
15,RFC 5702,reverse,arin,2013-12,2013-12,39,87,126,38.496,47.547,50,,,,,OpenDNSSEC 1.2.0,2011-03-18,33,default signing algorithm -> 8 (RSASHA256),OpenDNSSEC 1.2.0,2011-03-18,33.0,default signing algorithm -> 8 (RSASHA256),OpenDNSSEC 1.3.16,2013-12-04,0,,,,,,,,
16,RFC 5702,reverse,arin,2014-08,2014-09,116,143,259,48.805,56.061,58,,,,,OpenDNSSEC 1.2.0,2011-03-18,41,default signing algorithm -> 8 (RSASHA256),OpenDNSSEC 1.2.0,2011-03-18,41.0,default signing algorithm -> 8 (RSASHA256),Knot DNS 1.5.1,2014-08-19,0,,,,,,,,
17,RFC 5702,reverse,arin,2016-09,2016-09,44,361,405,60.57,64.082,83,,,,,Knot DNS 2.0.0,2015-06-26,15,default signing algorithm -> RSASHA256,Knot DNS 2.0.0,2015-06-26,15.0,default signing algorithm -> RSASHA256,PowerDNS Auth 3.4.10,2016-09-01,0,,,,,,,,
18,RFC 5702,reverse,arin,2017-04,2017-04,46,367,413,54.13,57.044,90,,,,,Knot DNS 2.0.0,2015-06-26,22,default signing algorithm -> RSASHA256,Knot DNS 2.0.0,2015-06-26,22.0,default signing algorithm -> RSASHA256,Knot Resolver 1.2.5,2017-04-05,0,,,,,,,,
19,RFC 5702,reverse,arin,2019-05,2019-05,270,497,767,40.973,47.434,115,,,,,Knot DNS 2.0.0,2015-06-26,47,default signing algorithm -> RSASHA256,Knot DNS 2.0.0,2015-06-26,47.0,default signing algorithm -> RSASHA256,BIND 9 9.11.7,2019-05-10,0,,,,,,,,
20,RFC 5702,reverse,arin,2025-09,2025-09,127,1086,1213,21.215,22.771,191,,,,,Knot DNS 2.0.0,2015-06-26,123,default signing algorithm -> RSASHA256,Knot DNS 2.0.0,2015-06-26,123.0,default signing algorithm -> RSASHA256,NSD 4.13.0,2025-09-03,0,,,,,,,,
21,RFC 5702,reverse,ripe,2012-11,2013-01,149,105,254,15.625,30.13,37,,,,,OpenDNSSEC 1.2.0,2011-03-18,20,default signing algorithm -> 8 (RSASHA256),OpenDNSSEC 1.2.0,2011-03-18,20.0,default signing algorithm -> 8 (RSASHA256),OpenDNSSEC 1.3.11,2012-11-13,0,,,,,,,,
22,RFC 5702,reverse,ripe,2014-02,2014-02,64,323,387,29.471,33.478,52,,,,,OpenDNSSEC 1.2.0,2011-03-18,35,default signing algorithm -> 8 (RSASHA256),OpenDNSSEC 1.2.0,2011-03-18,35.0,default signing algorithm -> 8 (RSASHA256),Knot DNS 1.4.3,2014-02-12,0,,,,,,,,
23,RFC 5702,reverse,ripe,2014-10,2014-11,301,470,771,36.979,48.188,60,,,,,OpenDNSSEC 1.2.0,2011-03-18,43,default signing algorithm -> 8 (RSASHA256),OpenDNSSEC 1.2.0,2011-03-18,43.0,default signing algorithm -> 8 (RSASHA256),Knot DNS 1.6.0,2014-10-23,0,,,,,,,,
24,RFC 5702,reverse,ripe,2015-07,2015-07,86,825,911,49.313,50.471,69,,,,,Knot DNS 2.0.0,2015-06-26,1,default signing algorithm -> RSASHA256,Knot DNS 2.0.0,2015-06-26,1.0,default signing algorithm -> RSASHA256,NSD 4.1.3,2015-06-04,1,,,,,,,,
1,RFC 6605,forward,ch,2021-06,2021-11,591333,128023,719356,83.029,95.552,110,,,591333.0,0.0,BIND 9 9.16.0,2020-02-12,16,built-in dnssec-policy 'default' signs with one ECDSAP256SHA256 CSK,BIND 9 9.16.0,2020-02-12,16.0,built-in dnssec-policy 'default' signs with one ECDSAP256SHA256 CSK,PowerDNS Rec 4.5.2,2021-06-07,0,CVE-2017-15094 (PowerDNS Rec),2018-01-23,41.0,,,,,
2,RFC 6605,forward,ee,2019-08,2019-09,1637,3259,4896,71.863,79.249,88,,,1637.0,0.0,PowerDNS Auth 4.0.0,2016-07-08,37,default ZSK algorithm -> ECDSA P-256,PowerDNS Auth 4.0.0,2016-07-08,37.0,default ZSK algorithm -> ECDSA P-256,Knot Resolver 4.2.0,2019-08-05,0,CVE-2017-15094 (PowerDNS Rec),2018-01-23,19.0,,,,,
3,RFC 6605,forward,li,2021-06,2021-11,8047,1164,9211,50.499,87.824,110,,,8047.0,0.0,BIND 9 9.16.0,2020-02-12,16,built-in dnssec-policy 'default' signs with one ECDSAP256SHA256 CSK,BIND 9 9.16.0,2020-02-12,16.0,built-in dnssec-policy 'default' signs with one ECDSAP256SHA256 CSK,PowerDNS Rec 4.5.2,2021-06-07,0,CVE-2017-15094 (PowerDNS Rec),2018-01-23,41.0,,,,,
4,RFC 6605,forward,li,2022-11,2022-12,5168,12350,17518,83.525,87.673,127,,,5168.0,0.0,BIND 9 9.16.0,2020-02-12,33,built-in dnssec-policy 'default' signs with one ECDSAP256SHA256 CSK,BIND 9 9.16.0,2020-02-12,33.0,built-in dnssec-policy 'default' signs with one ECDSAP256SHA256 CSK,NSD 4.6.1,2022-11-01,0,CVE-2022-38177 (BIND 9),2022-09-21,2.0,,,,,
5,RFC 6605,forward,nu,2016-10,2016-10,857,43,900,0.049,1.024,54,,,0.0,857.0,PowerDNS Auth 4.0.0,2016-07-08,3,default ZSK algorithm -> ECDSA P-256,PowerDNS Auth 4.0.0,2016-07-08,3.0,default ZSK algorithm -> ECDSA P-256,Knot DNS 2.3.1,2016-10-10,0,,,,,,,,
6,RFC 6605,forward,nu,2019-01,2019-01,18247,2844,21091,2.389,18.461,81,,,0.0,18247.0,PowerDNS Auth 4.0.0,2016-07-08,30,default ZSK algorithm -> ECDSA P-256,PowerDNS Auth 4.0.0,2016-07-08,30.0,default ZSK algorithm -> ECDSA P-256,PowerDNS Auth 4.1.6,2019-01-04,0,CVE-2017-15094 (PowerDNS Rec),2018-01-23,12.0,,,,,
7,RFC 6605,forward,nu,2019-03,2019-03,2196,21548,23744,18.467,20.076,83,,,1586.0,610.0,PowerDNS Auth 4.0.0,2016-07-08,32,default ZSK algorithm -> ECDSA P-256,PowerDNS Auth 4.0.0,2016-07-08,32.0,default ZSK algorithm -> ECDSA P-256,Unbound 1.9.1,2019-03-05,0,CVE-2017-15094 (PowerDNS Rec),2018-01-23,14.0,,,,,
8,RFC 6605,forward,nu,2019-05,2019-05,6480,24071,30551,20.229,25.453,85,,,1037.0,5443.0,PowerDNS Auth 4.0.0,2016-07-08,34,default ZSK algorithm -> ECDSA P-256,PowerDNS Auth 4.0.0,2016-07-08,34.0,default ZSK algorithm -> ECDSA P-256,BIND 9 9.11.7,2019-05-10,0,CVE-2017-15094 (PowerDNS Rec),2018-01-23,16.0,,,,,
9,RFC 6605,forward,nu,2019-09,2019-09,4885,30952,35837,25.7,28.708,89,,,4398.0,487.0,PowerDNS Auth 4.0.0,2016-07-08,38,default ZSK algorithm -> ECDSA P-256,PowerDNS Auth 4.0.0,2016-07-08,38.0,default ZSK algorithm -> ECDSA P-256,BIND 9 9.11.11,2019-09-09,0,CVE-2017-15094 (PowerDNS Rec),2018-01-23,20.0,,,,,
10,RFC 6605,forward,nu,2019-11,2019-11,9697,36435,46132,28.917,36.604,91,,,33.0,9664.0,PowerDNS Auth 4.0.0,2016-07-08,40,default ZSK algorithm -> ECDSA P-256,PowerDNS Auth 4.0.0,2016-07-08,40.0,default ZSK algorithm -> ECDSA P-256,OpenDNSSEC 2.1.5,2019-11-05,0,CVE-2017-15094 (PowerDNS Rec),2018-01-23,22.0,,,,,
11,RFC 6605,forward,nu,2021-08,2021-08,6089,59744,65833,44.166,48.705,112,,,0.0,6089.0,BIND 9 9.16.0,2020-02-12,18,built-in dnssec-policy 'default' signs with one ECDSAP256SHA256 CSK,BIND 9 9.16.0,2020-02-12,18.0,built-in dnssec-policy 'default' signs with one ECDSAP256SHA256 CSK,Knot DNS 3.1.0,2021-08-01,0,CVE-2017-15094 (PowerDNS Rec),2018-01-23,43.0,,,,,
12,RFC 6605,forward,nu,2022-01,2022-01,6717,64939,71656,48.736,51.509,117,,,5867.0,850.0,BIND 9 9.16.0,2020-02-12,23,built-in dnssec-policy 'default' signs with one ECDSAP256SHA256 CSK,BIND 9 9.16.0,2020-02-12,23.0,built-in dnssec-policy 'default' signs with one ECDSAP256SHA256 CSK,Knot Resolver 5.4.4,2022-01-05,0,CVE-2017-15094 (PowerDNS Rec),2018-01-23,48.0,,,,,
13,RFC 6605,forward,se,2016-10,2016-11,17193,258,17451,0.037,2.465,54,,,6445.0,10748.0,PowerDNS Auth 4.0.0,2016-07-08,3,default ZSK algorithm -> ECDSA P-256,PowerDNS Auth 4.0.0,2016-07-08,3.0,default ZSK algorithm -> ECDSA P-256,Knot DNS 2.3.1,2016-10-10,0,,,,,,,,
14,RFC 6605,forward,se,2017-04,2017-04,16925,17945,34870,2.477,4.69,60,,,16925.0,0.0,PowerDNS Auth 4.0.0,2016-07-08,9,default ZSK algorithm -> ECDSA P-256,PowerDNS Auth 4.0.0,2016-07-08,9.0,default ZSK algorithm -> ECDSA P-256,Knot Resolver 1.2.5,2017-04-05,0,,,,,,,,
15,RFC 6605,forward,se,2017-11,2017-11,3476,33821,37297,4.586,4.335,67,,,3476.0,0.0,PowerDNS Auth 4.0.0,2016-07-08,16,default ZSK algorithm -> ECDSA P-256,PowerDNS Auth 4.0.0,2016-07-08,16.0,default ZSK algorithm -> ECDSA P-256,Knot DNS 2.5.6,2017-11-02,0,,,,,,,,
16,RFC 6605,forward,se,2019-01,2019-01,119500,34490,153990,4.482,20.668,81,,,0.0,119500.0,PowerDNS Auth 4.0.0,2016-07-08,30,default ZSK algorithm -> ECDSA P-256,PowerDNS Auth 4.0.0,2016-07-08,30.0,default ZSK algorithm -> ECDSA P-256,PowerDNS Auth 4.1.6,2019-01-04,0,CVE-2017-15094 (PowerDNS Rec),2018-01-23,12.0,,,,,
17,RFC 6605,forward,se,2019-06,2019-07,217437,185334,402771,24.152,52.567,86,,,0.0,217437.0,PowerDNS Auth 4.0.0,2016-07-08,35,default ZSK algorithm -> ECDSA P-256,PowerDNS Auth 4.0.0,2016-07-08,35.0,default ZSK algorithm -> ECDSA P-256,BIND 9 9.11.8,2019-06-04,0,CVE-2017-15094 (PowerDNS Rec),2018-01-23,17.0,,,,,
18,RFC 6605,reverse,afrinic,2018-12,2018-12,40,0,40,0.0,9.756,80,,,,,PowerDNS Auth 4.0.0,2016-07-08,29,default ZSK algorithm -> ECDSA P-256,PowerDNS Auth 4.0.0,2016-07-08,29.0,default ZSK algorithm -> ECDSA P-256,Unbound 1.8.3,2018-12-04,0,CVE-2017-15094 (PowerDNS Rec),2018-01-23,11.0,,,,,
19,RFC 6605,reverse,afrinic,2021-01,2021-01,53,69,122,16.235,25.47,105,,,,,BIND 9 9.16.0,2020-02-12,11,built-in dnssec-policy 'default' signs with one ECDSAP256SHA256 CSK,BIND 9 9.16.0,2020-02-12,11.0,built-in dnssec-policy 'default' signs with one ECDSAP256SHA256 CSK,BIND 9 9.11.27,2021-01-11,0,CVE-2017-15094 (PowerDNS Rec),2018-01-23,36.0,,,,,
20,RFC 6605,reverse,afrinic,2026-06,2026-06,52,250,302,40.128,48.32,170,,,,,BIND 9 9.16.0,2020-02-12,76,built-in dnssec-policy 'default' signs with one ECDSAP256SHA256 CSK,BIND 9 9.16.0,2020-02-12,76.0,built-in dnssec-policy 'default' signs with one ECDSAP256SHA256 CSK,PowerDNS Rec 5.2.10,2026-06-01,0,CVE-2022-38177 (BIND 9),2022-09-21,45.0,,,,,
21,RFC 6605,reverse,apnic,2017-08,2017-08,155,2,157,0.128,9.128,64,,,,,PowerDNS Auth 4.0.0,2016-07-08,13,default ZSK algorithm -> ECDSA P-256,PowerDNS Auth 4.0.0,2016-07-08,13.0,default ZSK algorithm -> ECDSA P-256,OpenDNSSEC 2.1.2,2017-08-03,0,,,,,,,,
22,RFC 6605,reverse,apnic,2018-05,2018-05,119,204,323,12.0,17.757,73,,,,,PowerDNS Auth 4.0.0,2016-07-08,22,default ZSK algorithm -> ECDSA P-256,PowerDNS Auth 4.0.0,2016-07-08,22.0,default ZSK algorithm -> ECDSA P-256,NSD 4.1.21,2018-05-07,0,CVE-2017-15094 (PowerDNS Rec),2018-01-23,4.0,,,,,
23,RFC 6605,reverse,apnic,2018-12,2018-12,100,336,436,16.123,19.963,80,,,,,PowerDNS Auth 4.0.0,2016-07-08,29,default ZSK algorithm -> ECDSA P-256,PowerDNS Auth 4.0.0,2016-07-08,29.0,default ZSK algorithm -> ECDSA P-256,Unbound 1.8.3,2018-12-04,0,CVE-2017-15094 (PowerDNS Rec),2018-01-23,11.0,,,,,
24,RFC 6605,reverse,arin,2018-12,2018-12,55,82,137,7.714,12.243,80,,,,,PowerDNS Auth 4.0.0,2016-07-08,29,default ZSK algorithm -> ECDSA P-256,PowerDNS Auth 4.0.0,2016-07-08,29.0,default ZSK algorithm -> ECDSA P-256,Unbound 1.8.3,2018-12-04,0,CVE-2017-15094 (PowerDNS Rec),2018-01-23,11.0,,,,,
25,RFC 6605,reverse,arin,2019-02,2019-02,45,137,182,12.199,15.333,82,,,,,PowerDNS Auth 4.0.0,2016-07-08,31,default ZSK algorithm -> ECDSA P-256,PowerDNS Auth 4.0.0,2016-07-08,31.0,default ZSK algorithm -> ECDSA P-256,BIND 9 9.11.6,2019-02-27,0,CVE-2017-15094 (PowerDNS Rec),2018-01-23,13.0,,,,,
26,RFC 6605,reverse,arin,2019-05,2019-06,172,187,359,15.416,21.51,85,,,,,PowerDNS Auth 4.0.0,2016-07-08,34,default ZSK algorithm -> ECDSA P-256,PowerDNS Auth 4.0.0,2016-07-08,34.0,default ZSK algorithm -> ECDSA P-256,BIND 9 9.11.7,2019-05-10,0,CVE-2017-15094 (PowerDNS Rec),2018-01-23,16.0,,,,,
27,RFC 6605,reverse,arin,2019-09,2019-09,43,373,416,21.724,23.69,89,,,,,PowerDNS Auth 4.0.0,2016-07-08,38,default ZSK algorithm -> ECDSA P-256,PowerDNS Auth 4.0.0,2016-07-08,38.0,default ZSK algorithm -> ECDSA P-256,BIND 9 9.11.11,2019-09-09,0,CVE-2017-15094 (PowerDNS Rec),2018-01-23,20.0,,,,,
28,RFC 6605,reverse,arin,2020-10,2020-10,84,643,727,31.551,34.18,102,,,,,BIND 9 9.16.0,2020-02-12,8,built-in dnssec-policy 'default' signs with one ECDSAP256SHA256 CSK,BIND 9 9.16.0,2020-02-12,8.0,built-in dnssec-policy 'default' signs with one ECDSAP256SHA256 CSK,Unbound 1.12.0,2020-10-01,0,CVE-2017-15094 (PowerDNS Rec),2018-01-23,33.0,,,,,
29,RFC 6605,reverse,arin,2022-11,2022-11,176,1496,1672,46.045,49.896,127,,,,,BIND 9 9.16.0,2020-02-12,33,built-in dnssec-policy 'default' signs with one ECDSAP256SHA256 CSK,BIND 9 9.16.0,2020-02-12,33.0,built-in dnssec-policy 'default' signs with one ECDSAP256SHA256 CSK,NSD 4.6.1,2022-11-01,0,CVE-2022-38177 (BIND 9),2022-09-21,2.0,,,,,
30,RFC 6605,reverse,lacnic,2021-08,2021-08,36,78,114,66.102,68.675,112,,,,,BIND 9 9.16.0,2020-02-12,18,built-in dnssec-policy 'default' signs with one ECDSAP256SHA256 CSK,BIND 9 9.16.0,2020-02-12,18.0,built-in dnssec-policy 'default' signs with one ECDSAP256SHA256 CSK,Knot DNS 3.1.0,2021-08-01,0,CVE-2017-15094 (PowerDNS Rec),2018-01-23,43.0,,,,,
31,RFC 6605,reverse,ripe,2018-12,2018-12,63,3,66,5.455,55.932,80,,,,,PowerDNS Auth 4.0.0,2016-07-08,29,default ZSK algorithm -> ECDSA P-256,PowerDNS Auth 4.0.0,2016-07-08,29.0,default ZSK algorithm -> ECDSA P-256,Unbound 1.8.3,2018-12-04,0,CVE-2017-15094 (PowerDNS Rec),2018-01-23,11.0,,,,,
1,RFC 8080,forward,ch,2023-01,2023-01,490,52,542,0.005,0.046,71,,,490.0,0.0,OpenDNSSEC 2.1.7,2020-10-07,27,,,,,,Unbound 1.17.1,2023-01-06,0,CVE-2022-38178 (BIND 9),2022-09-21,4.0,,,,,
2,RFC 8080,forward,nu,2020-04,2020-06,1125,0,1125,0.0,0.889,38,,,1125.0,0.0,BIND 9 9.12.0,2018-01-17,27,,,,,,PowerDNS Auth 4.3.0,2020-04-05,0,,,,,,,,
3,RFC 8080,forward,nu,2023-01,2023-01,735,3,738,0.002,0.556,71,,,0.0,735.0,OpenDNSSEC 2.1.7,2020-10-07,27,,,,,,Unbound 1.17.1,2023-01-06,0,CVE-2022-38178 (BIND 9),2022-09-21,4.0,,,,,
4,RFC 8080,forward,se,2020-04,2020-06,18746,4,18750,0.001,2.434,38,,,7028.0,11718.0,BIND 9 9.12.0,2018-01-17,27,,,,,,PowerDNS Auth 4.3.0,2020-04-05,0,,,,,,,,
5,RFC 8080,forward,se,2023-01,2023-02,13257,36,13293,0.004,1.592,71,,,509.0,12748.0,OpenDNSSEC 2.1.7,2020-10-07,27,,,,,,Unbound 1.17.1,2023-01-06,0,CVE-2022-38178 (BIND 9),2022-09-21,4.0,,,,,
1,RFC 5155,forward,ch,2021-07,2021-10,296470,29733,326203,15.268,50.675,160,,,296470.0,0.0,BIND 9 9.7.0,2010-02-16,137,NSEC3 iterations default 100 -> 10,BIND 9 9.7.0,2010-02-16,137.0,NSEC3 iterations default 100 -> 10,BIND 9 9.11.34,2021-07-09,0,CVE-2014-0591 (BIND 9),2014-01-14,90.0,,PowerDNS Auth 4.5.0,2021-07-12,0.0,max-nsec3-iterations lowered to 100
2,RFC 5155,forward,ch,2022-06,2022-06,51077,358464,409541,39.474,41.938,171,,,51077.0,0.0,BIND 9 9.7.0,2010-02-16,148,NSEC3 iterations default 100 -> 10,BIND 9 9.7.0,2010-02-16,148.0,NSEC3 iterations default 100 -> 10,BIND 9 9.16.30,2022-06-02,0,CVE-2014-0591 (BIND 9),2014-01-14,101.0,,Knot DNS 3.1.5,2021-12-20,6.0,config check on the default NSEC3 iteration count
3,RFC 5155,forward,ch,2023-01,2023-01,43894,433852,477746,38.546,40.719,178,,,43894.0,0.0,BIND 9 9.7.0,2010-02-16,155,NSEC3 iterations default 100 -> 10,BIND 9 9.7.0,2010-02-16,155.0,NSEC3 iterations default 100 -> 10,Unbound 1.17.1,2023-01-06,0,CVE-2014-0591 (BIND 9),2014-01-14,108.0,,Knot DNS 3.1.5,2021-12-20,13.0,config check on the default NSEC3 iteration count
4,RFC 5155,forward,ee,2019-08,2019-09,1615,4275,5890,94.267,95.338,137,,,1615.0,0.0,BIND 9 9.7.0,2010-02-16,114,NSEC3 iterations default 100 -> 10,BIND 9 9.7.0,2010-02-16,114.0,NSEC3 iterations default 100 -> 10,Knot Resolver 4.2.0,2019-08-05,0,CVE-2014-0591 (BIND 9),2014-01-14,67.0,,PowerDNS Rec 4.1.0,2017-12-04,20.0,reject zones with too many NSEC3 iterations
5,RFC 5155,forward,li,2021-08,2021-10,4368,1403,5771,37.654,63.973,161,,,4368.0,0.0,BIND 9 9.7.0,2010-02-16,138,NSEC3 iterations default 100 -> 10,BIND 9 9.7.0,2010-02-16,138.0,NSEC3 iterations default 100 -> 10,Knot DNS 3.1.0,2021-08-01,0,CVE-2014-0591 (BIND 9),2014-01-14,91.0,,Unbound 1.13.2,2021-08-05,0.0,"NSEC3 max iterations lowered to 150, matching other vendors"
6,RFC 5155,forward,nu,2017-11,2017-11,19582,93614,113196,90.551,79.71,116,,,19582.0,0.0,BIND 9 9.7.0,2010-02-16,93,NSEC3 iterations default 100 -> 10,BIND 9 9.7.0,2010-02-16,93.0,NSEC3 iterations default 100 -> 10,Knot DNS 2.5.6,2017-11-02,0,CVE-2014-0591 (BIND 9),2014-01-14,46.0,,,,,
7,RFC 5155,forward,nu,2018-04,2018-04,12989,110853,123842,78.042,79.731,121,,,12989.0,0.0,BIND 9 9.7.0,2010-02-16,98,NSEC3 iterations default 100 -> 10,BIND 9 9.7.0,2010-02-16,98.0,NSEC3 iterations default 100 -> 10,Knot DNS 2.6.6,2018-04-11,0,CVE-2014-0591 (BIND 9),2014-01-14,51.0,,PowerDNS Rec 4.1.0,2017-12-04,4.0,reject zones with too many NSEC3 iterations
8,RFC 5155,reverse,afrinic,2018-10,2018-10,83,5,88,1.938,24.044,127,,,,,BIND 9 9.7.0,2010-02-16,104,NSEC3 iterations default 100 -> 10,BIND 9 9.7.0,2010-02-16,104.0,NSEC3 iterations default 100 -> 10,Unbound 1.8.1,2018-10-01,0,CVE-2014-0591 (BIND 9),2014-01-14,57.0,,PowerDNS Rec 4.1.0,2017-12-04,10.0,reject zones with too many NSEC3 iterations
9,RFC 5155,reverse,arin,2017-05,2017-06,167,38,205,5.249,25.246,110,,,,,BIND 9 9.7.0,2010-02-16,87,NSEC3 iterations default 100 -> 10,BIND 9 9.7.0,2010-02-16,87.0,NSEC3 iterations default 100 -> 10,Knot Resolver 1.2.5,2017-04-05,1,CVE-2014-0591 (BIND 9),2014-01-14,40.0,,,,,
10,RFC 5155,reverse,arin,2018-06,2018-06,44,224,268,24.508,28.541,123,,,,,BIND 9 9.7.0,2010-02-16,100,NSEC3 iterations default 100 -> 10,BIND 9 9.7.0,2010-02-16,100.0,NSEC3 iterations default 100 -> 10,Unbound 1.7.2,2018-06-04,0,CVE-2014-0591 (BIND 9),2014-01-14,53.0,,PowerDNS Rec 4.1.0,2017-12-04,6.0,reject zones with too many NSEC3 iterations
11,RFC 5155,reverse,arin,2018-08,2018-08,39,268,307,28.36,30.792,125,,,,,BIND 9 9.7.0,2010-02-16,102,NSEC3 iterations default 100 -> 10,BIND 9 9.7.0,2010-02-16,102.0,NSEC3 iterations default 100 -> 10,Knot Resolver 2.4.1,2018-08-02,0,CVE-2014-0591 (BIND 9),2014-01-14,55.0,,PowerDNS Rec 4.1.0,2017-12-04,8.0,reject zones with too many NSEC3 iterations
12,RFC 5155,reverse,arin,2018-10,2018-10,32,308,340,30.893,32.819,127,,,,,BIND 9 9.7.0,2010-02-16,104,NSEC3 iterations default 100 -> 10,BIND 9 9.7.0,2010-02-16,104.0,NSEC3 iterations default 100 -> 10,Unbound 1.8.1,2018-10-01,0,CVE-2014-0591 (BIND 9),2014-01-14,57.0,,PowerDNS Rec 4.1.0,2017-12-04,10.0,reject zones with too many NSEC3 iterations
13,RFC 5155,reverse,arin,2020-11,2020-11,60,382,442,17.96,19.973,152,,,,,BIND 9 9.7.0,2010-02-16,129,NSEC3 iterations default 100 -> 10,BIND 9 9.7.0,2010-02-16,129.0,NSEC3 iterations default 100 -> 10,Knot DNS 3.0.2,2020-11-11,0,CVE-2014-0591 (BIND 9),2014-01-14,82.0,,PowerDNS Rec 4.1.0,2017-12-04,35.0,reject zones with too many NSEC3 iterations
14,RFC 5155,reverse,arin,2021-01,2021-01,78,442,520,19.973,22.356,154,,,,,BIND 9 9.7.0,2010-02-16,131,NSEC3 iterations default 100 -> 10,BIND 9 9.7.0,2010-02-16,131.0,NSEC3 iterations default 100 -> 10,BIND 9 9.11.27,2021-01-11,0,CVE-2014-0591 (BIND 9),2014-01-14,84.0,,PowerDNS Rec 4.1.0,2017-12-04,37.0,reject zones with too many NSEC3 iterations
15,RFC 5155,reverse,arin,2026-08,2026-08,63,372,435,6.221,7.155,221,,,,,BIND 9 9.7.0,2010-02-16,198,NSEC3 iterations default 100 -> 10,BIND 9 9.7.0,2010-02-16,198.0,NSEC3 iterations default 100 -> 10,PowerDNS Auth 4.9.17,2026-08-03,0,CVE-2014-0591 (BIND 9),2014-01-14,151.0,,Knot DNS 3.1.5,2021-12-20,56.0,config check on the default NSEC3 iteration count
16,RFC 5155,reverse,ripe,2011-10,2011-10,62,47,109,10.151,20.223,43,,,,,BIND 9 9.7.0,2010-02-16,20,NSEC3 iterations default 100 -> 10,BIND 9 9.7.0,2010-02-16,20.0,NSEC3 iterations default 100 -> 10,OpenDNSSEC 1.3.1,2011-09-07,1,CVE-2010-0097 (BIND 9),2010-01-22,21.0,,,,,
17,RFC 5155,reverse,ripe,2015-05,2015-05,41,139,180,8.623,10.423,86,,,,,BIND 9 9.7.0,2010-02-16,63,NSEC3 iterations default 100 -> 10,BIND 9 9.7.0,2010-02-16,63.0,NSEC3 iterations default 100 -> 10,PowerDNS Auth 3.3.2,2015-05-01,0,CVE-2014-0591 (BIND 9),2014-01-14,16.0,,,,,
1,RFC 9276,forward,ch,2021-10,2021-11,3366,3618,252,0.697,0.038,-10,,,,,BIND 9 9.7.0,2010-02-16,140,NSEC3 iterations default 100 -> 10,BIND 9 9.7.0,2010-02-16,140.0,NSEC3 iterations default 100 -> 10,PowerDNS Rec 4.4.6,2021-10-06,0,CVE-2021-40083 (Knot Resolver),2021-08-25,2.0,,Unbound 1.13.2,2021-08-05,2.0,"NSEC3 max iterations lowered to 150, matching other vendors"
2,RFC 9276,forward,nu,2021-10,2021-11,12035,12145,110,5.645,0.054,-10,,,,,BIND 9 9.7.0,2010-02-16,140,NSEC3 iterations default 100 -> 10,BIND 9 9.7.0,2010-02-16,140.0,NSEC3 iterations default 100 -> 10,PowerDNS Rec 4.4.6,2021-10-06,0,CVE-2021-40083 (Knot Resolver),2021-08-25,2.0,,Unbound 1.13.2,2021-08-05,2.0,"NSEC3 max iterations lowered to 150, matching other vendors"
3,RFC 9276,forward,se,2021-10,2021-11,1388,1476,88,0.11,0.007,-10,,,,,BIND 9 9.7.0,2010-02-16,140,NSEC3 iterations default 100 -> 10,BIND 9 9.7.0,2010-02-16,140.0,NSEC3 iterations default 100 -> 10,PowerDNS Rec 4.4.6,2021-10-06,0,CVE-2021-40083 (Knot Resolver),2021-08-25,2.0,,Unbound 1.13.2,2021-08-05,2.0,"NSEC3 max iterations lowered to 150, matching other vendors"
