series,observable,corpus,source,event_month,step_pp,statistic,percentile,above_band,event_months_tested,share_of_event_months_above_band,nonoverlap_statistic,nonoverlap_percentile,nonoverlap_above_band,nonoverlap_event_months_tested,nonoverlap_share_of_event_months_above_band
alg13 .se,alg13,forward,se,2019-01,0,31.5143,91.9,False,56,0.053571,31.5143,100,True,56,0.285714
alg13 .se,alg13,forward,se,2019-01,1,32.5143,94.9,False,56,0.053571,32.5143,100,True,56,0.285714
alg13 .se,alg13,forward,se,2019-01,2,33.5143,94.7,False,56,0.053571,33.5143,100,True,56,0.267857
alg13 .se,alg13,forward,se,2019-01,5,36.5143,96.3,True,56,0.071429,36.5143,100,True,56,0.303571
alg13 .se,alg13,forward,se,2019-01,10,41.5143,98.5,True,56,0.089286,41.5143,100,True,56,0.321429
alg13 panel,alg13,reverse_panel,_pooled-afrinic-arin,2018-06,0,5.90402,92,False,149,0.053691,5.90402,100,True,149,0.120805
alg13 panel,alg13,reverse_panel,_pooled-afrinic-arin,2018-06,1,6.90402,91.6,False,149,0.060403,6.90402,100,True,149,0.134228
alg13 panel,alg13,reverse_panel,_pooled-afrinic-arin,2018-06,2,7.90402,94,False,149,0.067114,7.90402,100,True,149,0.147651
alg13 panel,alg13,reverse_panel,_pooled-afrinic-arin,2018-06,5,10.904,100,True,149,0.127517,10.904,100,True,149,0.174497
alg13 panel,alg13,reverse_panel,_pooled-afrinic-arin,2018-06,10,15.904,100,True,149,0.731544,15.904,100,True,149,0.785235
digest1 .nu,digest1,forward,nu,2019-03,0,26.1726,88.6,False,56,0.053571,26.1726,100,True,56,0.232143
digest1 .nu,digest1,forward,nu,2019-03,1,27.1726,89.4,False,56,0.053571,27.1726,100,True,56,0.232143
digest1 .nu,digest1,forward,nu,2019-03,2,28.1726,90.5,False,56,0.071429,28.1726,100,True,56,0.25
digest1 .nu,digest1,forward,nu,2019-03,5,31.1726,90.3,False,56,0.071429,31.1726,100,True,56,0.25
digest1 .nu,digest1,forward,nu,2019-03,10,36.1726,90.4,False,56,0.089286,36.1726,100,True,56,0.285714
