n,observable,direction,corpus,source,start,end,delta,level_before,level_after,nearest_relevant_default,lag_months,relevant_default_within_3m,nearest_default_any_direction,chance_relevant_default_within_3m,nearest_release_bind9,nearest_release_knot,nearest_release_kresd,nearest_release_nsd,nearest_release_opendnssec,nearest_release_pdns-auth,nearest_release_pdns-rec,nearest_release_unbound,composition,new_signings,rollovers,unsignings
1,alg13,1,forward,se,2016-10,2016-11,17193,258,17451,pdns-auth pdns-auth[7]@4.0.0 2016-07-08,3,True,pdns-auth pdns-auth[7]@4.0.0 2016-07-08 lag 3,0.088889,v9.9.9-P4 2016-10-21 lag 0,v2.3.1 2016-10-10 lag 0,v1.1.1 2016-08-24 lag 2,NSD_4_1_13_REL 2016-09-19 lag 1,1.4.12 2016-10-17 lag 0,auth-3.4.10 2016-09-01 lag 1,rec-4.0.3 2016-09-06 lag 1,release-1.5.10 2016-09-20 lag 1,mostly rollovers (bound),at most 6445,at least 10748,
2,alg13,1,forward,se,2017-04,2017-04,16925,17944,34869,pdns-auth pdns-auth[7]@4.0.0 2016-07-08,9,False,pdns-auth pdns-auth[7]@4.0.0 2016-07-08 lag 9,0.088889,v9.9.10 2017-04-14 lag 0,v2.4.3 2017-04-10 lag 0,v1.2.6 2017-04-24 lag 0,NSD_4_1_16_REL 2017-04-11 lag 0,2.1.1 2017-04-28 lag 0,auth-4.0.3 2017-01-16 lag 3,rec-4.0.4 2017-01-13 lag 3,release-1.6.2 2017-04-13 lag 0,could be mostly new signings (bound),at most 16925,at least 0,
3,alg13,1,forward,se,2017-11,2017-11,3474,33819,37293,pdns-auth pdns-auth[7]@4.0.0 2016-07-08,16,False,pdns-auth pdns-auth[7]@4.0.0 2016-07-08 lag 16,0.088889,v9.9.11 2017-07-24 lag 4,v2.6.3 2017-11-24 lag 0,v1.5.0 2017-11-02 lag 0,NSD_4_1_18_REL 2017-11-27 lag 0,2.1.3 2017-08-10 lag 3,auth-4.1.0 2017-11-30 lag 0,rec-4.0.7 2017-11-27 lag 0,release-1.6.8 2017-10-10 lag 1,could be mostly new signings (bound),at most 3474,at least 0,
4,alg13,1,forward,se,2019-01,2019-01,119500,34482,153982,pdns-auth pdns-auth[7]@4.0.0 2016-07-08,30,False,pdns-auth pdns-auth[7]@4.0.0 2016-07-08 lag 30,0.088889,v9.11.5-P1 2018-12-10 lag 1,v2.7.6 2019-01-23 lag 0,v3.2.1 2019-01-10 lag 0,NSD_4_1_26_REL 2018-11-29 lag 2,2.1.3 2017-08-10 lag 17,auth-4.1.6 2019-01-04 lag 0,rec-4.1.11 2019-01-30 lag 0,release-1.9.0 2019-01-29 lag 0,mostly rollovers (bound),at most 0,at least 119500,
5,alg13,1,forward,se,2019-06,2019-07,217437,185327,402764,pdns-auth pdns-auth[7]@4.0.0 2016-07-08,35,False,pdns-auth pdns-auth[7]@4.0.0 2016-07-08 lag 35,0.088889,v9.14.3 2019-06-04 lag 0,v2.8.2 2019-06-05 lag 0,v4.0.0 2019-04-18 lag 2,NSD_4_2_0_REL 2019-06-06 lag 0,2.1.4 2019-05-16 lag 1,auth-4.1.10 2019-06-20 lag 0,rec-4.1.14 2019-06-12 lag 0,release-1.9.2 2019-06-14 lag 0,mostly rollovers (bound),at most 0,at least 217437,
6,alg13,1,forward,nu,2016-10,2016-10,857,43,900,pdns-auth pdns-auth[7]@4.0.0 2016-07-08,3,True,pdns-auth pdns-auth[7]@4.0.0 2016-07-08 lag 3,0.088889,v9.9.9-P4 2016-10-21 lag 0,v2.3.1 2016-10-10 lag 0,v1.1.1 2016-08-24 lag 2,NSD_4_1_13_REL 2016-09-19 lag 1,1.4.12 2016-10-17 lag 0,auth-3.4.10 2016-09-01 lag 1,rec-4.0.3 2016-09-06 lag 1,release-1.5.10 2016-09-20 lag 1,mostly rollovers (bound),at most 0,at least 857,
7,alg13,1,forward,nu,2019-01,2019-01,18247,2842,21089,pdns-auth pdns-auth[7]@4.0.0 2016-07-08,30,False,pdns-auth pdns-auth[7]@4.0.0 2016-07-08 lag 30,0.088889,v9.11.5-P1 2018-12-10 lag 1,v2.7.6 2019-01-23 lag 0,v3.2.1 2019-01-10 lag 0,NSD_4_1_26_REL 2018-11-29 lag 2,2.1.3 2017-08-10 lag 17,auth-4.1.6 2019-01-04 lag 0,rec-4.1.11 2019-01-30 lag 0,release-1.9.0 2019-01-29 lag 0,mostly rollovers (bound),at most 0,at least 18247,
8,alg13,1,forward,nu,2019-03,2019-03,2196,21546,23742,pdns-auth pdns-auth[7]@4.0.0 2016-07-08,32,False,pdns-auth pdns-auth[7]@4.0.0 2016-07-08 lag 32,0.088889,v9.14.0 2019-03-20 lag 0,v2.8.0 2019-03-05 lag 0,v3.2.1 2019-01-10 lag 2,NSD_4_1_27_REL 2019-03-19 lag 0,2.1.3 2017-08-10 lag 19,auth-4.1.8 2019-03-22 lag 0,rec-4.1.11 2019-01-30 lag 2,release-1.9.1 2019-03-05 lag 0,could be mostly new signings (bound),at most 1586,at least 610,
9,alg13,1,forward,nu,2019-05,2019-05,6480,24069,30549,pdns-auth pdns-auth[7]@4.0.0 2016-07-08,34,False,pdns-auth pdns-auth[7]@4.0.0 2016-07-08 lag 34,0.088889,v9.14.2 2019-05-10 lag 0,v2.7.7 2019-04-15 lag 1,v4.0.0 2019-04-18 lag 1,NSD_4_1_27_REL 2019-03-19 lag 2,2.1.4 2019-05-16 lag 0,auth-4.1.8 2019-03-22 lag 2,rec-4.1.13 2019-05-14 lag 0,release-1.9.1 2019-03-05 lag 2,mostly rollovers (bound),at most 1037,at least 5443,
10,alg13,1,forward,nu,2019-09,2019-09,4884,30949,35833,pdns-auth pdns-auth[7]@4.0.0 2016-07-08,38,False,pdns-auth pdns-auth[7]@4.0.0 2016-07-08 lag 38,0.088889,v9.14.6 2019-09-09 lag 0,v2.8.4 2019-09-24 lag 0,v4.2.1 2019-09-26 lag 0,NSD_4_2_2_REL 2019-08-13 lag 1,2.1.4 2019-05-16 lag 4,auth-4.2.0 2019-08-27 lag 1,rec-4.2.0 2019-07-12 lag 2,release-1.9.3 2019-08-22 lag 1,could be mostly new signings (bound),at most 4398,at least 486,
11,alg13,1,forward,nu,2019-11,2019-11,9696,36432,46128,pdns-auth pdns-auth[7]@4.0.0 2016-07-08,40,False,pdns-auth pdns-auth[7]@4.0.0 2016-07-08 lag 40,0.088889,v9.14.8 2019-11-06 lag 0,v2.9.1 2019-11-11 lag 0,v4.2.2 2019-10-07 lag 1,NSD_4_2_3_REL 2019-11-14 lag 0,2.1.5 2019-11-05 lag 0,auth-4.2.1 2019-11-28 lag 0,rec-4.2.1 2019-11-27 lag 0,release-1.9.5 2019-11-19 lag 0,mostly rollovers (bound),at most 33,at least 9663,
12,alg13,1,forward,nu,2021-08,2021-08,6089,59737,65826,bind9 d15-dnssec-policy-default-ecdsap256 2020-02-12,18,False,bind9 d15-dnssec-policy-default-ecdsap256 2020-02-12 lag 18,0.088889,v9.16.20 2021-08-10 lag 0,v3.1.1 2021-08-10 lag 0,v5.4.1 2021-08-19 lag 0,NSD_4_3_7_REL 2021-07-22 lag 1,2.1.9 2021-05-03 lag 3,auth-4.5.1 2021-07-22 lag 1,rec-4.5.5 2021-07-28 lag 1,release-1.13.2 2021-08-05 lag 0,mostly rollovers (bound),at most 0,at least 6089,
13,alg13,1,forward,nu,2022-01,2022-01,6717,64933,71650,bind9 d15-dnssec-policy-default-ecdsap256 2020-02-12,23,False,bind9 d15-dnssec-policy-default-ecdsap256 2020-02-12 lag 23,0.088889,v9.18.0 2022-01-24 lag 0,v3.1.5 2021-12-20 lag 1,v5.4.4 2022-01-05 lag 0,NSD_4_3_9_REL 2021-12-02 lag 1,2.1.10 2021-09-10 lag 4,auth-4.6.0 2022-01-24 lag 0,rec-4.6.0 2021-12-14 lag 1,release-1.14.0 2021-12-01 lag 1,could be mostly new signings (bound),at most 5867,at least 850,
14,alg13,1,forward,ee,2019-08,2019-09,1637,3259,4896,pdns-auth pdns-auth[7]@4.0.0 2016-07-08,37,False,pdns-auth pdns-auth[7]@4.0.0 2016-07-08 lag 37,0.075472,v9.14.5 2019-08-13 lag 0,v2.8.3 2019-07-16 lag 1,v4.2.0 2019-08-05 lag 0,NSD_4_2_2_REL 2019-08-13 lag 0,2.1.4 2019-05-16 lag 3,auth-4.2.0 2019-08-27 lag 0,rec-4.2.0 2019-07-12 lag 1,release-1.9.3 2019-08-22 lag 0,could be mostly new signings (bound),at most 1637,at least 0,
15,alg13,1,forward,ch,2021-06,2021-11,591306,127928,719234,bind9 d15-dnssec-policy-default-ecdsap256 2020-02-12,16,False,bind9 d15-dnssec-policy-default-ecdsap256 2020-02-12 lag 16,0,v9.16.18 2021-06-18 lag 0,v3.0.7 2021-06-16 lag 0,v5.3.2 2021-05-05 lag 1,NSD_4_3_6_REL 2021-03-30 lag 3,2.1.9 2021-05-03 lag 1,auth-4.3.2 2021-03-05 lag 3,rec-4.5.4 2021-06-30 lag 0,release-1.13.1 2021-02-02 lag 4,could be mostly new signings (bound),at most 591306,at least 0,
16,alg13,1,forward,li,2021-06,2021-11,8045,1157,9202,bind9 d15-dnssec-policy-default-ecdsap256 2020-02-12,16,False,bind9 d15-dnssec-policy-default-ecdsap256 2020-02-12 lag 16,0,v9.16.18 2021-06-18 lag 0,v3.0.7 2021-06-16 lag 0,v5.3.2 2021-05-05 lag 1,NSD_4_3_6_REL 2021-03-30 lag 3,2.1.9 2021-05-03 lag 1,auth-4.3.2 2021-03-05 lag 3,rec-4.5.4 2021-06-30 lag 0,release-1.13.1 2021-02-02 lag 4,could be mostly new signings (bound),at most 8045,at least 0,
17,alg13,1,forward,li,2022-11,2022-12,5166,12344,17510,bind9 d15-dnssec-policy-default-ecdsap256 2020-02-12,33,False,bind9 d15-dnssec-policy-default-ecdsap256 2020-02-12 lag 33,0,v9.18.9 2022-11-07 lag 0,v3.2.3 2022-11-20 lag 0,v5.5.3 2022-09-21 lag 2,NSD_4_6_1_REL 2022-11-01 lag 0,2.1.12 2022-11-08 lag 0,auth-4.7.2 2022-11-01 lag 0,rec-4.7.4 2022-11-23 lag 0,release-1.17.0 2022-10-11 lag 1,could be mostly new signings (bound),at most 5166,at least 0,
18,alg13,1,reverse,afrinic,2019-01,2019-01,40,0,40,pdns-auth pdns-auth[7]@4.0.0 2016-07-08,30,False,pdns-auth pdns-auth[7]@4.0.0 2016-07-08 lag 30,0.055276,v9.11.5-P1 2018-12-10 lag 1,v2.7.6 2019-01-23 lag 0,v3.2.1 2019-01-10 lag 0,NSD_4_1_26_REL 2018-11-29 lag 2,2.1.3 2017-08-10 lag 17,auth-4.1.6 2019-01-04 lag 0,rec-4.1.11 2019-01-30 lag 0,release-1.9.0 2019-01-29 lag 0,mostly new signings,40,0,0
19,alg13,1,reverse,afrinic,2021-02,2021-02,53,69,122,bind9 d15-dnssec-policy-default-ecdsap256 2020-02-12,12,False,bind9 d15-dnssec-policy-default-ecdsap256 2020-02-12 lag 12,0.055276,v9.16.12 2021-02-04 lag 0,v3.0.4 2021-01-20 lag 1,v5.3.0 2021-02-25 lag 0,NSD_4_3_5_REL 2021-01-19 lag 1,2.1.8 2021-02-20 lag 0,auth-4.4.1 2021-02-06 lag 0,rec-4.4.2 2020-12-09 lag 2,release-1.13.1 2021-02-02 lag 0,mostly new signings,53,0,0
20,alg13,1,reverse,afrinic,2026-07,2026-07,52,250,302,bind9 d15-dnssec-policy-default-ecdsap256 2020-02-12,77,False,bind9 d15-dnssec-policy-default-ecdsap256 2020-02-12 lag 77,0.055276,v9.20.26 2026-07-20 lag 0,v3.5.6 2026-07-20 lag 0,v6.4.1 2026-07-22 lag 0,NSD_4_15_0_REL 2026-07-07 lag 0,2.1.14 2024-08-22 lag 23,auth-5.1.3 2026-06-29 lag 1,rec-5.4.4 2026-07-07 lag 0,release-1.26.0 2026-07-24 lag 0,no matching ledger events,0,0,0
21,alg13,1,reverse,apnic,2017-09,2017-09,155,2,157,pdns-auth pdns-auth[7]@4.0.0 2016-07-08,14,False,pdns-auth pdns-auth[7]@4.0.0 2016-07-08 lag 14,0.061798,v9.9.11 2017-07-24 lag 2,v2.6.0 2017-09-29 lag 0,v1.4.0 2017-09-21 lag 0,NSD_4_1_17_REL 2017-07-13 lag 2,2.1.3 2017-08-10 lag 1,auth-4.0.4 2017-06-22 lag 3,rec-4.0.6 2017-07-04 lag 2,release-1.6.6 2017-09-13 lag 0,mostly new signings,155,0,0
22,alg13,1,reverse,apnic,2018-06,2018-06,119,204,323,pdns-auth pdns-auth[7]@4.0.0 2016-07-08,23,False,pdns-auth pdns-auth[7]@4.0.0 2016-07-08 lag 23,0.061798,v9.12.1-P2 2018-05-16 lag 1,v2.6.7 2018-05-17 lag 1,v2.3.0 2018-04-23 lag 2,NSD_4_1_23_REL 2018-06-11 lag 0,2.1.3 2017-08-10 lag 10,auth-4.1.3 2018-05-24 lag 1,rec-4.1.3 2018-05-22 lag 1,release-1.7.3 2018-06-18 lag 0,mostly new signings,119,0,0
23,alg13,1,reverse,apnic,2019-01,2019-01,100,335,435,pdns-auth pdns-auth[7]@4.0.0 2016-07-08,30,False,pdns-auth pdns-auth[7]@4.0.0 2016-07-08 lag 30,0.061798,v9.11.5-P1 2018-12-10 lag 1,v2.7.6 2019-01-23 lag 0,v3.2.1 2019-01-10 lag 0,NSD_4_1_26_REL 2018-11-29 lag 2,2.1.3 2017-08-10 lag 17,auth-4.1.6 2019-01-04 lag 0,rec-4.1.11 2019-01-30 lag 0,release-1.9.0 2019-01-29 lag 0,mostly new signings,100,0,0
24,alg13,1,reverse,arin,2019-01,2019-01,55,68,123,pdns-auth pdns-auth[7]@4.0.0 2016-07-08,30,False,pdns-auth pdns-auth[7]@4.0.0 2016-07-08 lag 30,0.055276,v9.11.5-P1 2018-12-10 lag 1,v2.7.6 2019-01-23 lag 0,v3.2.1 2019-01-10 lag 0,NSD_4_1_26_REL 2018-11-29 lag 2,2.1.3 2017-08-10 lag 17,auth-4.1.6 2019-01-04 lag 0,rec-4.1.11 2019-01-30 lag 0,release-1.9.0 2019-01-29 lag 0,mostly new signings,55,0,0
25,alg13,1,reverse,arin,2019-03,2019-03,45,123,168,pdns-auth pdns-auth[7]@4.0.0 2016-07-08,32,False,pdns-auth pdns-auth[7]@4.0.0 2016-07-08 lag 32,0.055276,v9.14.0 2019-03-20 lag 0,v2.8.0 2019-03-05 lag 0,v3.2.1 2019-01-10 lag 2,NSD_4_1_27_REL 2019-03-19 lag 0,2.1.3 2017-08-10 lag 19,auth-4.1.8 2019-03-22 lag 0,rec-4.1.11 2019-01-30 lag 2,release-1.9.1 2019-03-05 lag 0,mostly new signings,45,0,0
26,alg13,1,reverse,arin,2019-06,2019-07,166,172,338,pdns-auth pdns-auth[7]@4.0.0 2016-07-08,35,False,pdns-auth pdns-auth[7]@4.0.0 2016-07-08 lag 35,0.055276,v9.14.3 2019-06-04 lag 0,v2.8.2 2019-06-05 lag 0,v4.0.0 2019-04-18 lag 2,NSD_4_2_0_REL 2019-06-06 lag 0,2.1.4 2019-05-16 lag 1,auth-4.1.10 2019-06-20 lag 0,rec-4.1.14 2019-06-12 lag 0,release-1.9.2 2019-06-14 lag 0,mostly new signings,165,1,0
27,alg13,1,reverse,arin,2019-10,2019-10,41,350,391,pdns-auth pdns-auth[7]@4.0.0 2016-07-08,39,False,pdns-auth pdns-auth[7]@4.0.0 2016-07-08 lag 39,0.055276,v9.14.7 2019-10-02 lag 0,v2.9.0 2019-10-10 lag 0,v4.2.2 2019-10-07 lag 0,NSD_4_2_2_REL 2019-08-13 lag 2,2.1.4 2019-05-16 lag 5,auth-4.2.0 2019-08-27 lag 2,rec-4.2.0 2019-07-12 lag 3,release-1.9.4 2019-10-03 lag 0,mostly new signings,40,1,0
28,alg13,1,reverse,arin,2020-11,2020-11,84,614,698,bind9 d15-dnssec-policy-default-ecdsap256 2020-02-12,9,False,bind9 d15-dnssec-policy-default-ecdsap256 2020-02-12 lag 9,0.055276,v9.16.9 2020-11-16 lag 0,v3.0.2 2020-11-11 lag 0,v5.2.0 2020-11-11 lag 0,NSD_4_3_4_REL 2020-11-24 lag 0,2.1.7 2020-10-07 lag 1,auth-4.3.1 2020-09-22 lag 2,rec-4.4.1 2020-11-16 lag 0,release-1.12.0 2020-10-01 lag 1,mostly new signings,84,0,0
29,alg13,1,reverse,lacnic,2021-09,2021-09,36,78,114,bind9 d15-dnssec-policy-default-ecdsap256 2020-02-12,19,False,bind9 d15-dnssec-policy-default-ecdsap256 2020-02-12 lag 19,0.055276,v9.16.21 2021-09-07 lag 0,v3.0.9 2021-09-09 lag 0,v5.4.1 2021-08-19 lag 1,NSD_4_3_7_REL 2021-07-22 lag 2,2.1.10 2021-09-10 lag 0,auth-4.5.1 2021-07-22 lag 2,rec-4.5.5 2021-07-28 lag 2,release-1.13.2 2021-08-05 lag 1,mostly new signings,44,0,0
30,alg13,1,reverse,ripe,2019-01,2019-01,63,3,66,pdns-auth pdns-auth[7]@4.0.0 2016-07-08,30,False,pdns-auth pdns-auth[7]@4.0.0 2016-07-08 lag 30,0.055276,v9.11.5-P1 2018-12-10 lag 1,v2.7.6 2019-01-23 lag 0,v3.2.1 2019-01-10 lag 0,NSD_4_1_26_REL 2018-11-29 lag 2,2.1.3 2017-08-10 lag 17,auth-4.1.6 2019-01-04 lag 0,rec-4.1.11 2019-01-30 lag 0,release-1.9.0 2019-01-29 lag 0,mostly new signings,63,0,0
31,alg5,-1,forward,se,2017-07,2017-07,544,3365,2821,,,False,bind9 d02-keygen-default-alg-rsasha1 2010-02-16 lag 89,0.044444,v9.9.11 2017-07-24 lag 0,v2.5.3 2017-07-14 lag 0,v1.3.2 2017-07-28 lag 0,NSD_4_1_17_REL 2017-07-13 lag 0,2.1.1 2017-04-28 lag 3,auth-4.0.4 2017-06-22 lag 1,rec-4.0.6 2017-07-04 lag 0,release-1.6.5 2017-06-27 lag 1,not determinable: forward per-zone records are not in the repository,,,
32,alg5,-1,forward,se,2018-10,2018-10,311,2347,2036,bind9 d06-keygen-no-default-alg 2018-01-17,9,False,bind9 d06-keygen-no-default-alg 2018-01-17 lag 9,0.044444,v9.12.3 2018-10-06 lag 0,v2.7.3 2018-10-11 lag 0,v3.0.0 2018-08-17 lag 2,NSD_4_1_25_REL 2018-09-18 lag 1,2.1.3 2017-08-10 lag 14,auth-4.1.4 2018-08-29 lag 2,rec-4.1.4 2018-08-31 lag 2,release-1.8.1 2018-10-01 lag 0,not determinable: forward per-zone records are not in the repository,,,
33,alg5,1,reverse,apnic,2012-01,2012-01,35,8,43,bind9 d02-keygen-default-alg-rsasha1 2010-02-16,23,False,bind9 d02-keygen-default-alg-rsasha1 2010-02-16 lag 23,0.022472,v9.8.1-P1 2011-11-16 lag 2,v0.9.1 2012-01-20 lag 0,,NSD_3_2_9_REL 2011-11-02 lag 2,1.3.5 2012-01-23 lag 0,auth-3.0.1 2012-01-10 lag 0,rec-3.3.1 2010-12-18 lag 13,release-1.4.15 2012-01-18 lag 0,mostly new signings,35,0,0
34,alg5,-1,reverse,apnic,2019-08,2019-08,38,57,19,bind9 d06-keygen-no-default-alg 2018-01-17,19,False,bind9 d06-keygen-no-default-alg 2018-01-17 lag 19,0.022472,v9.14.5 2019-08-13 lag 0,v2.8.3 2019-07-16 lag 1,v4.2.0 2019-08-05 lag 0,NSD_4_2_2_REL 2019-08-13 lag 0,2.1.4 2019-05-16 lag 3,auth-4.2.0 2019-08-27 lag 0,rec-4.2.0 2019-07-12 lag 1,release-1.9.3 2019-08-22 lag 0,mostly rollovers away,0,38,0
35,alg5,1,reverse,arin,2011-05,2011-06,81,0,81,bind9 d02-keygen-default-alg-rsasha1 2010-02-16,15,False,bind9 d02-keygen-default-alg-rsasha1 2010-02-16 lag 15,0.020101,v9.8.0-P2 2011-05-27 lag 0,v0.2 2011-04-12 lag 1,,NSD_3_2_8_REL 2011-03-22 lag 2,1.2.1 2011-03-18 lag 2,auth-2.9.22 2009-01-25 lag 28,rec-3.3.1 2010-12-18 lag 5,release-1.4.10 2011-05-25 lag 0,mostly new signings,80,0,0
36,alg5,1,reverse,arin,2017-04,2017-04,91,182,273,bind9 d02-keygen-default-alg-rsasha1 2010-02-16,86,False,bind9 d02-keygen-default-alg-rsasha1 2010-02-16 lag 86,0.020101,v9.9.10 2017-04-14 lag 0,v2.4.3 2017-04-10 lag 0,v1.2.6 2017-04-24 lag 0,NSD_4_1_16_REL 2017-04-11 lag 0,2.1.1 2017-04-28 lag 0,auth-4.0.3 2017-01-16 lag 3,rec-4.0.4 2017-01-13 lag 3,release-1.6.2 2017-04-13 lag 0,mostly rollovers,4,87,0
37,alg5,1,reverse,arin,2020-06,2020-06,255,195,450,bind9 d02-keygen-default-alg-rsasha1 2010-02-16,124,False,bind9 d06-keygen-no-default-alg 2018-01-17 lag 29,0.020101,v9.16.4 2020-06-10 lag 0,v2.9.5 2020-05-25 lag 1,v5.1.1 2020-05-19 lag 1,NSD_4_3_1_REL 2020-04-08 lag 2,2.1.6 2020-02-10 lag 4,auth-4.2.2 2020-04-07 lag 2,rec-4.3.2 2020-06-30 lag 0,release-1.10.1 2020-05-19 lag 1,mostly new signings,256,0,0
38,alg5,1,reverse,arin,2024-06,2024-06,32,159,191,bind9 d02-keygen-default-alg-rsasha1 2010-02-16,172,False,bind9 d06-keygen-no-default-alg 2018-01-17 lag 77,0.020101,v9.18.27 2024-05-03 lag 1,v3.3.7 2024-06-25 lag 0,v5.7.3 2024-05-30 lag 1,NSD_4_10_0_REL 2024-06-12 lag 0,2.1.13 2023-06-26 lag 12,auth-4.9.1 2024-05-27 lag 1,rec-5.0.7 2024-06-25 lag 0,release-1.20.0 2024-05-01 lag 1,mostly new signings,32,0,0
39,alg5,-1,reverse,arin,2016-08,2016-08,32,227,195,,,False,bind9 d02-keygen-default-alg-rsasha1 2010-02-16 lag 78,0.020101,v9.9.9-P2 2016-07-13 lag 1,v2.3.0 2016-08-09 lag 0,v1.1.1 2016-08-24 lag 0,NSD_4_1_12_REL 2016-08-09 lag 0,2.0.1 2016-07-21 lag 1,auth-4.0.1 2016-07-29 lag 1,rec-4.0.2 2016-08-26 lag 0,release-1.5.9 2016-06-02 lag 2,mostly unsignings,0,0,32
40,alg5,-1,reverse,arin,2017-06,2017-06,87,273,186,,,False,bind9 d02-keygen-default-alg-rsasha1 2010-02-16 lag 88,0.020101,v9.9.10-P2 2017-06-28 lag 0,v2.5.2 2017-06-23 lag 0,v1.3.1 2017-06-23 lag 0,NSD_4_1_16_REL 2017-04-11 lag 2,2.1.1 2017-04-28 lag 2,auth-4.0.4 2017-06-22 lag 0,rec-4.0.5 2017-06-13 lag 0,release-1.6.5 2017-06-27 lag 0,mostly rollovers away,0,87,0
41,alg5,-1,reverse,arin,2020-07,2020-08,268,450,182,bind9 d06-keygen-no-default-alg 2018-01-17,30,False,bind9 d06-keygen-no-default-alg 2018-01-17 lag 30,0.020101,v9.16.5 2020-07-03 lag 0,v2.9.5 2020-05-25 lag 2,v5.1.2 2020-07-01 lag 0,NSD_4_3_2_REL 2020-07-07 lag 0,2.1.6 2020-02-10 lag 5,auth-4.2.2 2020-04-07 lag 3,rec-4.3.3 2020-07-14 lag 0,release-1.11.0 2020-07-20 lag 0,mostly unsignings,0,13,256
42,alg5,-1,reverse,arin,2024-07,2024-07,39,191,152,bind9 d06-keygen-no-default-alg 2018-01-17,78,False,bind9 d06-keygen-no-default-alg 2018-01-17 lag 78,0.020101,v9.20.0 2024-07-08 lag 0,v3.3.8 2024-07-22 lag 0,v6.0.8 2024-07-23 lag 0,NSD_4_10_0_REL 2024-06-12 lag 1,2.1.13 2023-06-26 lag 13,auth-4.9.1 2024-05-27 lag 2,rec-5.1.1 2024-07-22 lag 0,release-1.20.0 2024-05-01 lag 2,mostly rollovers away,0,31,8
43,alg5,1,reverse,ripe,2010-04,2010-04,32,176,208,bind9 d02-keygen-default-alg-rsasha1 2010-02-16,2,True,bind9 d02-keygen-default-alg-rsasha1 2010-02-16 lag 2,0.020101,v9.7.0-P1 2010-03-04 lag 1,,,NSD_3_2_5_REL 2010-04-14 lag 0,1.0.0 2010-02-28 lag 2,auth-2.9.22 2009-01-25 lag 15,rec-3.2 2010-03-06 lag 1,release-1.4.4 2010-04-16 lag 0,mostly new signings,32,0,0
44,alg5,1,reverse,ripe,2010-08,2010-08,105,233,338,bind9 d02-keygen-default-alg-rsasha1 2010-02-16,6,False,bind9 d02-keygen-default-alg-rsasha1 2010-02-16 lag 6,0.020101,v9.7.1-P2 2010-07-15 lag 1,,,NSD_3_2_6_REL 2010-07-20 lag 1,1.1.2 2010-08-25 lag 0,auth-2.9.22 2009-01-25 lag 19,rec-3.2 2010-03-06 lag 5,release-1.4.6 2010-07-22 lag 1,mostly new signings,107,0,0
45,alg5,1,reverse,ripe,2012-01,2012-01,62,362,424,bind9 d02-keygen-default-alg-rsasha1 2010-02-16,23,False,bind9 d02-keygen-default-alg-rsasha1 2010-02-16 lag 23,0.020101,v9.8.1-P1 2011-11-16 lag 2,v0.9.1 2012-01-20 lag 0,,NSD_3_2_9_REL 2011-11-02 lag 2,1.3.5 2012-01-23 lag 0,auth-3.0.1 2012-01-10 lag 0,rec-3.3.1 2010-12-18 lag 13,release-1.4.15 2012-01-18 lag 0,mostly new signings,63,0,0
46,alg5,1,reverse,ripe,2013-12,2013-12,179,477,656,bind9 d02-keygen-default-alg-rsasha1 2010-02-16,46,False,bind9 d02-keygen-default-alg-rsasha1 2010-02-16 lag 46,0.020101,v9.9.4-P2 2013-12-20 lag 0,v1.4.0 2013-12-31 lag 0,,NSD_4_0_0_REL 2013-10-29 lag 2,1.4.3 2013-12-04 lag 0,auth-3.3.1 2013-12-17 lag 0,rec-3.5.3 2013-09-17 lag 3,release-1.4.21 2013-09-10 lag 3,mostly new signings,179,0,0
47,alg5,1,reverse,ripe,2015-06,2015-06,73,658,731,bind9 d02-keygen-default-alg-rsasha1 2010-02-16,64,False,bind9 d02-keygen-default-alg-rsasha1 2010-02-16 lag 64,0.020101,v9.9.7-P1 2015-06-17 lag 0,v2.0.0 2015-06-26 lag 0,,NSD_4_1_3_REL 2015-06-04 lag 0,1.4.7 2014-12-04 lag 6,auth-3.3.3 2015-06-08 lag 0,rec-3.7.3 2015-06-09 lag 0,release-1.5.4 2015-06-29 lag 0,mostly new signings,77,0,0
48,alg5,-1,reverse,ripe,2015-10,2015-10,782,794,12,,,False,bind9 d02-keygen-default-alg-rsasha1 2010-02-16 lag 68,0.020101,v9.9.8 2015-09-09 lag 1,v2.0.1 2015-09-02 lag 1,,NSD_4_1_6_REL 2015-10-20 lag 0,1.4.8.2 2015-10-05 lag 0,auth-3.4.6 2015-08-26 lag 2,rec-3.7.3 2015-06-09 lag 4,release-1.5.6 2015-10-15 lag 0,mostly unsignings,0,0,782
49,alg5_7,1,forward,se,2016-11,2016-11,904,6094,6998,,,False,,0,v9.9.9-P4 2016-10-21 lag 1,v2.3.2 2016-11-04 lag 0,v1.1.1 2016-08-24 lag 3,NSD_4_1_13_REL 2016-09-19 lag 2,1.4.12 2016-10-17 lag 1,auth-3.4.10 2016-09-01 lag 2,rec-4.0.3 2016-09-06 lag 2,release-1.5.10 2016-09-20 lag 2,could be mostly new signings (bound),at most 904,at least 0,
50,alg5_7,-1,forward,se,2019-10,2019-10,1045,5472,4427,,,False,,0.044444,v9.14.7 2019-10-02 lag 0,v2.9.0 2019-10-10 lag 0,v4.2.2 2019-10-07 lag 0,NSD_4_2_2_REL 2019-08-13 lag 2,2.1.4 2019-05-16 lag 5,auth-4.2.0 2019-08-27 lag 2,rec-4.2.0 2019-07-12 lag 3,release-1.9.4 2019-10-03 lag 0,not determinable: forward per-zone records are not in the repository,,,
51,alg5_7,-1,forward,se,2021-09,2021-09,777,3266,2489,knot knot[12]@3.0.2 2020-11-11,10,False,knot knot[12]@3.0.2 2020-11-11 lag 10,0.044444,v9.16.21 2021-09-07 lag 0,v3.0.9 2021-09-09 lag 0,v5.4.1 2021-08-19 lag 1,NSD_4_3_7_REL 2021-07-22 lag 2,2.1.10 2021-09-10 lag 0,auth-4.5.1 2021-07-22 lag 2,rec-4.5.5 2021-07-28 lag 2,release-1.13.2 2021-08-05 lag 1,not determinable: forward per-zone records are not in the repository,,,
52,alg5_7,-1,forward,nu,2021-09,2021-09,6215,6735,520,knot knot[12]@3.0.2 2020-11-11,10,False,knot knot[12]@3.0.2 2020-11-11 lag 10,0.044444,v9.16.21 2021-09-07 lag 0,v3.0.9 2021-09-09 lag 0,v5.4.1 2021-08-19 lag 1,NSD_4_3_7_REL 2021-07-22 lag 2,2.1.10 2021-09-10 lag 0,auth-4.5.1 2021-07-22 lag 2,rec-4.5.5 2021-07-28 lag 2,release-1.13.2 2021-08-05 lag 1,not determinable: forward per-zone records are not in the repository,,,
53,alg5_7,-1,forward,ch,2021-09,2021-11,6734,7939,1205,knot knot[12]@3.0.2 2020-11-11,10,False,knot knot[12]@3.0.2 2020-11-11 lag 10,0.093023,v9.16.21 2021-09-07 lag 0,v3.0.9 2021-09-09 lag 0,v5.4.1 2021-08-19 lag 1,NSD_4_3_7_REL 2021-07-22 lag 2,2.1.10 2021-09-10 lag 0,auth-4.5.1 2021-07-22 lag 2,rec-4.5.5 2021-07-28 lag 2,release-1.13.2 2021-08-05 lag 1,not determinable: forward per-zone records are not in the repository,,,
54,alg5_7,1,reverse,afrinic,2018-11,2018-11,104,5,109,,,False,,0,v9.12.3 2018-10-06 lag 1,v2.7.4 2018-11-13 lag 0,v3.1.0 2018-11-02 lag 0,NSD_4_1_26_REL 2018-11-29 lag 0,2.1.3 2017-08-10 lag 15,auth-4.1.5 2018-11-06 lag 0,rec-4.1.8 2018-11-26 lag 0,release-1.8.2 2018-11-29 lag 0,mostly new signings,104,0,0
55,alg5_7,-1,reverse,afrinic,2020-10,2020-10,32,114,82,,,False,,0.015075,v9.16.8 2020-10-13 lag 0,v3.0.1 2020-10-10 lag 0,v5.1.3 2020-09-08 lag 1,NSD_4_3_3_REL 2020-10-01 lag 0,2.1.7 2020-10-07 lag 0,auth-4.3.1 2020-09-22 lag 1,rec-4.4.0 2020-10-13 lag 0,release-1.12.0 2020-10-01 lag 0,mostly unsignings,0,0,32
56,alg5_7,1,reverse,apnic,2012-01,2012-01,35,8,43,,,False,,0,v9.8.1-P1 2011-11-16 lag 2,v0.9.1 2012-01-20 lag 0,,NSD_3_2_9_REL 2011-11-02 lag 2,1.3.5 2012-01-23 lag 0,auth-3.0.1 2012-01-10 lag 0,rec-3.3.1 2010-12-18 lag 13,release-1.4.15 2012-01-18 lag 0,mostly new signings,35,0,0
57,alg5_7,-1,reverse,apnic,2019-08,2019-08,38,63,25,,,False,,0.016854,v9.14.5 2019-08-13 lag 0,v2.8.3 2019-07-16 lag 1,v4.2.0 2019-08-05 lag 0,NSD_4_2_2_REL 2019-08-13 lag 0,2.1.4 2019-05-16 lag 3,auth-4.2.0 2019-08-27 lag 0,rec-4.2.0 2019-07-12 lag 1,release-1.9.3 2019-08-22 lag 0,mostly rollovers away,0,38,0
58,alg5_7,1,reverse,arin,2011-05,2011-06,82,0,82,,,False,,0,v9.8.0-P2 2011-05-27 lag 0,v0.2 2011-04-12 lag 1,,NSD_3_2_8_REL 2011-03-22 lag 2,1.2.1 2011-03-18 lag 2,auth-2.9.22 2009-01-25 lag 28,rec-3.3.1 2010-12-18 lag 5,release-1.4.10 2011-05-25 lag 0,mostly new signings,80,0,0
59,alg5_7,1,reverse,arin,2013-01,2013-01,33,98,131,,,False,,0,v9.9.2-P1 2012-10-26 lag 3,v1.1.3 2012-12-19 lag 1,,NSD_3_2_15_REL 2013-01-29 lag 0,1.3.12 2013-01-23 lag 0,auth-3.2 2013-01-17 lag 0,rec-3.3.1 2010-12-18 lag 25,release-1.4.19 2012-12-06 lag 1,mostly new signings,33,0,0
60,alg5_7,1,reverse,arin,2014-10,2014-10,36,168,204,,,False,,0,v9.9.6 2014-09-16 lag 1,v1.6.0 2014-10-23 lag 0,,NSD_4_1_0_REL 2014-09-04 lag 1,1.4.6 2014-07-21 lag 3,auth-3.4.1 2014-10-28 lag 0,rec-3.6.2 2014-10-30 lag 0,release-1.4.22 2014-03-12 lag 7,mostly new signings,46,0,0
61,alg5_7,1,reverse,arin,2017-04,2017-04,91,220,311,,,False,,0,v9.9.10 2017-04-14 lag 0,v2.4.3 2017-04-10 lag 0,v1.2.6 2017-04-24 lag 0,NSD_4_1_16_REL 2017-04-11 lag 0,2.1.1 2017-04-28 lag 0,auth-4.0.3 2017-01-16 lag 3,rec-4.0.4 2017-01-13 lag 3,release-1.6.2 2017-04-13 lag 0,mostly rollovers,5,87,0
62,alg5_7,1,reverse,arin,2017-07,2017-07,80,310,390,,,False,,0,v9.9.11 2017-07-24 lag 0,v2.5.3 2017-07-14 lag 0,v1.3.2 2017-07-28 lag 0,NSD_4_1_17_REL 2017-07-13 lag 0,2.1.1 2017-04-28 lag 3,auth-4.0.4 2017-06-22 lag 1,rec-4.0.6 2017-07-04 lag 0,release-1.6.5 2017-06-27 lag 1,mostly new signings,81,0,0
63,alg5_7,1,reverse,arin,2018-07,2018-07,44,419,463,,,False,,0,v9.12.2-P1 2018-07-24 lag 0,v2.6.8 2018-07-10 lag 0,v2.4.0 2018-07-03 lag 0,NSD_4_1_23_REL 2018-06-11 lag 1,2.1.3 2017-08-10 lag 11,auth-4.1.3 2018-05-24 lag 2,rec-4.1.3 2018-05-22 lag 2,release-1.7.3 2018-06-18 lag 1,mostly new signings,44,0,0
64,alg5_7,1,reverse,arin,2020-06,2020-06,256,545,801,,,False,,0,v9.16.4 2020-06-10 lag 0,v2.9.5 2020-05-25 lag 1,v5.1.1 2020-05-19 lag 1,NSD_4_3_1_REL 2020-04-08 lag 2,2.1.6 2020-02-10 lag 4,auth-4.2.2 2020-04-07 lag 2,rec-4.3.2 2020-06-30 lag 0,release-1.10.1 2020-05-19 lag 1,mostly new signings,257,0,0
65,alg5_7,1,reverse,arin,2020-12,2020-12,64,558,622,,,False,knot knot[12]@3.0.2 2020-11-11 lag 1,0,v9.11.26 2020-12-08 lag 0,v3.0.3 2020-12-15 lag 0,v5.2.1 2020-12-09 lag 0,NSD_4_3_4_REL 2020-11-24 lag 1,2.1.7 2020-10-07 lag 2,auth-4.4.0 2020-12-17 lag 0,rec-4.4.2 2020-12-09 lag 0,release-1.13.0 2020-12-03 lag 0,mostly new signings,64,0,0
66,alg5_7,1,reverse,arin,2021-02,2021-02,79,622,701,,,False,knot knot[12]@3.0.2 2020-11-11 lag 3,0,v9.16.12 2021-02-04 lag 0,v3.0.4 2021-01-20 lag 1,v5.3.0 2021-02-25 lag 0,NSD_4_3_5_REL 2021-01-19 lag 1,2.1.8 2021-02-20 lag 0,auth-4.4.1 2021-02-06 lag 0,rec-4.4.2 2020-12-09 lag 2,release-1.13.1 2021-02-02 lag 0,mostly new signings,78,1,0
67,alg5_7,1,reverse,arin,2026-09,2026-09,63,470,533,,,False,knot knot[12]@3.0.2 2020-11-11 lag 70,0,v9.20.29 2026-09-11 lag 0,v3.6.0 2026-09-08 lag 0,v6.4.2 2026-08-05 lag 1,NSD_4_15_2_REL 2026-09-02 lag 0,2.1.14 2024-08-22 lag 25,auth-5.1.4 2026-08-03 lag 1,rec-5.4.6 2026-09-02 lag 0,release-1.26.1 2026-09-16 lag 0,no matching ledger events,0,0,0
68,alg5_7,-1,reverse,arin,2016-08,2016-08,43,278,235,,,False,,0.015075,v9.9.9-P2 2016-07-13 lag 1,v2.3.0 2016-08-09 lag 0,v1.1.1 2016-08-24 lag 0,NSD_4_1_12_REL 2016-08-09 lag 0,2.0.1 2016-07-21 lag 1,auth-4.0.1 2016-07-29 lag 1,rec-4.0.2 2016-08-26 lag 0,release-1.5.9 2016-06-02 lag 2,mostly unsignings,0,11,32
69,alg5_7,-1,reverse,arin,2020-07,2020-08,254,801,547,,,False,,0.015075,v9.16.5 2020-07-03 lag 0,v2.9.5 2020-05-25 lag 2,v5.1.2 2020-07-01 lag 0,NSD_4_3_2_REL 2020-07-07 lag 0,2.1.6 2020-02-10 lag 5,auth-4.2.2 2020-04-07 lag 3,rec-4.3.3 2020-07-14 lag 0,release-1.11.0 2020-07-20 lag 0,mostly unsignings,0,13,257
70,alg5_7,-1,reverse,arin,2021-12,2021-12,83,670,587,knot knot[12]@3.0.2 2020-11-11,13,False,knot knot[12]@3.0.2 2020-11-11 lag 13,0.015075,v9.16.24 2021-12-07 lag 0,v3.1.5 2021-12-20 lag 0,v5.4.3 2021-12-01 lag 0,NSD_4_3_9_REL 2021-12-02 lag 0,2.1.10 2021-09-10 lag 3,auth-4.4.2 2021-11-23 lag 1,rec-4.6.0 2021-12-14 lag 0,release-1.14.0 2021-12-01 lag 0,mostly rollovers away,0,87,0
71,alg5_7,-1,reverse,arin,2022-10,2022-10,76,613,537,knot knot[12]@3.0.2 2020-11-11,23,False,knot knot[12]@3.0.2 2020-11-11 lag 23,0.015075,v9.18.8 2022-10-10 lag 0,v3.2.1 2022-09-08 lag 1,v5.5.3 2022-09-21 lag 1,NSD_4_6_0_REL 2022-06-23 lag 4,2.1.11 2022-10-17 lag 0,auth-4.7.1 2022-10-25 lag 0,rec-4.7.3 2022-09-15 lag 1,release-1.17.0 2022-10-11 lag 0,mostly unsignings,0,2,82
72,alg5_7,1,reverse,ripe,2010-04,2010-04,32,206,238,,,False,,0,v9.7.0-P1 2010-03-04 lag 1,,,NSD_3_2_5_REL 2010-04-14 lag 0,1.0.0 2010-02-28 lag 2,auth-2.9.22 2009-01-25 lag 15,rec-3.2 2010-03-06 lag 1,release-1.4.4 2010-04-16 lag 0,mostly new signings,32,0,0
73,alg5_7,1,reverse,ripe,2010-08,2010-08,106,263,369,,,False,,0,v9.7.1-P2 2010-07-15 lag 1,,,NSD_3_2_6_REL 2010-07-20 lag 1,1.1.2 2010-08-25 lag 0,auth-2.9.22 2009-01-25 lag 19,rec-3.2 2010-03-06 lag 5,release-1.4.6 2010-07-22 lag 1,mostly new signings,108,0,0
74,alg5_7,1,reverse,ripe,2011-11,2011-11,50,420,470,,,False,,0,v9.8.1-P1 2011-11-16 lag 0,v0.8 2011-11-03 lag 0,,NSD_3_2_9_REL 2011-11-02 lag 0,1.3.3 2011-11-17 lag 0,auth-3.0 2011-07-25 lag 4,rec-3.3.1 2010-12-18 lag 11,release-1.4.13p2 2011-09-15 lag 2,mostly new signings,64,0,0
75,alg5_7,1,reverse,ripe,2012-01,2012-01,67,471,538,,,False,,0,v9.8.1-P1 2011-11-16 lag 2,v0.9.1 2012-01-20 lag 0,,NSD_3_2_9_REL 2011-11-02 lag 2,1.3.5 2012-01-23 lag 0,auth-3.0.1 2012-01-10 lag 0,rec-3.3.1 2010-12-18 lag 13,release-1.4.15 2012-01-18 lag 0,mostly new signings,69,0,0
76,alg5_7,1,reverse,ripe,2013-12,2013-12,179,587,766,,,False,,0,v9.9.4-P2 2013-12-20 lag 0,v1.4.0 2013-12-31 lag 0,,NSD_4_0_0_REL 2013-10-29 lag 2,1.4.3 2013-12-04 lag 0,auth-3.3.1 2013-12-17 lag 0,rec-3.5.3 2013-09-17 lag 3,release-1.4.21 2013-09-10 lag 3,mostly new signings,179,0,0
77,alg5_7,1,reverse,ripe,2015-06,2015-06,114,797,911,,,False,,0,v9.9.7-P1 2015-06-17 lag 0,v2.0.0 2015-06-26 lag 0,,NSD_4_1_3_REL 2015-06-04 lag 0,1.4.7 2014-12-04 lag 6,auth-3.3.3 2015-06-08 lag 0,rec-3.7.3 2015-06-09 lag 0,release-1.5.4 2015-06-29 lag 0,mostly new signings,118,0,0
78,alg5_7,-1,reverse,ripe,2015-10,2015-10,882,902,20,,,False,,0.015075,v9.9.8 2015-09-09 lag 1,v2.0.1 2015-09-02 lag 1,,NSD_4_1_6_REL 2015-10-20 lag 0,1.4.8.2 2015-10-05 lag 0,auth-3.4.6 2015-08-26 lag 2,rec-3.7.3 2015-06-09 lag 4,release-1.5.6 2015-10-15 lag 0,mostly unsignings,0,0,882
79,alg7,1,forward,se,2016-11,2016-11,941,2331,3272,,,False,opendnssec opendnssec[5]@1.2.0b1 2011-03-18 lag 68,0,v9.9.9-P4 2016-10-21 lag 1,v2.3.2 2016-11-04 lag 0,v1.1.1 2016-08-24 lag 3,NSD_4_1_13_REL 2016-09-19 lag 2,1.4.12 2016-10-17 lag 1,auth-3.4.10 2016-09-01 lag 2,rec-4.0.3 2016-09-06 lag 2,release-1.5.10 2016-09-20 lag 2,could be mostly new signings (bound),at most 941,at least 0,
80,alg7,-1,forward,se,2019-10,2019-10,1031,3368,2337,opendnssec opendnssec[5]@1.2.0b1 2011-03-18,103,False,opendnssec opendnssec[5]@1.2.0b1 2011-03-18 lag 103,0,v9.14.7 2019-10-02 lag 0,v2.9.0 2019-10-10 lag 0,v4.2.2 2019-10-07 lag 0,NSD_4_2_2_REL 2019-08-13 lag 2,2.1.4 2019-05-16 lag 5,auth-4.2.0 2019-08-27 lag 2,rec-4.2.0 2019-07-12 lag 3,release-1.9.4 2019-10-03 lag 0,not determinable: forward per-zone records are not in the repository,,,
81,alg7,-1,forward,se,2021-09,2021-09,755,2039,1284,opendnssec opendnssec[5]@1.2.0b1 2011-03-18,126,False,opendnssec opendnssec[5]@1.2.0b1 2011-03-18 lag 126,0,v9.16.21 2021-09-07 lag 0,v3.0.9 2021-09-09 lag 0,v5.4.1 2021-08-19 lag 1,NSD_4_3_7_REL 2021-07-22 lag 2,2.1.10 2021-09-10 lag 0,auth-4.5.1 2021-07-22 lag 2,rec-4.5.5 2021-07-28 lag 2,release-1.13.2 2021-08-05 lag 1,not determinable: forward per-zone records are not in the repository,,,
82,alg7,-1,forward,nu,2021-09,2021-09,6196,6616,420,opendnssec opendnssec[5]@1.2.0b1 2011-03-18,126,False,opendnssec opendnssec[5]@1.2.0b1 2011-03-18 lag 126,0,v9.16.21 2021-09-07 lag 0,v3.0.9 2021-09-09 lag 0,v5.4.1 2021-08-19 lag 1,NSD_4_3_7_REL 2021-07-22 lag 2,2.1.10 2021-09-10 lag 0,auth-4.5.1 2021-07-22 lag 2,rec-4.5.5 2021-07-28 lag 2,release-1.13.2 2021-08-05 lag 1,not determinable: forward per-zone records are not in the repository,,,
83,alg7,-1,forward,ch,2021-09,2021-11,6720,7625,905,opendnssec opendnssec[5]@1.2.0b1 2011-03-18,126,False,opendnssec opendnssec[5]@1.2.0b1 2011-03-18 lag 126,0,v9.16.21 2021-09-07 lag 0,v3.0.9 2021-09-09 lag 0,v5.4.1 2021-08-19 lag 1,NSD_4_3_7_REL 2021-07-22 lag 2,2.1.10 2021-09-10 lag 0,auth-4.5.1 2021-07-22 lag 2,rec-4.5.5 2021-07-28 lag 2,release-1.13.2 2021-08-05 lag 1,not determinable: forward per-zone records are not in the repository,,,
84,alg7,1,reverse,afrinic,2018-11,2018-11,83,5,88,,,False,opendnssec opendnssec[5]@1.2.0b1 2011-03-18 lag 92,0,v9.12.3 2018-10-06 lag 1,v2.7.4 2018-11-13 lag 0,v3.1.0 2018-11-02 lag 0,NSD_4_1_26_REL 2018-11-29 lag 0,2.1.3 2017-08-10 lag 15,auth-4.1.5 2018-11-06 lag 0,rec-4.1.8 2018-11-26 lag 0,release-1.8.2 2018-11-29 lag 0,mostly new signings,83,0,0
85,alg7,-1,reverse,afrinic,2020-10,2020-10,30,109,79,opendnssec opendnssec[5]@1.2.0b1 2011-03-18,115,False,opendnssec opendnssec[5]@1.2.0b1 2011-03-18 lag 115,0.01005,v9.16.8 2020-10-13 lag 0,v3.0.1 2020-10-10 lag 0,v5.1.3 2020-09-08 lag 1,NSD_4_3_3_REL 2020-10-01 lag 0,2.1.7 2020-10-07 lag 0,auth-4.3.1 2020-09-22 lag 1,rec-4.4.0 2020-10-13 lag 0,release-1.12.0 2020-10-01 lag 0,mostly unsignings,0,0,30
86,alg7,1,reverse,arin,2017-06,2017-07,167,38,205,,,False,opendnssec opendnssec[5]@1.2.0b1 2011-03-18 lag 75,0,v9.9.10-P2 2017-06-28 lag 0,v2.5.2 2017-06-23 lag 0,v1.3.1 2017-06-23 lag 0,NSD_4_1_16_REL 2017-04-11 lag 2,2.1.1 2017-04-28 lag 2,auth-4.0.4 2017-06-22 lag 0,rec-4.0.5 2017-06-13 lag 0,release-1.6.5 2017-06-27 lag 0,mostly rollovers,81,87,0
87,alg7,1,reverse,arin,2018-07,2018-07,44,224,268,,,False,opendnssec opendnssec[5]@1.2.0b1 2011-03-18 lag 88,0,v9.12.2-P1 2018-07-24 lag 0,v2.6.8 2018-07-10 lag 0,v2.4.0 2018-07-03 lag 0,NSD_4_1_23_REL 2018-06-11 lag 1,2.1.3 2017-08-10 lag 11,auth-4.1.3 2018-05-24 lag 2,rec-4.1.3 2018-05-22 lag 2,release-1.7.3 2018-06-18 lag 1,mostly new signings,44,0,0
88,alg7,1,reverse,arin,2018-09,2018-09,39,268,307,,,False,opendnssec opendnssec[5]@1.2.0b1 2011-03-18 lag 90,0,v9.12.2-P2 2018-09-04 lag 0,v2.7.2 2018-08-29 lag 1,v3.0.0 2018-08-17 lag 1,NSD_4_1_25_REL 2018-09-18 lag 0,2.1.3 2017-08-10 lag 13,auth-4.1.4 2018-08-29 lag 1,rec-4.1.4 2018-08-31 lag 1,release-1.8.0 2018-09-04 lag 0,mostly new signings,39,0,0
89,alg7,1,reverse,arin,2018-11,2018-11,32,308,340,,,False,opendnssec opendnssec[5]@1.2.0b1 2011-03-18 lag 92,0,v9.12.3 2018-10-06 lag 1,v2.7.4 2018-11-13 lag 0,v3.1.0 2018-11-02 lag 0,NSD_4_1_26_REL 2018-11-29 lag 0,2.1.3 2017-08-10 lag 15,auth-4.1.5 2018-11-06 lag 0,rec-4.1.8 2018-11-26 lag 0,release-1.8.2 2018-11-29 lag 0,mostly new signings,32,0,0
90,alg7,1,reverse,arin,2020-12,2020-12,60,382,442,,,False,opendnssec opendnssec[5]@1.2.0b1 2011-03-18 lag 117,0,v9.11.26 2020-12-08 lag 0,v3.0.3 2020-12-15 lag 0,v5.2.1 2020-12-09 lag 0,NSD_4_3_4_REL 2020-11-24 lag 1,2.1.7 2020-10-07 lag 2,auth-4.4.0 2020-12-17 lag 0,rec-4.4.2 2020-12-09 lag 0,release-1.13.0 2020-12-03 lag 0,mostly new signings,60,0,0
91,alg7,1,reverse,arin,2021-02,2021-02,78,442,520,,,False,opendnssec opendnssec[5]@1.2.0b1 2011-03-18 lag 119,0,v9.16.12 2021-02-04 lag 0,v3.0.4 2021-01-20 lag 1,v5.3.0 2021-02-25 lag 0,NSD_4_3_5_REL 2021-01-19 lag 1,2.1.8 2021-02-20 lag 0,auth-4.4.1 2021-02-06 lag 0,rec-4.4.2 2020-12-09 lag 2,release-1.13.1 2021-02-02 lag 0,mostly new signings,77,1,0
92,alg7,1,reverse,arin,2026-09,2026-09,63,372,435,,,False,opendnssec opendnssec[5]@1.2.0b1 2011-03-18 lag 186,0,v9.20.29 2026-09-11 lag 0,v3.6.0 2026-09-08 lag 0,v6.4.2 2026-08-05 lag 1,NSD_4_15_2_REL 2026-09-02 lag 0,2.1.14 2024-08-22 lag 25,auth-5.1.4 2026-08-03 lag 1,rec-5.4.6 2026-09-02 lag 0,release-1.26.1 2026-09-16 lag 0,no matching ledger events,0,0,0
93,alg7,-1,reverse,arin,2021-12,2021-12,87,507,420,opendnssec opendnssec[5]@1.2.0b1 2011-03-18,129,False,opendnssec opendnssec[5]@1.2.0b1 2011-03-18 lag 129,0.01005,v9.16.24 2021-12-07 lag 0,v3.1.5 2021-12-20 lag 0,v5.4.3 2021-12-01 lag 0,NSD_4_3_9_REL 2021-12-02 lag 0,2.1.10 2021-09-10 lag 3,auth-4.4.2 2021-11-23 lag 1,rec-4.6.0 2021-12-14 lag 0,release-1.14.0 2021-12-01 lag 0,mostly rollovers away,0,87,0
94,alg7,-1,reverse,arin,2022-10,2022-10,77,447,370,opendnssec opendnssec[5]@1.2.0b1 2011-03-18,139,False,opendnssec opendnssec[5]@1.2.0b1 2011-03-18 lag 139,0.01005,v9.18.8 2022-10-10 lag 0,v3.2.1 2022-09-08 lag 1,v5.5.3 2022-09-21 lag 1,NSD_4_6_0_REL 2022-06-23 lag 4,2.1.11 2022-10-17 lag 0,auth-4.7.1 2022-10-25 lag 0,rec-4.7.3 2022-09-15 lag 1,release-1.17.0 2022-10-11 lag 0,mostly unsignings,0,0,80
95,alg7,1,reverse,ripe,2011-11,2011-11,62,47,109,,,False,opendnssec opendnssec[5]@1.2.0b1 2011-03-18 lag 8,0,v9.8.1-P1 2011-11-16 lag 0,v0.8 2011-11-03 lag 0,,NSD_3_2_9_REL 2011-11-02 lag 0,1.3.3 2011-11-17 lag 0,auth-3.0 2011-07-25 lag 4,rec-3.3.1 2010-12-18 lag 11,release-1.4.13p2 2011-09-15 lag 2,mostly new signings,63,0,0
96,alg7,1,reverse,ripe,2015-06,2015-06,41,139,180,,,False,opendnssec opendnssec[5]@1.2.0b1 2011-03-18 lag 51,0,v9.9.7-P1 2015-06-17 lag 0,v2.0.0 2015-06-26 lag 0,,NSD_4_1_3_REL 2015-06-04 lag 0,1.4.7 2014-12-04 lag 6,auth-3.3.3 2015-06-08 lag 0,rec-3.7.3 2015-06-09 lag 0,release-1.5.4 2015-06-29 lag 0,mostly new signings,41,0,0
97,alg7,-1,reverse,ripe,2013-08,2013-08,35,135,100,opendnssec opendnssec[5]@1.2.0b1 2011-03-18,29,False,opendnssec opendnssec[5]@1.2.0b1 2011-03-18 lag 29,0.01005,v9.9.3-P2 2013-07-17 lag 1,v1.3.1 2013-08-27 lag 0,,NSD_3_2_16_REL 2013-07-09 lag 1,1.4.1 2013-06-27 lag 2,auth-3.3 2013-07-05 lag 1,rec-3.5.2 2013-06-03 lag 2,release-1.4.20 2013-03-21 lag 5,mostly rollovers away,0,35,0
98,alg7,-1,reverse,ripe,2015-07,2015-07,72,180,108,opendnssec opendnssec[5]@1.2.0b1 2011-03-18,52,False,opendnssec opendnssec[5]@1.2.0b1 2011-03-18 lag 52,0.01005,v9.9.7-P2 2015-07-14 lag 0,v2.0.0 2015-06-26 lag 1,,NSD_4_1_3_REL 2015-06-04 lag 1,1.4.7 2014-12-04 lag 7,auth-3.3.3 2015-06-08 lag 1,rec-3.7.3 2015-06-09 lag 1,release-1.5.4 2015-06-29 lag 1,mostly unsignings,0,0,72
99,alg7,-1,reverse,ripe,2015-10,2015-10,100,108,8,opendnssec opendnssec[5]@1.2.0b1 2011-03-18,55,False,opendnssec opendnssec[5]@1.2.0b1 2011-03-18 lag 55,0.01005,v9.9.8 2015-09-09 lag 1,v2.0.1 2015-09-02 lag 1,,NSD_4_1_6_REL 2015-10-20 lag 0,1.4.8.2 2015-10-05 lag 0,auth-3.4.6 2015-08-26 lag 2,rec-3.7.3 2015-06-09 lag 4,release-1.5.6 2015-10-15 lag 0,mostly unsignings,0,0,100
100,alg8,1,forward,se,2017-11,2017-11,123348,697775,821123,knot knot[1]@2.0.0 2015-06-26,29,False,knot knot[1]@2.0.0 2015-06-26 lag 29,0,v9.9.11 2017-07-24 lag 4,v2.6.3 2017-11-24 lag 0,v1.5.0 2017-11-02 lag 0,NSD_4_1_18_REL 2017-11-27 lag 0,2.1.3 2017-08-10 lag 3,auth-4.1.0 2017-11-30 lag 0,rec-4.0.7 2017-11-27 lag 0,release-1.6.8 2017-10-10 lag 1,could be mostly new signings (bound),at most 123031,at least 317,
101,alg8,-1,forward,se,2019-01,2019-01,142540,729768,587228,,,False,knot knot[1]@2.0.0 2015-06-26 lag 43,0,v9.11.5-P1 2018-12-10 lag 1,v2.7.6 2019-01-23 lag 0,v3.2.1 2019-01-10 lag 0,NSD_4_1_26_REL 2018-11-29 lag 2,2.1.3 2017-08-10 lag 17,auth-4.1.6 2019-01-04 lag 0,rec-4.1.11 2019-01-30 lag 0,release-1.9.0 2019-01-29 lag 0,not determinable: forward per-zone records are not in the repository,,,
102,alg8,-1,forward,se,2019-12,2019-12,206868,567565,360697,,,False,knot knot[1]@2.0.0 2015-06-26 lag 54,0,v9.14.9 2019-12-12 lag 0,v2.9.2 2019-12-12 lag 0,v4.3.0 2019-12-04 lag 0,NSD_4_2_4_REL 2019-12-03 lag 0,2.1.5 2019-11-05 lag 1,auth-4.2.1 2019-11-28 lag 1,rec-4.2.1 2019-11-27 lag 1,release-1.9.6 2019-12-06 lag 0,not determinable: forward per-zone records are not in the repository,,,
103,alg8,1,forward,nu,2017-11,2017-11,38604,95692,134296,knot knot[1]@2.0.0 2015-06-26,29,False,knot knot[1]@2.0.0 2015-06-26 lag 29,0,v9.9.11 2017-07-24 lag 4,v2.6.3 2017-11-24 lag 0,v1.5.0 2017-11-02 lag 0,NSD_4_1_18_REL 2017-11-27 lag 0,2.1.3 2017-08-10 lag 3,auth-4.1.0 2017-11-30 lag 0,rec-4.0.7 2017-11-27 lag 0,release-1.6.8 2017-10-10 lag 1,could be mostly new signings (bound),at most 38604,at least 0,
104,alg8,-1,forward,nu,2018-06,2018-06,18605,147374,128769,,,False,knot knot[1]@2.0.0 2015-06-26 lag 36,0,v9.12.1-P2 2018-05-16 lag 1,v2.6.7 2018-05-17 lag 1,v2.3.0 2018-04-23 lag 2,NSD_4_1_23_REL 2018-06-11 lag 0,2.1.3 2017-08-10 lag 10,auth-4.1.3 2018-05-24 lag 1,rec-4.1.3 2018-05-22 lag 1,release-1.7.3 2018-06-18 lag 0,not determinable: forward per-zone records are not in the repository,,,
105,alg8,-1,forward,nu,2018-12,2019-01,41666,128622,86956,,,False,knot knot[1]@2.0.0 2015-06-26 lag 42,0,v9.11.5-P1 2018-12-10 lag 0,v2.7.4 2018-11-13 lag 1,v3.2.0 2018-12-17 lag 0,NSD_4_1_26_REL 2018-11-29 lag 1,2.1.3 2017-08-10 lag 16,auth-4.1.5 2018-11-06 lag 1,rec-4.1.8 2018-11-26 lag 1,release-1.8.3 2018-12-04 lag 0,not determinable: forward per-zone records are not in the repository,,,
106,alg8,-1,forward,nu,2019-12,2019-12,12172,82983,70811,,,False,knot knot[1]@2.0.0 2015-06-26 lag 54,0,v9.14.9 2019-12-12 lag 0,v2.9.2 2019-12-12 lag 0,v4.3.0 2019-12-04 lag 0,NSD_4_2_4_REL 2019-12-03 lag 0,2.1.5 2019-11-05 lag 1,auth-4.2.1 2019-11-28 lag 1,rec-4.2.1 2019-11-27 lag 1,release-1.9.6 2019-12-06 lag 0,not determinable: forward per-zone records are not in the repository,,,
107,alg8,1,forward,ch,2021-09,2021-12,68777,19528,88305,knot knot[1]@2.0.0 2015-06-26,75,False,knot knot[1]@2.0.0 2015-06-26 lag 75,0,v9.16.21 2021-09-07 lag 0,v3.0.9 2021-09-09 lag 0,v5.4.1 2021-08-19 lag 1,NSD_4_3_7_REL 2021-07-22 lag 2,2.1.10 2021-09-10 lag 0,auth-4.5.1 2021-07-22 lag 2,rec-4.5.5 2021-07-28 lag 2,release-1.13.2 2021-08-05 lag 1,could be mostly new signings (bound),at most 68777,at least 0,
108,alg8,1,forward,li,2021-12,2021-12,927,1224,2151,knot knot[1]@2.0.0 2015-06-26,78,False,knot knot[1]@2.0.0 2015-06-26 lag 78,0,v9.16.24 2021-12-07 lag 0,v3.1.5 2021-12-20 lag 0,v5.4.3 2021-12-01 lag 0,NSD_4_3_9_REL 2021-12-02 lag 0,2.1.10 2021-09-10 lag 3,auth-4.4.2 2021-11-23 lag 1,rec-4.6.0 2021-12-14 lag 0,release-1.14.0 2021-12-01 lag 0,could be mostly new signings (bound),at most 927,at least 0,
109,alg8,1,reverse,afrinic,2014-10,2014-11,176,20,196,pdns-auth pdns-auth[0]@3.2 2013-01-17,21,False,pdns-auth pdns-auth[0]@3.2 2013-01-17 lag 21,0.050251,v9.9.6 2014-09-16 lag 1,v1.6.0 2014-10-23 lag 0,,NSD_4_1_0_REL 2014-09-04 lag 1,1.4.6 2014-07-21 lag 3,auth-3.4.1 2014-10-28 lag 0,rec-3.6.2 2014-10-30 lag 0,release-1.4.22 2014-03-12 lag 7,mostly new signings,176,0,0
110,alg8,1,reverse,apnic,2012-02,2012-02,36,0,36,opendnssec opendnssec[5]@1.2.0b1 2011-03-18,11,False,opendnssec opendnssec[5]@1.2.0b1 2011-03-18 lag 11,0.05618,v9.9.0 2012-02-23 lag 0,v1.0.0 2012-02-29 lag 0,,NSD_3_2_10_REL 2012-02-09 lag 0,1.3.6 2012-02-16 lag 0,auth-3.0.1 2012-01-10 lag 1,rec-3.3.1 2010-12-18 lag 14,release-1.4.16 2012-02-02 lag 0,mostly new signings,36,0,0
111,alg8,1,reverse,apnic,2014-04,2014-04,54,63,117,pdns-auth pdns-auth[0]@3.2 2013-01-17,15,False,pdns-auth pdns-auth[0]@3.2 2013-01-17 lag 15,0.05618,v9.10.0 2014-04-28 lag 0,v1.4.5 2014-04-14 lag 0,,NSD_4_0_3_REL 2014-03-14 lag 1,1.4.5 2014-04-11 lag 0,auth-3.3.1 2013-12-17 lag 4,rec-3.5.3 2013-09-17 lag 7,release-1.4.22 2014-03-12 lag 1,mostly new signings,54,0,0
112,alg8,1,reverse,apnic,2015-04,2015-04,39,134,173,pdns-auth pdns-auth[0]@3.2 2013-01-17,27,False,pdns-auth pdns-auth[0]@3.2 2013-01-17 lag 27,0.05618,v9.9.7 2015-02-18 lag 2,v1.6.3 2015-04-08 lag 0,,NSD_4_1_2_REL 2015-04-07 lag 0,1.4.7 2014-12-04 lag 4,auth-3.4.4 2015-04-23 lag 0,rec-3.7.2 2015-04-21 lag 0,release-1.5.3 2015-03-03 lag 1,mostly new signings,38,1,0
113,alg8,1,reverse,apnic,2015-12,2015-12,338,182,520,knot knot[1]@2.0.0 2015-06-26,6,False,knot knot[1]@2.0.0 2015-06-26 lag 6,0.05618,v9.9.8-P2 2015-12-06 lag 0,v2.0.2 2015-11-24 lag 1,,NSD_4_1_7_REL 2015-12-09 lag 0,1.4.8.2 2015-10-05 lag 2,auth-3.4.7 2015-11-03 lag 1,rec-3.7.3 2015-06-09 lag 6,release-1.5.7 2015-12-08 lag 0,mostly new signings,339,0,0
114,alg8,1,reverse,apnic,2016-12,2017-01,943,543,1486,knot knot[1]@2.0.0 2015-06-26,18,False,knot knot[1]@2.0.0 2015-06-26 lag 18,0.05618,v9.9.9-P5 2016-12-11 lag 0,v2.3.3 2016-12-08 lag 0,v1.1.1 2016-08-24 lag 4,NSD_4_1_14_REL 2016-12-01 lag 0,1.4.12 2016-10-17 lag 2,auth-3.4.10 2016-09-01 lag 3,rec-4.0.3 2016-09-06 lag 3,release-1.6.0 2016-12-08 lag 0,mostly new signings,1014,0,0
115,alg8,1,reverse,apnic,2018-12,2018-12,263,1425,1688,knot knot[1]@2.0.0 2015-06-26,42,False,knot knot[1]@2.0.0 2015-06-26 lag 42,0.05618,v9.11.5-P1 2018-12-10 lag 0,v2.7.4 2018-11-13 lag 1,v3.2.0 2018-12-17 lag 0,NSD_4_1_26_REL 2018-11-29 lag 1,2.1.3 2017-08-10 lag 16,auth-4.1.5 2018-11-06 lag 1,rec-4.1.8 2018-11-26 lag 1,release-1.8.3 2018-12-04 lag 0,mostly new signings,300,0,0
116,alg8,1,reverse,apnic,2019-02,2019-02,300,1688,1988,knot knot[1]@2.0.0 2015-06-26,44,False,knot knot[1]@2.0.0 2015-06-26 lag 44,0.05618,v9.12.4 2019-02-27 lag 0,v2.7.6 2019-01-23 lag 1,v3.2.1 2019-01-10 lag 1,NSD_4_1_26_REL 2018-11-29 lag 3,2.1.3 2017-08-10 lag 18,auth-4.1.6 2019-01-04 lag 1,rec-4.1.11 2019-01-30 lag 1,release-1.9.0 2019-01-29 lag 1,mostly new signings,300,0,0
117,alg8,1,reverse,apnic,2019-06,2019-07,547,1984,2531,knot knot[1]@2.0.0 2015-06-26,48,False,knot knot[1]@2.0.0 2015-06-26 lag 48,0.05618,v9.14.3 2019-06-04 lag 0,v2.8.2 2019-06-05 lag 0,v4.0.0 2019-04-18 lag 2,NSD_4_2_0_REL 2019-06-06 lag 0,2.1.4 2019-05-16 lag 1,auth-4.1.10 2019-06-20 lag 0,rec-4.1.14 2019-06-12 lag 0,release-1.9.2 2019-06-14 lag 0,mostly new signings,551,0,0
118,alg8,1,reverse,apnic,2020-01,2020-01,353,2531,2884,knot knot[1]@2.0.0 2015-06-26,55,False,knot knot[1]@2.0.0 2015-06-26 lag 55,0.05618,v9.14.10 2020-01-16 lag 0,v2.8.5 2020-01-01 lag 0,v5.0.0 2020-01-27 lag 0,NSD_4_2_4_REL 2019-12-03 lag 1,2.1.5 2019-11-05 lag 2,auth-4.2.1 2019-11-28 lag 2,rec-4.2.1 2019-11-27 lag 2,release-1.9.6 2019-12-06 lag 1,mostly new signings,353,0,0
119,alg8,1,reverse,arin,2014-01,2014-01,39,86,125,pdns-auth pdns-auth[0]@3.2 2013-01-17,12,False,pdns-auth pdns-auth[0]@3.2 2013-01-17 lag 12,0.050251,v9.9.5 2014-01-27 lag 0,v1.4.2 2014-01-27 lag 0,,NSD_4_0_1_REL 2014-01-21 lag 0,1.4.3 2013-12-04 lag 1,auth-3.3.1 2013-12-17 lag 1,rec-3.5.3 2013-09-17 lag 4,release-1.4.21 2013-09-10 lag 4,mostly new signings,39,0,0
120,alg8,1,reverse,arin,2014-09,2014-10,115,139,254,pdns-auth pdns-auth[0]@3.2 2013-01-17,20,False,pdns-auth pdns-auth[0]@3.2 2013-01-17 lag 20,0.050251,v9.9.6 2014-09-16 lag 0,v1.5.3 2014-09-15 lag 0,,NSD_4_1_0_REL 2014-09-04 lag 0,1.4.6 2014-07-21 lag 2,auth-3.4.0 2014-09-30 lag 0,rec-3.6.1 2014-09-09 lag 0,release-1.4.22 2014-03-12 lag 6,mostly new signings,121,0,0
121,alg8,1,reverse,arin,2016-10,2016-10,44,353,397,knot knot[1]@2.0.0 2015-06-26,16,False,knot knot[1]@2.0.0 2015-06-26 lag 16,0.050251,v9.9.9-P4 2016-10-21 lag 0,v2.3.1 2016-10-10 lag 0,v1.1.1 2016-08-24 lag 2,NSD_4_1_13_REL 2016-09-19 lag 1,1.4.12 2016-10-17 lag 0,auth-3.4.10 2016-09-01 lag 1,rec-4.0.3 2016-09-06 lag 1,release-1.5.10 2016-09-20 lag 1,mostly new signings,32,16,0
122,alg8,1,reverse,arin,2017-05,2017-05,46,357,403,knot knot[1]@2.0.0 2015-06-26,23,False,knot knot[1]@2.0.0 2015-06-26 lag 23,0.050251,v9.9.10-P1 2017-05-31 lag 0,v2.4.3 2017-04-10 lag 1,v1.2.6 2017-04-24 lag 1,NSD_4_1_16_REL 2017-04-11 lag 1,2.1.1 2017-04-28 lag 1,auth-4.0.3 2017-01-16 lag 4,rec-4.0.4 2017-01-13 lag 4,release-1.6.2 2017-04-13 lag 1,mostly new signings,46,0,0
123,alg8,1,reverse,arin,2019-06,2019-06,269,477,746,knot knot[1]@2.0.0 2015-06-26,48,False,knot knot[1]@2.0.0 2015-06-26 lag 48,0.050251,v9.14.3 2019-06-04 lag 0,v2.8.2 2019-06-05 lag 0,v4.0.0 2019-04-18 lag 2,NSD_4_2_0_REL 2019-06-06 lag 0,2.1.4 2019-05-16 lag 1,auth-4.1.10 2019-06-20 lag 0,rec-4.1.14 2019-06-12 lag 0,release-1.9.2 2019-06-14 lag 0,mostly new signings,270,0,0
124,alg8,1,reverse,arin,2025-10,2025-10,127,1063,1190,knot knot[1]@2.0.0 2015-06-26,124,False,knot knot[1]@2.0.0 2015-06-26 lag 124,0.050251,v9.20.15 2025-10-18 lag 0,v3.5.1 2025-10-16 lag 0,v6.0.16 2025-10-30 lag 0,NSD_4_12_1_REL 2025-10-09 lag 0,2.1.14 2024-08-22 lag 14,auth-5.0.1 2025-10-30 lag 0,rec-5.3.1 2025-10-22 lag 0,release-1.24.1 2025-10-22 lag 0,mostly new signings,137,4,0
125,alg8,-1,reverse,arin,2017-04,2017-04,82,439,357,,,False,knot knot[1]@2.0.0 2015-06-26 lag 22,0,v9.9.10 2017-04-14 lag 0,v2.4.3 2017-04-10 lag 0,v1.2.6 2017-04-24 lag 0,NSD_4_1_16_REL 2017-04-11 lag 0,2.1.1 2017-04-28 lag 0,auth-4.0.3 2017-01-16 lag 3,rec-4.0.4 2017-01-13 lag 3,release-1.6.2 2017-04-13 lag 0,mostly rollovers away,0,87,1
126,alg8,1,reverse,ripe,2012-12,2012-12,42,97,139,opendnssec opendnssec[5]@1.2.0b1 2011-03-18,21,False,opendnssec opendnssec[5]@1.2.0b1 2011-03-18 lag 21,0.050251,v9.9.2-P1 2012-10-26 lag 2,v1.1.3 2012-12-19 lag 0,,NSD_3_2_14_REL 2012-10-24 lag 2,1.3.11 2012-11-13 lag 1,auth-3.1 2012-05-04 lag 7,rec-3.3.1 2010-12-18 lag 24,release-1.4.19 2012-12-06 lag 0,mostly new signings,42,0,0
127,alg8,1,reverse,ripe,2013-02,2013-02,66,164,230,pdns-auth pdns-auth[0]@3.2 2013-01-17,1,True,pdns-auth pdns-auth[0]@3.2 2013-01-17 lag 1,0.050251,v9.9.2-P1 2012-10-26 lag 4,v1.1.3 2012-12-19 lag 2,,NSD_3_2_15_REL 2013-01-29 lag 1,1.3.13 2013-02-20 lag 0,auth-3.2 2013-01-17 lag 1,rec-3.3.1 2010-12-18 lag 26,release-1.4.19 2012-12-06 lag 2,mostly new signings,64,0,0
128,alg8,1,reverse,ripe,2014-03,2014-03,64,299,363,pdns-auth pdns-auth[0]@3.2 2013-01-17,14,False,pdns-auth pdns-auth[0]@3.2 2013-01-17 lag 14,0.050251,v9.9.5-W1 2014-02-06 lag 1,v1.4.4 2014-03-27 lag 0,,NSD_4_0_3_REL 2014-03-14 lag 0,1.4.4 2014-03-25 lag 0,auth-3.3.1 2013-12-17 lag 3,rec-3.5.3 2013-09-17 lag 6,release-1.4.22 2014-03-12 lag 0,mostly new signings,96,0,0
129,alg8,1,reverse,ripe,2014-11,2014-12,289,439,728,pdns-auth pdns-auth[0]@3.2 2013-01-17,22,False,pdns-auth pdns-auth[0]@3.2 2013-01-17 lag 22,0.050251,v9.9.6-P1 2014-11-20 lag 0,v1.6.0 2014-10-23 lag 1,,NSD_4_1_0_REL 2014-09-04 lag 2,1.4.6 2014-07-21 lag 4,auth-3.4.1 2014-10-28 lag 1,rec-3.6.2 2014-10-30 lag 1,release-1.5.0 2014-11-11 lag 0,mostly new signings,284,0,0
130,alg8,1,reverse,ripe,2015-08,2015-08,86,774,860,knot knot[1]@2.0.0 2015-06-26,2,True,knot knot[1]@2.0.0 2015-06-26 lag 2,0.050251,v9.9.7-P3 2015-08-15 lag 0,v2.0.0 2015-06-26 lag 2,,NSD_4_1_4_REL 2015-08-31 lag 0,1.4.7 2014-12-04 lag 8,auth-3.4.6 2015-08-26 lag 0,rec-3.7.3 2015-06-09 lag 2,release-1.5.4 2015-06-29 lag 2,mostly new signings,86,0,0
131,alg8,-1,reverse,ripe,2013-03,2013-03,64,230,166,,,False,pdns-auth pdns-auth[0]@3.2 2013-01-17 lag 2,0,v9.9.2-P2 2013-03-06 lag 0,v1.1.3 2012-12-19 lag 3,,NSD_3_2_15_REL 2013-01-29 lag 2,1.3.13 2013-02-20 lag 1,auth-3.2 2013-01-17 lag 2,rec-3.3.1 2010-12-18 lag 27,release-1.4.20 2013-03-21 lag 0,mostly unsignings,0,0,64
132,alg8,-1,reverse,ripe,2015-10,2015-10,847,863,16,,,False,knot knot[1]@2.0.0 2015-06-26 lag 4,0,v9.9.8 2015-09-09 lag 1,v2.0.1 2015-09-02 lag 1,,NSD_4_1_6_REL 2015-10-20 lag 0,1.4.8.2 2015-10-05 lag 0,auth-3.4.6 2015-08-26 lag 2,rec-3.7.3 2015-06-09 lag 4,release-1.5.6 2015-10-15 lag 0,mostly unsignings,0,0,844
133,cds,1,forward,se,2017-10,2017-10,389,0,389,,,False,,0,v9.9.11 2017-07-24 lag 3,v2.6.0 2017-09-29 lag 1,v1.4.0 2017-09-21 lag 1,NSD_4_1_17_REL 2017-07-13 lag 3,2.1.3 2017-08-10 lag 2,auth-4.0.4 2017-06-22 lag 4,rec-4.0.6 2017-07-04 lag 3,release-1.6.8 2017-10-10 lag 0,not determinable: forward per-zone records are not in the repository,,,
134,cds,1,forward,se,2021-10,2021-11,4647,2701,7348,,,False,knot knot[10]@2.8.0 2019-03-05 lag 31,0,v9.16.22 2021-10-13 lag 0,v3.1.3 2021-10-18 lag 0,v5.4.2 2021-10-13 lag 0,NSD_4_3_8_REL 2021-10-07 lag 0,2.1.10 2021-09-10 lag 1,auth-4.5.1 2021-07-22 lag 3,rec-4.5.7 2021-10-27 lag 0,release-1.13.2 2021-08-05 lag 2,not determinable: forward per-zone records are not in the repository,,,
135,cds,1,forward,se,2022-11,2022-11,1816,8539,10355,,,False,knot knot[10]@2.8.0 2019-03-05 lag 44,0,v9.18.9 2022-11-07 lag 0,v3.2.3 2022-11-20 lag 0,v5.5.3 2022-09-21 lag 2,NSD_4_6_1_REL 2022-11-01 lag 0,2.1.12 2022-11-08 lag 0,auth-4.7.2 2022-11-01 lag 0,rec-4.7.4 2022-11-23 lag 0,release-1.17.0 2022-10-11 lag 1,not determinable: forward per-zone records are not in the repository,,,
136,cds,1,forward,se,2023-05,2023-05,1856,9670,11526,,,False,knot knot[10]@2.8.0 2019-03-05 lag 50,0,v9.18.15 2023-05-09 lag 0,v3.2.6 2023-04-04 lag 1,v5.6.0 2023-01-26 lag 4,NSD_4_7_0_REL 2023-05-31 lag 0,2.1.12 2022-11-08 lag 6,auth-4.8.0 2023-05-31 lag 0,rec-4.8.4 2023-03-29 lag 2,release-1.17.1 2023-01-06 lag 4,not determinable: forward per-zone records are not in the repository,,,
137,cds,1,forward,nu,2023-07,2023-07,343,1325,1668,,,False,knot knot[10]@2.8.0 2019-03-05 lag 52,0,v9.18.17 2023-07-06 lag 0,v3.2.9 2023-07-27 lag 0,v6.0.1 2023-06-23 lag 1,NSD_4_7_0_REL 2023-05-31 lag 2,2.1.13 2023-06-26 lag 1,auth-4.8.1 2023-07-06 lag 0,rec-4.9.0 2023-06-29 lag 1,release-1.17.1 2023-01-06 lag 6,not determinable: forward per-zone records are not in the repository,,,
138,cds,1,forward,ch,2021-05,2021-09,125125,14385,139510,,,False,knot knot[10]@2.8.0 2019-03-05 lag 26,0,v9.16.16 2021-05-12 lag 0,v3.0.6 2021-05-12 lag 0,v5.3.2 2021-05-05 lag 0,NSD_4_3_6_REL 2021-03-30 lag 2,2.1.9 2021-05-03 lag 0,auth-4.3.2 2021-03-05 lag 2,rec-4.4.4 2021-05-11 lag 0,release-1.13.1 2021-02-02 lag 3,not determinable: forward per-zone records are not in the repository,,,
139,cds,1,forward,ch,2021-11,2021-11,78041,140170,218211,,,False,knot knot[10]@2.8.0 2019-03-05 lag 32,0,v9.16.23 2021-11-05 lag 0,v3.1.4 2021-11-04 lag 0,v5.4.2 2021-10-13 lag 1,NSD_4_3_8_REL 2021-10-07 lag 1,2.1.10 2021-09-10 lag 2,auth-4.4.2 2021-11-23 lag 0,rec-4.5.7 2021-10-27 lag 1,release-1.13.2 2021-08-05 lag 3,not determinable: forward per-zone records are not in the repository,,,
140,cds,1,forward,ch,2023-01,2023-01,41402,340735,382137,,,False,knot knot[10]@2.8.0 2019-03-05 lag 46,0,v9.18.11 2023-01-12 lag 0,v3.2.4 2022-12-12 lag 1,v5.6.0 2023-01-26 lag 0,NSD_4_6_1_REL 2022-11-01 lag 2,2.1.12 2022-11-08 lag 2,auth-4.7.3 2022-12-08 lag 1,rec-4.8.2 2023-01-26 lag 0,release-1.17.1 2023-01-06 lag 0,not determinable: forward per-zone records are not in the repository,,,
141,cds,1,forward,li,2021-06,2021-09,2043,541,2584,,,False,knot knot[10]@2.8.0 2019-03-05 lag 27,0,v9.16.18 2021-06-18 lag 0,v3.0.7 2021-06-16 lag 0,v5.3.2 2021-05-05 lag 1,NSD_4_3_6_REL 2021-03-30 lag 3,2.1.9 2021-05-03 lag 1,auth-4.3.2 2021-03-05 lag 3,rec-4.5.4 2021-06-30 lag 0,release-1.13.1 2021-02-02 lag 4,not determinable: forward per-zone records are not in the repository,,,
142,cds,1,forward,li,2021-11,2021-12,1601,2609,4210,,,False,knot knot[10]@2.8.0 2019-03-05 lag 32,0,v9.16.23 2021-11-05 lag 0,v3.1.4 2021-11-04 lag 0,v5.4.2 2021-10-13 lag 1,NSD_4_3_8_REL 2021-10-07 lag 1,2.1.10 2021-09-10 lag 2,auth-4.4.2 2021-11-23 lag 0,rec-4.5.7 2021-10-27 lag 1,release-1.13.2 2021-08-05 lag 3,not determinable: forward per-zone records are not in the repository,,,
143,digest1,1,forward,se,2019-02,2019-02,128433,328236,456669,,,False,opendnssec opendnssec[13]@2.1.0 2017-02-22 lag 24,0,v9.12.4 2019-02-27 lag 0,v2.7.6 2019-01-23 lag 1,v3.2.1 2019-01-10 lag 1,NSD_4_1_26_REL 2018-11-29 lag 3,2.1.3 2017-08-10 lag 18,auth-4.1.6 2019-01-04 lag 1,rec-4.1.11 2019-01-30 lag 1,release-1.9.0 2019-01-29 lag 1,not determinable: forward per-zone records are not in the repository,,,
144,digest1,-1,forward,se,2019-01,2019-01,112193,440429,328236,opendnssec opendnssec[13]@2.1.0 2017-02-22,23,False,opendnssec opendnssec[13]@2.1.0 2017-02-22 lag 23,0.177778,v9.11.5-P1 2018-12-10 lag 1,v2.7.6 2019-01-23 lag 0,v3.2.1 2019-01-10 lag 0,NSD_4_1_26_REL 2018-11-29 lag 2,2.1.3 2017-08-10 lag 17,auth-4.1.6 2019-01-04 lag 0,rec-4.1.11 2019-01-30 lag 0,release-1.9.0 2019-01-29 lag 0,not determinable: forward per-zone records are not in the repository,,,
145,digest1,-1,forward,se,2022-04,2022-04,314317,438345,124028,bind9 d20-dnssec-cds-sha2-only 2022-01-24,3,True,bind9 d20-dnssec-cds-sha2-only 2022-01-24 lag 3,0.177778,v9.18.2 2022-04-11 lag 0,v3.1.8 2022-04-28 lag 0,v5.5.0 2022-03-15 lag 1,NSD_4_4_0_REL 2022-02-10 lag 2,2.1.10 2021-09-10 lag 7,auth-4.6.2 2022-03-28 lag 1,rec-4.6.2 2022-03-29 lag 1,release-1.15.0 2022-02-03 lag 2,not determinable: forward per-zone records are not in the repository,,,
146,digest1,-1,forward,nu,2019-01,2019-01,9069,72633,63564,opendnssec opendnssec[13]@2.1.0 2017-02-22,23,False,opendnssec opendnssec[13]@2.1.0 2017-02-22 lag 23,0.177778,v9.11.5-P1 2018-12-10 lag 1,v2.7.6 2019-01-23 lag 0,v3.2.1 2019-01-10 lag 0,NSD_4_1_26_REL 2018-11-29 lag 2,2.1.3 2017-08-10 lag 17,auth-4.1.6 2019-01-04 lag 0,rec-4.1.11 2019-01-30 lag 0,release-1.9.0 2019-01-29 lag 0,not determinable: forward per-zone records are not in the repository,,,
147,digest1,-1,forward,nu,2022-04,2022-04,48566,75610,27044,bind9 d20-dnssec-cds-sha2-only 2022-01-24,3,True,bind9 d20-dnssec-cds-sha2-only 2022-01-24 lag 3,0.177778,v9.18.2 2022-04-11 lag 0,v3.1.8 2022-04-28 lag 0,v5.5.0 2022-03-15 lag 1,NSD_4_4_0_REL 2022-02-10 lag 2,2.1.10 2021-09-10 lag 7,auth-4.6.2 2022-03-28 lag 1,rec-4.6.2 2022-03-29 lag 1,release-1.15.0 2022-02-03 lag 2,not determinable: forward per-zone records are not in the repository,,,
148,digest1,1,forward,ch,2021-12,2021-12,54197,114846,169043,,,False,bind9 d13-ds-cds-sha1-dropped 2020-02-12 lag 22,0,v9.16.24 2021-12-07 lag 0,v3.1.5 2021-12-20 lag 0,v5.4.3 2021-12-01 lag 0,NSD_4_3_9_REL 2021-12-02 lag 0,2.1.10 2021-09-10 lag 3,auth-4.4.2 2021-11-23 lag 1,rec-4.6.0 2021-12-14 lag 0,release-1.14.0 2021-12-01 lag 0,not determinable: forward per-zone records are not in the repository,,,
149,digest1,-1,forward,ch,2022-06,2022-06,98357,162840,64483,bind9 d20-dnssec-cds-sha2-only 2022-01-24,5,False,bind9 d20-dnssec-cds-sha2-only 2022-01-24 lag 5,0.093023,v9.18.4 2022-06-02 lag 0,v3.1.8 2022-04-28 lag 2,v5.5.1 2022-06-14 lag 0,NSD_4_6_0_REL 2022-06-23 lag 0,2.1.10 2021-09-10 lag 9,auth-4.6.2 2022-03-28 lag 3,rec-4.7.0 2022-05-25 lag 1,release-1.16.0 2022-05-27 lag 1,not determinable: forward per-zone records are not in the repository,,,
150,digest1,-1,forward,ch,2023-05,2023-05,59416,59423,7,bind9 d20-dnssec-cds-sha2-only 2022-01-24,16,False,bind9 d20-dnssec-cds-sha2-only 2022-01-24 lag 16,0.093023,v9.18.15 2023-05-09 lag 0,v3.2.6 2023-04-04 lag 1,v5.6.0 2023-01-26 lag 4,NSD_4_7_0_REL 2023-05-31 lag 0,2.1.12 2022-11-08 lag 6,auth-4.8.0 2023-05-31 lag 0,rec-4.8.4 2023-03-29 lag 2,release-1.17.1 2023-01-06 lag 4,not determinable: forward per-zone records are not in the repository,,,
151,digest1,1,forward,li,2021-12,2021-12,926,704,1630,,,False,bind9 d13-ds-cds-sha1-dropped 2020-02-12 lag 22,0,v9.16.24 2021-12-07 lag 0,v3.1.5 2021-12-20 lag 0,v5.4.3 2021-12-01 lag 0,NSD_4_3_9_REL 2021-12-02 lag 0,2.1.10 2021-09-10 lag 3,auth-4.4.2 2021-11-23 lag 1,rec-4.6.0 2021-12-14 lag 0,release-1.14.0 2021-12-01 lag 0,not determinable: forward per-zone records are not in the repository,,,
152,digest1,-1,forward,li,2022-06,2022-06,409,1578,1169,bind9 d20-dnssec-cds-sha2-only 2022-01-24,5,False,bind9 d20-dnssec-cds-sha2-only 2022-01-24 lag 5,0.093023,v9.18.4 2022-06-02 lag 0,v3.1.8 2022-04-28 lag 2,v5.5.1 2022-06-14 lag 0,NSD_4_6_0_REL 2022-06-23 lag 0,2.1.10 2021-09-10 lag 9,auth-4.6.2 2022-03-28 lag 3,rec-4.7.0 2022-05-25 lag 1,release-1.16.0 2022-05-27 lag 1,not determinable: forward per-zone records are not in the repository,,,
153,digest1,-1,forward,li,2023-05,2023-05,1092,1092,0,bind9 d20-dnssec-cds-sha2-only 2022-01-24,16,False,bind9 d20-dnssec-cds-sha2-only 2022-01-24 lag 16,0.093023,v9.18.15 2023-05-09 lag 0,v3.2.6 2023-04-04 lag 1,v5.6.0 2023-01-26 lag 4,NSD_4_7_0_REL 2023-05-31 lag 0,2.1.12 2022-11-08 lag 6,auth-4.8.0 2023-05-31 lag 0,rec-4.8.4 2023-03-29 lag 2,release-1.17.1 2023-01-06 lag 4,not determinable: forward per-zone records are not in the repository,,,
154,digest1,1,reverse,afrinic,2018-11,2018-11,89,54,143,,,False,opendnssec opendnssec[13]@2.1.0 2017-02-22 lag 21,0,v9.12.3 2018-10-06 lag 1,v2.7.4 2018-11-13 lag 0,v3.1.0 2018-11-02 lag 0,NSD_4_1_26_REL 2018-11-29 lag 0,2.1.3 2017-08-10 lag 15,auth-4.1.5 2018-11-06 lag 0,rec-4.1.8 2018-11-26 lag 0,release-1.8.2 2018-11-29 lag 0,not determinable: the ledger records DS algorithms only,,,
155,digest1,1,reverse,afrinic,2019-03,2019-03,31,111,142,,,False,knot knot[11]@2.8.0 2019-03-05 lag 0,0,v9.14.0 2019-03-20 lag 0,v2.8.0 2019-03-05 lag 0,v3.2.1 2019-01-10 lag 2,NSD_4_1_27_REL 2019-03-19 lag 0,2.1.3 2017-08-10 lag 19,auth-4.1.8 2019-03-22 lag 0,rec-4.1.11 2019-01-30 lag 2,release-1.9.1 2019-03-05 lag 0,not determinable: the ledger records DS algorithms only,,,
156,digest1,1,reverse,afrinic,2021-02,2021-02,54,122,176,,,False,bind9 d13-ds-cds-sha1-dropped 2020-02-12 lag 12,0,v9.16.12 2021-02-04 lag 0,v3.0.4 2021-01-20 lag 1,v5.3.0 2021-02-25 lag 0,NSD_4_3_5_REL 2021-01-19 lag 1,2.1.8 2021-02-20 lag 0,auth-4.4.1 2021-02-06 lag 0,rec-4.4.2 2020-12-09 lag 2,release-1.13.1 2021-02-02 lag 0,not determinable: the ledger records DS algorithms only,,,
157,digest1,-1,reverse,afrinic,2018-12,2018-12,34,143,109,opendnssec opendnssec[13]@2.1.0 2017-02-22,22,False,opendnssec opendnssec[13]@2.1.0 2017-02-22 lag 22,0.080402,v9.11.5-P1 2018-12-10 lag 0,v2.7.4 2018-11-13 lag 1,v3.2.0 2018-12-17 lag 0,NSD_4_1_26_REL 2018-11-29 lag 1,2.1.3 2017-08-10 lag 16,auth-4.1.5 2018-11-06 lag 1,rec-4.1.8 2018-11-26 lag 1,release-1.8.3 2018-12-04 lag 0,not determinable: the ledger records DS algorithms only,,,
158,digest1,-1,reverse,afrinic,2020-10,2020-10,31,153,122,bind9 d13-ds-cds-sha1-dropped 2020-02-12,8,False,bind9 d13-ds-cds-sha1-dropped 2020-02-12 lag 8,0.080402,v9.16.8 2020-10-13 lag 0,v3.0.1 2020-10-10 lag 0,v5.1.3 2020-09-08 lag 1,NSD_4_3_3_REL 2020-10-01 lag 0,2.1.7 2020-10-07 lag 0,auth-4.3.1 2020-09-22 lag 1,rec-4.4.0 2020-10-13 lag 0,release-1.12.0 2020-10-01 lag 0,not determinable: the ledger records DS algorithms only,,,
159,digest1,-1,reverse,afrinic,2022-01,2022-01,53,199,146,bind9 d20-dnssec-cds-sha2-only 2022-01-24,0,True,bind9 d20-dnssec-cds-sha2-only 2022-01-24 lag 0,0.080402,v9.18.0 2022-01-24 lag 0,v3.1.5 2021-12-20 lag 1,v5.4.4 2022-01-05 lag 0,NSD_4_3_9_REL 2021-12-02 lag 1,2.1.10 2021-09-10 lag 4,auth-4.6.0 2022-01-24 lag 0,rec-4.6.0 2021-12-14 lag 1,release-1.14.0 2021-12-01 lag 1,not determinable: the ledger records DS algorithms only,,,
160,digest1,-1,reverse,afrinic,2026-07,2026-07,51,170,119,bind9 d20-dnssec-cds-sha2-only 2022-01-24,54,False,bind9 d20-dnssec-cds-sha2-only 2022-01-24 lag 54,0.080402,v9.20.26 2026-07-20 lag 0,v3.5.6 2026-07-20 lag 0,v6.4.1 2026-07-22 lag 0,NSD_4_15_0_REL 2026-07-07 lag 0,2.1.14 2024-08-22 lag 23,auth-5.1.3 2026-06-29 lag 1,rec-5.4.4 2026-07-07 lag 0,release-1.26.0 2026-07-24 lag 0,not determinable: the ledger records DS algorithms only,,,
161,digest1,1,reverse,apnic,2012-01,2012-02,70,8,78,,,False,,0,v9.8.1-P1 2011-11-16 lag 2,v0.9.1 2012-01-20 lag 0,,NSD_3_2_9_REL 2011-11-02 lag 2,1.3.5 2012-01-23 lag 0,auth-3.0.1 2012-01-10 lag 0,rec-3.3.1 2010-12-18 lag 13,release-1.4.15 2012-01-18 lag 0,not determinable: the ledger records DS algorithms only,,,
162,digest1,1,reverse,apnic,2014-04,2014-04,54,111,165,,,False,,0,v9.10.0 2014-04-28 lag 0,v1.4.5 2014-04-14 lag 0,,NSD_4_0_3_REL 2014-03-14 lag 1,1.4.5 2014-04-11 lag 0,auth-3.3.1 2013-12-17 lag 4,rec-3.5.3 2013-09-17 lag 7,release-1.4.22 2014-03-12 lag 1,not determinable: the ledger records DS algorithms only,,,
163,digest1,1,reverse,apnic,2015-12,2015-12,339,207,546,,,False,,0,v9.9.8-P2 2015-12-06 lag 0,v2.0.2 2015-11-24 lag 1,,NSD_4_1_7_REL 2015-12-09 lag 0,1.4.8.2 2015-10-05 lag 2,auth-3.4.7 2015-11-03 lag 1,rec-3.7.3 2015-06-09 lag 6,release-1.5.7 2015-12-08 lag 0,not determinable: the ledger records DS algorithms only,,,
164,digest1,1,reverse,apnic,2016-12,2017-01,943,573,1516,,,False,,0,v9.9.9-P5 2016-12-11 lag 0,v2.3.3 2016-12-08 lag 0,v1.1.1 2016-08-24 lag 4,NSD_4_1_14_REL 2016-12-01 lag 0,1.4.12 2016-10-17 lag 2,auth-3.4.10 2016-09-01 lag 3,rec-4.0.3 2016-09-06 lag 3,release-1.6.0 2016-12-08 lag 0,not determinable: the ledger records DS algorithms only,,,
165,digest1,1,reverse,apnic,2017-09,2017-09,160,1519,1679,,,False,opendnssec opendnssec[13]@2.1.0 2017-02-22 lag 7,0,v9.9.11 2017-07-24 lag 2,v2.6.0 2017-09-29 lag 0,v1.4.0 2017-09-21 lag 0,NSD_4_1_17_REL 2017-07-13 lag 2,2.1.3 2017-08-10 lag 1,auth-4.0.4 2017-06-22 lag 3,rec-4.0.6 2017-07-04 lag 2,release-1.6.6 2017-09-13 lag 0,not determinable: the ledger records DS algorithms only,,,
166,digest1,1,reverse,apnic,2018-12,2018-12,267,1757,2024,,,False,opendnssec opendnssec[13]@2.1.0 2017-02-22 lag 22,0,v9.11.5-P1 2018-12-10 lag 0,v2.7.4 2018-11-13 lag 1,v3.2.0 2018-12-17 lag 0,NSD_4_1_26_REL 2018-11-29 lag 1,2.1.3 2017-08-10 lag 16,auth-4.1.5 2018-11-06 lag 1,rec-4.1.8 2018-11-26 lag 1,release-1.8.3 2018-12-04 lag 0,not determinable: the ledger records DS algorithms only,,,
167,digest1,1,reverse,apnic,2019-02,2019-02,300,2061,2361,,,False,opendnssec opendnssec[13]@2.1.0 2017-02-22 lag 24,0,v9.12.4 2019-02-27 lag 0,v2.7.6 2019-01-23 lag 1,v3.2.1 2019-01-10 lag 1,NSD_4_1_26_REL 2018-11-29 lag 3,2.1.3 2017-08-10 lag 18,auth-4.1.6 2019-01-04 lag 1,rec-4.1.11 2019-01-30 lag 1,release-1.9.0 2019-01-29 lag 1,not determinable: the ledger records DS algorithms only,,,
168,digest1,1,reverse,apnic,2019-07,2019-07,300,2583,2883,,,False,knot knot[11]@2.8.0 2019-03-05 lag 4,0,v9.14.4 2019-07-09 lag 0,v2.8.3 2019-07-16 lag 0,v4.1.0 2019-07-10 lag 0,NSD_4_2_1_REL 2019-07-02 lag 0,2.1.4 2019-05-16 lag 2,auth-4.1.11 2019-07-30 lag 0,rec-4.2.0 2019-07-12 lag 0,release-1.9.2 2019-06-14 lag 1,not determinable: the ledger records DS algorithms only,,,
169,digest1,1,reverse,apnic,2020-01,2020-01,353,2879,3232,,,False,knot knot[11]@2.8.0 2019-03-05 lag 10,0,v9.14.10 2020-01-16 lag 0,v2.8.5 2020-01-01 lag 0,v5.0.0 2020-01-27 lag 0,NSD_4_2_4_REL 2019-12-03 lag 1,2.1.5 2019-11-05 lag 2,auth-4.2.1 2019-11-28 lag 2,rec-4.2.1 2019-11-27 lag 2,release-1.9.6 2019-12-06 lag 1,not determinable: the ledger records DS algorithms only,,,
170,digest1,-1,reverse,apnic,2022-11,2022-11,334,3247,2913,bind9 d20-dnssec-cds-sha2-only 2022-01-24,10,False,bind9 d20-dnssec-cds-sha2-only 2022-01-24 lag 10,0.089888,v9.18.9 2022-11-07 lag 0,v3.2.3 2022-11-20 lag 0,v5.5.3 2022-09-21 lag 2,NSD_4_6_1_REL 2022-11-01 lag 0,2.1.12 2022-11-08 lag 0,auth-4.7.2 2022-11-01 lag 0,rec-4.7.4 2022-11-23 lag 0,release-1.17.0 2022-10-11 lag 1,not determinable: the ledger records DS algorithms only,,,
171,digest1,1,reverse,arin,2011-05,2011-06,80,0,80,,,False,,0,v9.8.0-P2 2011-05-27 lag 0,v0.2 2011-04-12 lag 1,,NSD_3_2_8_REL 2011-03-22 lag 2,1.2.1 2011-03-18 lag 2,auth-2.9.22 2009-01-25 lag 28,rec-3.3.1 2010-12-18 lag 5,release-1.4.10 2011-05-25 lag 0,not determinable: the ledger records DS algorithms only,,,
172,digest1,1,reverse,arin,2013-01,2013-01,43,113,156,,,False,,0,v9.9.2-P1 2012-10-26 lag 3,v1.1.3 2012-12-19 lag 1,,NSD_3_2_15_REL 2013-01-29 lag 0,1.3.12 2013-01-23 lag 0,auth-3.2 2013-01-17 lag 0,rec-3.3.1 2010-12-18 lag 25,release-1.4.19 2012-12-06 lag 1,not determinable: the ledger records DS algorithms only,,,
173,digest1,1,reverse,arin,2014-01,2014-01,38,213,251,,,False,,0,v9.9.5 2014-01-27 lag 0,v1.4.2 2014-01-27 lag 0,,NSD_4_0_1_REL 2014-01-21 lag 0,1.4.3 2013-12-04 lag 1,auth-3.3.1 2013-12-17 lag 1,rec-3.5.3 2013-09-17 lag 4,release-1.4.21 2013-09-10 lag 4,not determinable: the ledger records DS algorithms only,,,
174,digest1,1,reverse,arin,2014-09,2014-10,160,261,421,,,False,,0,v9.9.6 2014-09-16 lag 0,v1.5.3 2014-09-15 lag 0,,NSD_4_1_0_REL 2014-09-04 lag 0,1.4.6 2014-07-21 lag 2,auth-3.4.0 2014-09-30 lag 0,rec-3.6.1 2014-09-09 lag 0,release-1.4.22 2014-03-12 lag 6,not determinable: the ledger records DS algorithms only,,,
175,digest1,1,reverse,arin,2017-07,2017-07,87,584,671,,,False,opendnssec opendnssec[13]@2.1.0 2017-02-22 lag 5,0,v9.9.11 2017-07-24 lag 0,v2.5.3 2017-07-14 lag 0,v1.3.2 2017-07-28 lag 0,NSD_4_1_17_REL 2017-07-13 lag 0,2.1.1 2017-04-28 lag 3,auth-4.0.4 2017-06-22 lag 1,rec-4.0.6 2017-07-04 lag 0,release-1.6.5 2017-06-27 lag 1,not determinable: the ledger records DS algorithms only,,,
176,digest1,1,reverse,arin,2019-06,2019-06,251,866,1117,,,False,knot knot[11]@2.8.0 2019-03-05 lag 3,0,v9.14.3 2019-06-04 lag 0,v2.8.2 2019-06-05 lag 0,v4.0.0 2019-04-18 lag 2,NSD_4_2_0_REL 2019-06-06 lag 0,2.1.4 2019-05-16 lag 1,auth-4.1.10 2019-06-20 lag 0,rec-4.1.14 2019-06-12 lag 0,release-1.9.2 2019-06-14 lag 0,not determinable: the ledger records DS algorithms only,,,
177,digest1,1,reverse,arin,2020-06,2020-06,266,1288,1554,,,False,bind9 d13-ds-cds-sha1-dropped 2020-02-12 lag 4,0,v9.16.4 2020-06-10 lag 0,v2.9.5 2020-05-25 lag 1,v5.1.1 2020-05-19 lag 1,NSD_4_3_1_REL 2020-04-08 lag 2,2.1.6 2020-02-10 lag 4,auth-4.2.2 2020-04-07 lag 2,rec-4.3.2 2020-06-30 lag 0,release-1.10.1 2020-05-19 lag 1,not determinable: the ledger records DS algorithms only,,,
178,digest1,-1,reverse,arin,2012-12,2012-12,39,152,113,,,False,,0.080402,v9.9.2-P1 2012-10-26 lag 2,v1.1.3 2012-12-19 lag 0,,NSD_3_2_14_REL 2012-10-24 lag 2,1.3.11 2012-11-13 lag 1,auth-3.1 2012-05-04 lag 7,rec-3.3.1 2010-12-18 lag 24,release-1.4.19 2012-12-06 lag 0,not determinable: the ledger records DS algorithms only,,,
179,digest1,1,reverse,ripe,2010-04,2010-04,33,200,233,,,False,,0,v9.7.0-P1 2010-03-04 lag 1,,,NSD_3_2_5_REL 2010-04-14 lag 0,1.0.0 2010-02-28 lag 2,auth-2.9.22 2009-01-25 lag 15,rec-3.2 2010-03-06 lag 1,release-1.4.4 2010-04-16 lag 0,not determinable: the ledger records DS algorithms only,,,
180,digest1,1,reverse,ripe,2010-08,2010-08,107,259,366,,,False,,0,v9.7.1-P2 2010-07-15 lag 1,,,NSD_3_2_6_REL 2010-07-20 lag 1,1.1.2 2010-08-25 lag 0,auth-2.9.22 2009-01-25 lag 19,rec-3.2 2010-03-06 lag 5,release-1.4.6 2010-07-22 lag 1,not determinable: the ledger records DS algorithms only,,,
181,digest1,1,reverse,ripe,2011-05,2011-05,46,369,415,,,False,,0,v9.8.0-P2 2011-05-27 lag 0,v0.2 2011-04-12 lag 1,,NSD_3_2_8_REL 2011-03-22 lag 2,1.2.1 2011-03-18 lag 2,auth-2.9.22 2009-01-25 lag 28,rec-3.3.1 2010-12-18 lag 5,release-1.4.10 2011-05-25 lag 0,not determinable: the ledger records DS algorithms only,,,
182,digest1,1,reverse,ripe,2011-11,2011-11,65,430,495,,,False,,0,v9.8.1-P1 2011-11-16 lag 0,v0.8 2011-11-03 lag 0,,NSD_3_2_9_REL 2011-11-02 lag 0,1.3.3 2011-11-17 lag 0,auth-3.0 2011-07-25 lag 4,rec-3.3.1 2010-12-18 lag 11,release-1.4.13p2 2011-09-15 lag 2,not determinable: the ledger records DS algorithms only,,,
183,digest1,1,reverse,ripe,2012-01,2012-01,67,496,563,,,False,,0,v9.8.1-P1 2011-11-16 lag 2,v0.9.1 2012-01-20 lag 0,,NSD_3_2_9_REL 2011-11-02 lag 2,1.3.5 2012-01-23 lag 0,auth-3.0.1 2012-01-10 lag 0,rec-3.3.1 2010-12-18 lag 13,release-1.4.15 2012-01-18 lag 0,not determinable: the ledger records DS algorithms only,,,
184,digest1,1,reverse,ripe,2013-02,2013-02,71,707,778,,,False,,0,v9.9.2-P1 2012-10-26 lag 4,v1.1.3 2012-12-19 lag 2,,NSD_3_2_15_REL 2013-01-29 lag 1,1.3.13 2013-02-20 lag 0,auth-3.2 2013-01-17 lag 1,rec-3.3.1 2010-12-18 lag 26,release-1.4.19 2012-12-06 lag 2,not determinable: the ledger records DS algorithms only,,,
185,digest1,1,reverse,ripe,2013-12,2013-12,179,795,974,,,False,,0,v9.9.4-P2 2013-12-20 lag 0,v1.4.0 2013-12-31 lag 0,,NSD_4_0_0_REL 2013-10-29 lag 2,1.4.3 2013-12-04 lag 0,auth-3.3.1 2013-12-17 lag 0,rec-3.5.3 2013-09-17 lag 3,release-1.4.21 2013-09-10 lag 3,not determinable: the ledger records DS algorithms only,,,
186,digest1,1,reverse,ripe,2014-12,2014-12,159,1176,1335,,,False,,0,v9.9.6-P1 2014-11-20 lag 1,v1.6.1 2014-12-12 lag 0,,NSD_4_1_0_REL 2014-09-04 lag 3,1.4.7 2014-12-04 lag 0,auth-3.4.1 2014-10-28 lag 2,rec-3.6.2 2014-10-30 lag 2,release-1.5.1 2014-12-08 lag 0,not determinable: the ledger records DS algorithms only,,,
187,digest1,-1,reverse,ripe,2015-10,2015-10,1415,1445,30,,,False,,0.080402,v9.9.8 2015-09-09 lag 1,v2.0.1 2015-09-02 lag 1,,NSD_4_1_6_REL 2015-10-20 lag 0,1.4.8.2 2015-10-05 lag 0,auth-3.4.6 2015-08-26 lag 2,rec-3.7.3 2015-06-09 lag 4,release-1.5.6 2015-10-15 lag 0,not determinable: the ledger records DS algorithms only,,,
188,iter0,1,forward,se,2021-09,2021-10,1445,130,1575,,,False,,0.1,v9.16.21 2021-09-07 lag 0,v3.0.9 2021-09-09 lag 0,v5.4.1 2021-08-19 lag 1,NSD_4_3_7_REL 2021-07-22 lag 2,2.1.10 2021-09-10 lag 0,auth-4.5.1 2021-07-22 lag 2,rec-4.5.5 2021-07-28 lag 2,release-1.13.2 2021-08-05 lag 1,not determinable: forward per-zone records are not in the repository,,,
189,iter0,1,forward,se,2021-12,2021-12,2934,1592,4526,,,False,,0.1,v9.16.24 2021-12-07 lag 0,v3.1.5 2021-12-20 lag 0,v5.4.3 2021-12-01 lag 0,NSD_4_3_9_REL 2021-12-02 lag 0,2.1.10 2021-09-10 lag 3,auth-4.4.2 2021-11-23 lag 1,rec-4.6.0 2021-12-14 lag 0,release-1.14.0 2021-12-01 lag 0,not determinable: forward per-zone records are not in the repository,,,
190,iter0,1,forward,se,2022-07,2022-08,41250,4956,46206,bind9 d21-signzone-nsec3-iterations-0 2022-07-07,0,True,bind9 d21-signzone-nsec3-iterations-0 2022-07-07 lag 0,0.1,v9.16.31 2022-07-11 lag 0,v3.1.8 2022-04-28 lag 3,v5.5.1 2022-06-14 lag 1,NSD_4_6_0_REL 2022-06-23 lag 1,2.1.10 2021-09-10 lag 10,auth-4.6.3 2022-07-12 lag 0,rec-4.7.1 2022-07-05 lag 0,release-1.16.1 2022-07-04 lag 0,not determinable: forward per-zone records are not in the repository,,,
191,iter0,1,forward,se,2023-06,2023-06,19513,46419,65932,knot knot[14]@3.2.0 2022-08-22,10,False,knot knot[14]@3.2.0 2022-08-22 lag 10,0.1,v9.18.16 2023-06-09 lag 0,v3.2.8 2023-06-26 lag 0,v6.0.1 2023-06-23 lag 0,NSD_4_7_0_REL 2023-05-31 lag 1,2.1.13 2023-06-26 lag 0,auth-4.8.0 2023-05-31 lag 1,rec-4.9.0 2023-06-29 lag 0,release-1.17.1 2023-01-06 lag 5,not determinable: forward per-zone records are not in the repository,,,
192,iter0,1,forward,nu,2021-09,2021-10,12338,539,12877,,,False,,0.1,v9.16.21 2021-09-07 lag 0,v3.0.9 2021-09-09 lag 0,v5.4.1 2021-08-19 lag 1,NSD_4_3_7_REL 2021-07-22 lag 2,2.1.10 2021-09-10 lag 0,auth-4.5.1 2021-07-22 lag 2,rec-4.5.5 2021-07-28 lag 2,release-1.13.2 2021-08-05 lag 1,not determinable: forward per-zone records are not in the repository,,,
193,iter0,1,forward,nu,2022-08,2022-08,1723,14378,16101,knot knot[14]@3.2.0 2022-08-22,0,True,knot knot[14]@3.2.0 2022-08-22 lag 0,0.1,v9.16.32 2022-08-05 lag 0,v3.2.0 2022-08-22 lag 0,v5.5.2 2022-08-16 lag 0,NSD_4_6_0_REL 2022-06-23 lag 2,2.1.10 2021-09-10 lag 11,auth-4.6.3 2022-07-12 lag 1,rec-4.7.2 2022-08-23 lag 0,release-1.16.2 2022-08-01 lag 0,not determinable: forward per-zone records are not in the repository,,,
194,iter0,1,forward,ch,2021-09,2021-10,3504,268,3772,,,False,,0.209302,v9.16.21 2021-09-07 lag 0,v3.0.9 2021-09-09 lag 0,v5.4.1 2021-08-19 lag 1,NSD_4_3_7_REL 2021-07-22 lag 2,2.1.10 2021-09-10 lag 0,auth-4.5.1 2021-07-22 lag 2,rec-4.5.5 2021-07-28 lag 2,release-1.13.2 2021-08-05 lag 1,not determinable: forward per-zone records are not in the repository,,,
195,iter0,1,forward,ch,2021-12,2021-12,861,3859,4720,,,False,,0.209302,v9.16.24 2021-12-07 lag 0,v3.1.5 2021-12-20 lag 0,v5.4.3 2021-12-01 lag 0,NSD_4_3_9_REL 2021-12-02 lag 0,2.1.10 2021-09-10 lag 3,auth-4.4.2 2021-11-23 lag 1,rec-4.6.0 2021-12-14 lag 0,release-1.14.0 2021-12-01 lag 0,not determinable: forward per-zone records are not in the repository,,,
196,iter0,1,forward,ch,2022-03,2022-03,20076,5610,25686,bind9 d18-nsec3param-default-0-0 2022-01-24,2,True,bind9 d18-nsec3param-default-0-0 2022-01-24 lag 2,0.209302,v9.18.1 2022-03-07 lag 0,v3.1.7 2022-03-30 lag 0,v5.5.0 2022-03-15 lag 0,NSD_4_4_0_REL 2022-02-10 lag 1,2.1.10 2021-09-10 lag 6,auth-4.6.2 2022-03-28 lag 0,rec-4.6.2 2022-03-29 lag 0,release-1.15.0 2022-02-03 lag 1,not determinable: forward per-zone records are not in the repository,,,
197,iter0,1,forward,ch,2022-08,2022-08,7920,32118,40038,knot knot[14]@3.2.0 2022-08-22,0,True,knot knot[14]@3.2.0 2022-08-22 lag 0,0.209302,v9.16.32 2022-08-05 lag 0,v3.2.0 2022-08-22 lag 0,v5.5.2 2022-08-16 lag 0,NSD_4_6_0_REL 2022-06-23 lag 2,2.1.10 2021-09-10 lag 11,auth-4.6.3 2022-07-12 lag 1,rec-4.7.2 2022-08-23 lag 0,release-1.16.2 2022-08-01 lag 0,not determinable: forward per-zone records are not in the repository,,,
198,iter0,1,forward,ch,2022-11,2023-02,139874,42651,182525,knot knot[14]@3.2.0 2022-08-22,3,True,knot knot[14]@3.2.0 2022-08-22 lag 3,0.209302,v9.18.9 2022-11-07 lag 0,v3.2.3 2022-11-20 lag 0,v5.5.3 2022-09-21 lag 2,NSD_4_6_1_REL 2022-11-01 lag 0,2.1.12 2022-11-08 lag 0,auth-4.7.2 2022-11-01 lag 0,rec-4.7.4 2022-11-23 lag 0,release-1.17.0 2022-10-11 lag 1,not determinable: forward per-zone records are not in the repository,,,
199,iter0,1,forward,li,2022-03,2022-03,544,222,766,bind9 d18-nsec3param-default-0-0 2022-01-24,2,True,bind9 d18-nsec3param-default-0-0 2022-01-24 lag 2,0.209302,v9.18.1 2022-03-07 lag 0,v3.1.7 2022-03-30 lag 0,v5.5.0 2022-03-15 lag 0,NSD_4_4_0_REL 2022-02-10 lag 1,2.1.10 2021-09-10 lag 6,auth-4.6.2 2022-03-28 lag 0,rec-4.6.2 2022-03-29 lag 0,release-1.15.0 2022-02-03 lag 1,not determinable: forward per-zone records are not in the repository,,,
200,iter0,1,forward,li,2022-12,2023-02,2064,1420,3484,knot knot[14]@3.2.0 2022-08-22,4,False,knot knot[14]@3.2.0 2022-08-22 lag 4,0.209302,v9.18.10 2022-12-12 lag 0,v3.2.4 2022-12-12 lag 0,v5.5.3 2022-09-21 lag 3,NSD_4_6_1_REL 2022-11-01 lag 1,2.1.12 2022-11-08 lag 1,auth-4.7.3 2022-12-08 lag 0,rec-4.8.0 2022-12-07 lag 0,release-1.17.0 2022-10-11 lag 2,not determinable: forward per-zone records are not in the repository,,,
201,iter10,1,forward,se,2017-11,2017-11,321,2178,2499,bind9 d03-signzone-nsec3-iterations-100-to-10 2010-02-16,93,False,bind9 d03-signzone-nsec3-iterations-100-to-10 2010-02-16 lag 93,0,v9.9.11 2017-07-24 lag 4,v2.6.3 2017-11-24 lag 0,v1.5.0 2017-11-02 lag 0,NSD_4_1_18_REL 2017-11-27 lag 0,2.1.3 2017-08-10 lag 3,auth-4.1.0 2017-11-30 lag 0,rec-4.0.7 2017-11-27 lag 0,release-1.6.8 2017-10-10 lag 1,not determinable: forward per-zone records are not in the repository,,,
202,iter10,1,forward,se,2018-03,2018-03,366,3224,3590,bind9 d03-signzone-nsec3-iterations-100-to-10 2010-02-16,97,False,bind9 d03-signzone-nsec3-iterations-100-to-10 2010-02-16 lag 97,0,v9.9.12 2018-03-08 lag 0,v2.6.5 2018-02-12 lag 1,v2.2.0 2018-03-28 lag 0,NSD_4_1_20_REL 2018-02-14 lag 1,2.1.3 2017-08-10 lag 7,auth-4.1.1 2018-02-16 lag 1,rec-4.1.2 2018-03-27 lag 0,release-1.7.0 2018-03-12 lag 0,not determinable: forward per-zone records are not in the repository,,,
203,iter10,1,forward,se,2019-10,2019-10,2341,5240,7581,bind9 d03-signzone-nsec3-iterations-100-to-10 2010-02-16,116,False,bind9 d03-signzone-nsec3-iterations-100-to-10 2010-02-16 lag 116,0,v9.14.7 2019-10-02 lag 0,v2.9.0 2019-10-10 lag 0,v4.2.2 2019-10-07 lag 0,NSD_4_2_2_REL 2019-08-13 lag 2,2.1.4 2019-05-16 lag 5,auth-4.2.0 2019-08-27 lag 2,rec-4.2.0 2019-07-12 lag 3,release-1.9.4 2019-10-03 lag 0,not determinable: forward per-zone records are not in the repository,,,
204,iter10,1,forward,se,2022-04,2022-06,12115,10956,23071,bind9 d03-signzone-nsec3-iterations-100-to-10 2010-02-16,146,False,bind9 d03-signzone-nsec3-iterations-100-to-10 2010-02-16 lag 146,0,v9.18.2 2022-04-11 lag 0,v3.1.8 2022-04-28 lag 0,v5.5.0 2022-03-15 lag 1,NSD_4_4_0_REL 2022-02-10 lag 2,2.1.10 2021-09-10 lag 7,auth-4.6.2 2022-03-28 lag 1,rec-4.6.2 2022-03-29 lag 1,release-1.15.0 2022-02-03 lag 2,not determinable: forward per-zone records are not in the repository,,,
205,iter10,1,forward,se,2022-08,2022-09,13137,24004,37141,bind9 d03-signzone-nsec3-iterations-100-to-10 2010-02-16,150,False,bind9 d03-signzone-nsec3-iterations-100-to-10 2010-02-16 lag 150,0,v9.16.32 2022-08-05 lag 0,v3.2.0 2022-08-22 lag 0,v5.5.2 2022-08-16 lag 0,NSD_4_6_0_REL 2022-06-23 lag 2,2.1.10 2021-09-10 lag 11,auth-4.6.3 2022-07-12 lag 1,rec-4.7.2 2022-08-23 lag 0,release-1.16.2 2022-08-01 lag 0,not determinable: forward per-zone records are not in the repository,,,
206,iter10,1,forward,se,2022-11,2022-11,9438,40621,50059,bind9 d03-signzone-nsec3-iterations-100-to-10 2010-02-16,153,False,bind9 d03-signzone-nsec3-iterations-100-to-10 2010-02-16 lag 153,0,v9.18.9 2022-11-07 lag 0,v3.2.3 2022-11-20 lag 0,v5.5.3 2022-09-21 lag 2,NSD_4_6_1_REL 2022-11-01 lag 0,2.1.12 2022-11-08 lag 0,auth-4.7.2 2022-11-01 lag 0,rec-4.7.4 2022-11-23 lag 0,release-1.17.0 2022-10-11 lag 1,not determinable: forward per-zone records are not in the repository,,,
207,iter10,1,forward,nu,2017-12,2017-12,327,458,785,bind9 d03-signzone-nsec3-iterations-100-to-10 2010-02-16,94,False,bind9 d03-signzone-nsec3-iterations-100-to-10 2010-02-16 lag 94,0,v9.9.11 2017-07-24 lag 5,v2.6.3 2017-11-24 lag 1,v1.5.1 2017-12-12 lag 0,NSD_4_1_19_REL 2017-12-11 lag 0,2.1.3 2017-08-10 lag 4,auth-4.1.0 2017-11-30 lag 1,rec-4.0.8 2017-12-11 lag 0,release-1.6.8 2017-10-10 lag 2,not determinable: forward per-zone records are not in the repository,,,
208,iter10,1,forward,nu,2018-03,2018-03,718,995,1713,bind9 d03-signzone-nsec3-iterations-100-to-10 2010-02-16,97,False,bind9 d03-signzone-nsec3-iterations-100-to-10 2010-02-16 lag 97,0,v9.9.12 2018-03-08 lag 0,v2.6.5 2018-02-12 lag 1,v2.2.0 2018-03-28 lag 0,NSD_4_1_20_REL 2018-02-14 lag 1,2.1.3 2017-08-10 lag 7,auth-4.1.1 2018-02-16 lag 1,rec-4.1.2 2018-03-27 lag 0,release-1.7.0 2018-03-12 lag 0,not determinable: forward per-zone records are not in the repository,,,
209,iter10,1,forward,nu,2022-09,2022-09,444,3841,4285,bind9 d03-signzone-nsec3-iterations-100-to-10 2010-02-16,151,False,bind9 d03-signzone-nsec3-iterations-100-to-10 2010-02-16 lag 151,0,v9.18.7 2022-09-08 lag 0,v3.2.1 2022-09-08 lag 0,v5.5.3 2022-09-21 lag 0,NSD_4_6_0_REL 2022-06-23 lag 3,2.1.10 2021-09-10 lag 12,auth-4.6.3 2022-07-12 lag 2,rec-4.7.3 2022-09-15 lag 0,release-1.16.3 2022-09-21 lag 0,not determinable: forward per-zone records are not in the repository,,,
210,iter10,1,forward,nu,2022-11,2022-12,1442,4676,6118,bind9 d03-signzone-nsec3-iterations-100-to-10 2010-02-16,153,False,bind9 d03-signzone-nsec3-iterations-100-to-10 2010-02-16 lag 153,0,v9.18.9 2022-11-07 lag 0,v3.2.3 2022-11-20 lag 0,v5.5.3 2022-09-21 lag 2,NSD_4_6_1_REL 2022-11-01 lag 0,2.1.12 2022-11-08 lag 0,auth-4.7.2 2022-11-01 lag 0,rec-4.7.4 2022-11-23 lag 0,release-1.17.0 2022-10-11 lag 1,not determinable: forward per-zone records are not in the repository,,,
211,iter10,1,forward,ch,2021-11,2021-11,6316,20209,26525,bind9 d03-signzone-nsec3-iterations-100-to-10 2010-02-16,141,False,bind9 d03-signzone-nsec3-iterations-100-to-10 2010-02-16 lag 141,0,v9.16.23 2021-11-05 lag 0,v3.1.4 2021-11-04 lag 0,v5.4.2 2021-10-13 lag 1,NSD_4_3_8_REL 2021-10-07 lag 1,2.1.10 2021-09-10 lag 2,auth-4.4.2 2021-11-23 lag 0,rec-4.5.7 2021-10-27 lag 1,release-1.13.2 2021-08-05 lag 3,not determinable: forward per-zone records are not in the repository,,,
212,iter10,-1,forward,ch,2022-04,2022-04,18892,32220,13328,,,False,bind9 d03-signzone-nsec3-iterations-100-to-10 2010-02-16 lag 146,0,v9.18.2 2022-04-11 lag 0,v3.1.8 2022-04-28 lag 0,v5.5.0 2022-03-15 lag 1,NSD_4_4_0_REL 2022-02-10 lag 2,2.1.10 2021-09-10 lag 7,auth-4.6.2 2022-03-28 lag 1,rec-4.6.2 2022-03-29 lag 1,release-1.15.0 2022-02-03 lag 2,not determinable: forward per-zone records are not in the repository,,,
213,iter10,-1,forward,ch,2022-09,2022-09,4869,13253,8384,,,False,bind9 d03-signzone-nsec3-iterations-100-to-10 2010-02-16 lag 151,0,v9.18.7 2022-09-08 lag 0,v3.2.1 2022-09-08 lag 0,v5.5.3 2022-09-21 lag 0,NSD_4_6_0_REL 2022-06-23 lag 3,2.1.10 2021-09-10 lag 12,auth-4.6.3 2022-07-12 lag 2,rec-4.7.3 2022-09-15 lag 0,release-1.16.3 2022-09-21 lag 0,not determinable: forward per-zone records are not in the repository,,,
214,iter10,-1,forward,ch,2023-01,2023-01,2701,8543,5842,,,False,bind9 d03-signzone-nsec3-iterations-100-to-10 2010-02-16 lag 155,0,v9.18.11 2023-01-12 lag 0,v3.2.4 2022-12-12 lag 1,v5.6.0 2023-01-26 lag 0,NSD_4_6_1_REL 2022-11-01 lag 2,2.1.12 2022-11-08 lag 2,auth-4.7.3 2022-12-08 lag 1,rec-4.8.2 2023-01-26 lag 0,release-1.17.1 2023-01-06 lag 0,not determinable: forward per-zone records are not in the repository,,,
215,iter10,-1,forward,li,2022-04,2022-04,496,916,420,,,False,bind9 d03-signzone-nsec3-iterations-100-to-10 2010-02-16 lag 146,0,v9.18.2 2022-04-11 lag 0,v3.1.8 2022-04-28 lag 0,v5.5.0 2022-03-15 lag 1,NSD_4_4_0_REL 2022-02-10 lag 2,2.1.10 2021-09-10 lag 7,auth-4.6.2 2022-03-28 lag 1,rec-4.6.2 2022-03-29 lag 1,release-1.15.0 2022-02-03 lag 2,not determinable: forward per-zone records are not in the repository,,,
216,iter5,1,forward,se,2019-01,2019-07,477503,1409,478912,,,False,,0.044444,v9.11.5-P1 2018-12-10 lag 1,v2.7.6 2019-01-23 lag 0,v3.2.1 2019-01-10 lag 0,NSD_4_1_26_REL 2018-11-29 lag 2,2.1.3 2017-08-10 lag 17,auth-4.1.6 2019-01-04 lag 0,rec-4.1.11 2019-01-30 lag 0,release-1.9.0 2019-01-29 lag 0,not determinable: forward per-zone records are not in the repository,,,
217,iter5,1,forward,nu,2019-01,2019-05,15201,171,15372,,,False,,0.044444,v9.11.5-P1 2018-12-10 lag 1,v2.7.6 2019-01-23 lag 0,v3.2.1 2019-01-10 lag 0,NSD_4_1_26_REL 2018-11-29 lag 2,2.1.3 2017-08-10 lag 17,auth-4.1.6 2019-01-04 lag 0,rec-4.1.11 2019-01-30 lag 0,release-1.9.0 2019-01-29 lag 0,not determinable: forward per-zone records are not in the repository,,,
218,iter5,1,forward,ee,2019-08,2019-09,3228,8018,11246,,,False,,0.075472,v9.14.5 2019-08-13 lag 0,v2.8.3 2019-07-16 lag 1,v4.2.0 2019-08-05 lag 0,NSD_4_2_2_REL 2019-08-13 lag 0,2.1.4 2019-05-16 lag 3,auth-4.2.0 2019-08-27 lag 0,rec-4.2.0 2019-07-12 lag 1,release-1.9.3 2019-08-22 lag 0,not determinable: forward per-zone records are not in the repository,,,
219,iter5,1,forward,ch,2022-11,2023-04,4014,1438,5452,bind9 d17-nsec3param-default-in-policy 2020-12-07,23,False,bind9 d17-nsec3param-default-in-policy 2020-12-07 lag 23,0.093023,v9.18.9 2022-11-07 lag 0,v3.2.3 2022-11-20 lag 0,v5.5.3 2022-09-21 lag 2,NSD_4_6_1_REL 2022-11-01 lag 0,2.1.12 2022-11-08 lag 0,auth-4.7.2 2022-11-01 lag 0,rec-4.7.4 2022-11-23 lag 0,release-1.17.0 2022-10-11 lag 1,not determinable: forward per-zone records are not in the repository,,,
220,iter5,1,forward,ch,2023-06,2023-06,18365,6230,24595,bind9 d17-nsec3param-default-in-policy 2020-12-07,30,False,bind9 d17-nsec3param-default-in-policy 2020-12-07 lag 30,0.093023,v9.18.16 2023-06-09 lag 0,v3.2.8 2023-06-26 lag 0,v6.0.1 2023-06-23 lag 0,NSD_4_7_0_REL 2023-05-31 lag 1,2.1.13 2023-06-26 lag 0,auth-4.8.0 2023-05-31 lag 1,rec-4.9.0 2023-06-29 lag 0,release-1.17.1 2023-01-06 lag 5,not determinable: forward per-zone records are not in the repository,,,
221,iter5,1,forward,li,2023-06,2023-06,754,156,910,bind9 d17-nsec3param-default-in-policy 2020-12-07,30,False,bind9 d17-nsec3param-default-in-policy 2020-12-07 lag 30,0.093023,v9.18.16 2023-06-09 lag 0,v3.2.8 2023-06-26 lag 0,v6.0.1 2023-06-23 lag 0,NSD_4_7_0_REL 2023-05-31 lag 1,2.1.13 2023-06-26 lag 0,auth-4.8.0 2023-05-31 lag 1,rec-4.9.0 2023-06-29 lag 0,release-1.17.1 2023-01-06 lag 5,not determinable: forward per-zone records are not in the repository,,,
222,iter_gt50,-1,forward,se,2021-10,2021-11,1390,1572,182,,,False,,0,v9.16.22 2021-10-13 lag 0,v3.1.3 2021-10-18 lag 0,v5.4.2 2021-10-13 lag 0,NSD_4_3_8_REL 2021-10-07 lag 0,2.1.10 2021-09-10 lag 1,auth-4.5.1 2021-07-22 lag 3,rec-4.5.7 2021-10-27 lag 0,release-1.13.2 2021-08-05 lag 2,not determinable: forward per-zone records are not in the repository,,,
223,iter_gt50,-1,forward,nu,2021-10,2021-11,12037,12151,114,,,False,,0,v9.16.22 2021-10-13 lag 0,v3.1.3 2021-10-18 lag 0,v5.4.2 2021-10-13 lag 0,NSD_4_3_8_REL 2021-10-07 lag 0,2.1.10 2021-09-10 lag 1,auth-4.5.1 2021-07-22 lag 3,rec-4.5.7 2021-10-27 lag 0,release-1.13.2 2021-08-05 lag 2,not determinable: forward per-zone records are not in the repository,,,
224,iter_gt50,-1,forward,ch,2021-10,2021-11,3366,3632,266,,,False,,0,v9.16.22 2021-10-13 lag 0,v3.1.3 2021-10-18 lag 0,v5.4.2 2021-10-13 lag 0,NSD_4_3_8_REL 2021-10-07 lag 0,2.1.10 2021-09-10 lag 1,auth-4.5.1 2021-07-22 lag 3,rec-4.5.7 2021-10-27 lag 0,release-1.13.2 2021-08-05 lag 2,not determinable: forward per-zone records are not in the repository,,,
225,optout,1,forward,se,2017-11,2017-11,124672,573991,698663,,,False,pdns-auth pdns-auth[1]@3.3 2013-07-05 lag 52,0,v9.9.11 2017-07-24 lag 4,v2.6.3 2017-11-24 lag 0,v1.5.0 2017-11-02 lag 0,NSD_4_1_18_REL 2017-11-27 lag 0,2.1.3 2017-08-10 lag 3,auth-4.1.0 2017-11-30 lag 0,rec-4.0.7 2017-11-27 lag 0,release-1.6.8 2017-10-10 lag 1,not determinable: forward per-zone records are not in the repository,,,
226,optout,-1,forward,se,2019-01,2019-01,119240,699118,579878,pdns-auth pdns-auth[1]@3.3 2013-07-05,66,False,pdns-auth pdns-auth[1]@3.3 2013-07-05 lag 66,0,v9.11.5-P1 2018-12-10 lag 1,v2.7.6 2019-01-23 lag 0,v3.2.1 2019-01-10 lag 0,NSD_4_1_26_REL 2018-11-29 lag 2,2.1.3 2017-08-10 lag 17,auth-4.1.6 2019-01-04 lag 0,rec-4.1.11 2019-01-30 lag 0,release-1.9.0 2019-01-29 lag 0,not determinable: forward per-zone records are not in the repository,,,
227,optout,-1,forward,se,2019-07,2019-08,220591,569126,348535,pdns-auth pdns-auth[1]@3.3 2013-07-05,72,False,pdns-auth pdns-auth[1]@3.3 2013-07-05 lag 72,0,v9.14.4 2019-07-09 lag 0,v2.8.3 2019-07-16 lag 0,v4.1.0 2019-07-10 lag 0,NSD_4_2_1_REL 2019-07-02 lag 0,2.1.4 2019-05-16 lag 2,auth-4.1.11 2019-07-30 lag 0,rec-4.2.0 2019-07-12 lag 0,release-1.9.2 2019-06-14 lag 1,not determinable: forward per-zone records are not in the repository,,,
228,optout,1,forward,nu,2017-11,2017-11,16393,67070,83463,,,False,pdns-auth pdns-auth[1]@3.3 2013-07-05 lag 52,0,v9.9.11 2017-07-24 lag 4,v2.6.3 2017-11-24 lag 0,v1.5.0 2017-11-02 lag 0,NSD_4_1_18_REL 2017-11-27 lag 0,2.1.3 2017-08-10 lag 3,auth-4.1.0 2017-11-30 lag 0,rec-4.0.7 2017-11-27 lag 0,release-1.6.8 2017-10-10 lag 1,not determinable: forward per-zone records are not in the repository,,,
229,optout,1,forward,nu,2018-04,2018-04,12586,81023,93609,,,False,pdns-auth pdns-auth[1]@3.3 2013-07-05 lag 57,0,v9.9.12 2018-03-08 lag 1,v2.6.6 2018-04-11 lag 0,v2.3.0 2018-04-23 lag 0,NSD_4_1_20_REL 2018-02-14 lag 2,2.1.3 2017-08-10 lag 8,auth-4.1.1 2018-02-16 lag 2,rec-4.1.2 2018-03-27 lag 1,release-1.7.1 2018-04-26 lag 0,not determinable: forward per-zone records are not in the repository,,,
230,optout,-1,forward,nu,2019-01,2019-01,17844,91668,73824,pdns-auth pdns-auth[1]@3.3 2013-07-05,66,False,pdns-auth pdns-auth[1]@3.3 2013-07-05 lag 66,0,v9.11.5-P1 2018-12-10 lag 1,v2.7.6 2019-01-23 lag 0,v3.2.1 2019-01-10 lag 0,NSD_4_1_26_REL 2018-11-29 lag 2,2.1.3 2017-08-10 lag 17,auth-4.1.6 2019-01-04 lag 0,rec-4.1.11 2019-01-30 lag 0,release-1.9.0 2019-01-29 lag 0,not determinable: forward per-zone records are not in the repository,,,
231,optout,1,forward,ch,2021-12,2021-12,1213,944,2157,,,False,pdns-auth pdns-auth[1]@3.3 2013-07-05 lag 101,0,v9.16.24 2021-12-07 lag 0,v3.1.5 2021-12-20 lag 0,v5.4.3 2021-12-01 lag 0,NSD_4_3_9_REL 2021-12-02 lag 0,2.1.10 2021-09-10 lag 3,auth-4.4.2 2021-11-23 lag 1,rec-4.6.0 2021-12-14 lag 0,release-1.14.0 2021-12-01 lag 0,not determinable: forward per-zone records are not in the repository,,,
232,rsa1024,1,forward,se,2017-11,2017-11,125317,605323,730640,,,False,pdns-auth pdns-auth[9]@4.0.0 2016-07-08 lag 16,0,v9.9.11 2017-07-24 lag 4,v2.6.3 2017-11-24 lag 0,v1.5.0 2017-11-02 lag 0,NSD_4_1_18_REL 2017-11-27 lag 0,2.1.3 2017-08-10 lag 3,auth-4.1.0 2017-11-30 lag 0,rec-4.0.7 2017-11-27 lag 0,release-1.6.8 2017-10-10 lag 1,not determinable: forward per-zone records are not in the repository,,,
233,rsa1024,-1,forward,se,2019-01,2019-01,142332,603454,461122,pdns-auth pdns-auth[9]@4.0.0 2016-07-08,30,False,pdns-auth pdns-auth[9]@4.0.0 2016-07-08 lag 30,0.088889,v9.11.5-P1 2018-12-10 lag 1,v2.7.6 2019-01-23 lag 0,v3.2.1 2019-01-10 lag 0,NSD_4_1_26_REL 2018-11-29 lag 2,2.1.3 2017-08-10 lag 17,auth-4.1.6 2019-01-04 lag 0,rec-4.1.11 2019-01-30 lag 0,release-1.9.0 2019-01-29 lag 0,not determinable: forward per-zone records are not in the repository,,,
234,rsa1024,-1,forward,se,2019-10,2019-10,324230,458250,134020,pdns-auth pdns-auth[9]@4.0.0 2016-07-08,39,False,pdns-auth pdns-auth[9]@4.0.0 2016-07-08 lag 39,0.088889,v9.14.7 2019-10-02 lag 0,v2.9.0 2019-10-10 lag 0,v4.2.2 2019-10-07 lag 0,NSD_4_2_2_REL 2019-08-13 lag 2,2.1.4 2019-05-16 lag 5,auth-4.2.0 2019-08-27 lag 2,rec-4.2.0 2019-07-12 lag 3,release-1.9.4 2019-10-03 lag 0,not determinable: forward per-zone records are not in the repository,,,
235,rsa1024,-1,forward,se,2019-12,2019-12,101128,133433,32305,pdns-auth pdns-auth[9]@4.0.0 2016-07-08,41,False,pdns-auth pdns-auth[9]@4.0.0 2016-07-08 lag 41,0.088889,v9.14.9 2019-12-12 lag 0,v2.9.2 2019-12-12 lag 0,v4.3.0 2019-12-04 lag 0,NSD_4_2_4_REL 2019-12-03 lag 0,2.1.5 2019-11-05 lag 1,auth-4.2.1 2019-11-28 lag 1,rec-4.2.1 2019-11-27 lag 1,release-1.9.6 2019-12-06 lag 0,not determinable: forward per-zone records are not in the repository,,,
236,rsa1024,-1,forward,se,2021-09,2021-09,3225,25044,21819,bind9 d14-keygen-rsa-zsk-2048 2020-02-12,19,False,bind9 d14-keygen-rsa-zsk-2048 2020-02-12 lag 19,0.088889,v9.16.21 2021-09-07 lag 0,v3.0.9 2021-09-09 lag 0,v5.4.1 2021-08-19 lag 1,NSD_4_3_7_REL 2021-07-22 lag 2,2.1.10 2021-09-10 lag 0,auth-4.5.1 2021-07-22 lag 2,rec-4.5.5 2021-07-28 lag 2,release-1.13.2 2021-08-05 lag 1,not determinable: forward per-zone records are not in the repository,,,
237,rsa1024,-1,forward,se,2023-05,2023-05,9948,20369,10421,bind9 d14-keygen-rsa-zsk-2048 2020-02-12,39,False,bind9 d14-keygen-rsa-zsk-2048 2020-02-12 lag 39,0.088889,v9.18.15 2023-05-09 lag 0,v3.2.6 2023-04-04 lag 1,v5.6.0 2023-01-26 lag 4,NSD_4_7_0_REL 2023-05-31 lag 0,2.1.12 2022-11-08 lag 6,auth-4.8.0 2023-05-31 lag 0,rec-4.8.4 2023-03-29 lag 2,release-1.17.1 2023-01-06 lag 4,not determinable: forward per-zone records are not in the repository,,,
238,rsa1024,1,forward,nu,2017-11,2017-11,38856,94417,133273,,,False,pdns-auth pdns-auth[9]@4.0.0 2016-07-08 lag 16,0,v9.9.11 2017-07-24 lag 4,v2.6.3 2017-11-24 lag 0,v1.5.0 2017-11-02 lag 0,NSD_4_1_18_REL 2017-11-27 lag 0,2.1.3 2017-08-10 lag 3,auth-4.1.0 2017-11-30 lag 0,rec-4.0.7 2017-11-27 lag 0,release-1.6.8 2017-10-10 lag 1,not determinable: forward per-zone records are not in the repository,,,
239,rsa1024,-1,forward,nu,2018-06,2018-06,19063,134354,115291,pdns-auth pdns-auth[9]@4.0.0 2016-07-08,23,False,pdns-auth pdns-auth[9]@4.0.0 2016-07-08 lag 23,0.088889,v9.12.1-P2 2018-05-16 lag 1,v2.6.7 2018-05-17 lag 1,v2.3.0 2018-04-23 lag 2,NSD_4_1_23_REL 2018-06-11 lag 0,2.1.3 2017-08-10 lag 10,auth-4.1.3 2018-05-24 lag 1,rec-4.1.3 2018-05-22 lag 1,release-1.7.3 2018-06-18 lag 0,not determinable: forward per-zone records are not in the repository,,,
240,rsa1024,-1,forward,nu,2018-12,2019-01,41653,115205,73552,pdns-auth pdns-auth[9]@4.0.0 2016-07-08,29,False,pdns-auth pdns-auth[9]@4.0.0 2016-07-08 lag 29,0.088889,v9.11.5-P1 2018-12-10 lag 0,v2.7.4 2018-11-13 lag 1,v3.2.0 2018-12-17 lag 0,NSD_4_1_26_REL 2018-11-29 lag 1,2.1.3 2017-08-10 lag 16,auth-4.1.5 2018-11-06 lag 1,rec-4.1.8 2018-11-26 lag 1,release-1.8.3 2018-12-04 lag 0,not determinable: forward per-zone records are not in the repository,,,
241,rsa1024,-1,forward,nu,2019-10,2019-10,52967,76683,23716,pdns-auth pdns-auth[9]@4.0.0 2016-07-08,39,False,pdns-auth pdns-auth[9]@4.0.0 2016-07-08 lag 39,0.088889,v9.14.7 2019-10-02 lag 0,v2.9.0 2019-10-10 lag 0,v4.2.2 2019-10-07 lag 0,NSD_4_2_2_REL 2019-08-13 lag 2,2.1.4 2019-05-16 lag 5,auth-4.2.0 2019-08-27 lag 2,rec-4.2.0 2019-07-12 lag 3,release-1.9.4 2019-10-03 lag 0,not determinable: forward per-zone records are not in the repository,,,
242,rsa1024,-1,forward,nu,2021-09,2021-09,6626,17619,10993,bind9 d14-keygen-rsa-zsk-2048 2020-02-12,19,False,bind9 d14-keygen-rsa-zsk-2048 2020-02-12 lag 19,0.088889,v9.16.21 2021-09-07 lag 0,v3.0.9 2021-09-09 lag 0,v5.4.1 2021-08-19 lag 1,NSD_4_3_7_REL 2021-07-22 lag 2,2.1.10 2021-09-10 lag 0,auth-4.5.1 2021-07-22 lag 2,rec-4.5.5 2021-07-28 lag 2,release-1.13.2 2021-08-05 lag 1,not determinable: forward per-zone records are not in the repository,,,
243,rsa1024,1,forward,ch,2021-11,2021-12,66730,24061,90791,,,False,bind9 d14-keygen-rsa-zsk-2048 2020-02-12 lag 21,0,v9.16.23 2021-11-05 lag 0,v3.1.4 2021-11-04 lag 0,v5.4.2 2021-10-13 lag 1,NSD_4_3_8_REL 2021-10-07 lag 1,2.1.10 2021-09-10 lag 2,auth-4.4.2 2021-11-23 lag 0,rec-4.5.7 2021-10-27 lag 1,release-1.13.2 2021-08-05 lag 3,not determinable: forward per-zone records are not in the repository,,,
244,rsa1024,1,forward,li,2021-12,2021-12,1009,1128,2137,,,False,bind9 d14-keygen-rsa-zsk-2048 2020-02-12 lag 22,0,v9.16.24 2021-12-07 lag 0,v3.1.5 2021-12-20 lag 0,v5.4.3 2021-12-01 lag 0,NSD_4_3_9_REL 2021-12-02 lag 0,2.1.10 2021-09-10 lag 3,auth-4.4.2 2021-11-23 lag 1,rec-4.6.0 2021-12-14 lag 0,release-1.14.0 2021-12-01 lag 0,not determinable: forward per-zone records are not in the repository,,,
245,rsa_lt1024,1,forward,nu,2017-04,2017-04,3439,44,3483,,,False,,0,v9.9.10 2017-04-14 lag 0,v2.4.3 2017-04-10 lag 0,v1.2.6 2017-04-24 lag 0,NSD_4_1_16_REL 2017-04-11 lag 0,2.1.1 2017-04-28 lag 0,auth-4.0.3 2017-01-16 lag 3,rec-4.0.4 2017-01-13 lag 3,release-1.6.2 2017-04-13 lag 0,not determinable: forward per-zone records are not in the repository,,,
246,rsa_lt1024,-1,forward,nu,2018-02,2018-02,306,3008,2702,,,False,,0.044444,v9.12.0 2018-01-17 lag 1,v2.6.5 2018-02-12 lag 0,v2.1.1 2018-02-23 lag 0,NSD_4_1_20_REL 2018-02-14 lag 0,2.1.3 2017-08-10 lag 6,auth-4.1.1 2018-02-16 lag 0,rec-4.1.1 2018-01-22 lag 1,release-1.6.8 2017-10-10 lag 4,not determinable: forward per-zone records are not in the repository,,,
247,rsa_lt1024,-1,forward,nu,2018-04,2018-04,311,2405,2094,,,False,,0.044444,v9.9.12 2018-03-08 lag 1,v2.6.6 2018-04-11 lag 0,v2.3.0 2018-04-23 lag 0,NSD_4_1_20_REL 2018-02-14 lag 2,2.1.3 2017-08-10 lag 8,auth-4.1.1 2018-02-16 lag 2,rec-4.1.2 2018-03-27 lag 1,release-1.7.1 2018-04-26 lag 0,not determinable: forward per-zone records are not in the repository,,,
248,rsa_lt1024,-1,forward,nu,2022-06,2022-06,568,735,167,knot knot[8]@2.7.0 2018-08-03,46,False,knot knot[8]@2.7.0 2018-08-03 lag 46,0.044444,v9.18.4 2022-06-02 lag 0,v3.1.8 2022-04-28 lag 2,v5.5.1 2022-06-14 lag 0,NSD_4_6_0_REL 2022-06-23 lag 0,2.1.10 2021-09-10 lag 9,auth-4.6.2 2022-03-28 lag 3,rec-4.7.0 2022-05-25 lag 1,release-1.16.0 2022-05-27 lag 1,not determinable: forward per-zone records are not in the repository,,,
