program,row_id,mechanism,timing_date,reason
bind9,d01-validation-default-yes,validation,2008-05-28,"validator-only: validation defaults, trust anchors and validator limits do not change what zones publish"
bind9,d02-keygen-default-alg-rsasha1,dnskey,2010-02-16,sets which algorithm dnssec-keygen uses when -a is omitted; keys still had to be made and a zone signed by hand
bind9,d03-signzone-nsec3-iterations-100-to-10,nsec3-iterations,2010-02-16,"changes a parameter of zones that are signed anyway, such as algorithm, digest, key size, NSEC3 settings, signature timing or TTLs, not whether a zone is signed or has a DS"
bind9,d04-root-trust-anchor-builtin,trust-anchor-5011,2011-02-21,"validator-only: validation defaults, trust anchors and validator limits do not change what zones publish"
bind9,d05-builtin-root-ksk-2017,trust-anchor-5011,2017-03-29,"validator-only: validation defaults, trust anchors and validator limits do not change what zones publish"
bind9,d07-validation-auto-default,trust-anchor-5011,2019-03-20,"validator-only: validation defaults, trust anchors and validator limits do not change what zones publish"
bind9,d08-rsamd5-removed,dnskey,2019-03-20,removes an algorithm that no corpus zone uses as its only one
bind9,d09-gost-removed,alg-gost,2019-03-20,removes an algorithm absent from every corpus
bind9,d10-dsa-removed,other,2019-03-20,removes an algorithm used by a handful of zones at most
bind9,d11-synth-from-dnssec-off-9.14,validation,2019-11-06,"validator-only: validation defaults, trust anchors and validator limits do not change what zones publish"
bind9,d12-synth-from-dnssec-restored-9.18,validation,2022-01-24,"validator-only: validation defaults, trust anchors and validator limits do not change what zones publish"
bind9,d13-ds-cds-sha1-dropped,ds-digest,2020-02-12,"changes a parameter of zones that are signed anyway, such as algorithm, digest, key size, NSEC3 settings, signature timing or TTLs, not whether a zone is signed or has a DS"
bind9,d14-keygen-rsa-zsk-2048,dnskey,2020-02-12,"changes a parameter of zones that are signed anyway, such as algorithm, digest, key size, NSEC3 settings, signature timing or TTLs, not whether a zone is signed or has a DS"
bind9,d16-dnssec-policy-default-key-size-2048,dnskey,2020-02-12,"changes a parameter of zones that are signed anyway, such as algorithm, digest, key size, NSEC3 settings, signature timing or TTLs, not whether a zone is signed or has a DS"
bind9,d17-nsec3param-default-in-policy,nsec3,2020-12-07,changes the denial type of zones that are signed anyway
bind9,d18-nsec3param-default-0-0,nsec3-iterations,2022-01-24,"changes a parameter of zones that are signed anyway, such as algorithm, digest, key size, NSEC3 settings, signature timing or TTLs, not whether a zone is signed or has a DS"
bind9,d19-dnskey-kskonly-yes,dnskey,2022-01-24,"changes a parameter of zones that are signed anyway, such as algorithm, digest, key size, NSEC3 settings, signature timing or TTLs, not whether a zone is signed or has a DS"
bind9,d20-dnssec-cds-sha2-only,ds-digest,2022-01-24,"changes a parameter of zones that are signed anyway, such as algorithm, digest, key size, NSEC3 settings, signature timing or TTLs, not whether a zone is signed or has a DS"
bind9,d21-signzone-nsec3-iterations-0,nsec3-iterations,2022-07-07,"changes a parameter of zones that are signed anyway, such as algorithm, digest, key size, NSEC3 settings, signature timing or TTLs, not whether a zone is signed or has a DS"
bind9,d22-cdns-cdnskey-options,cds-cdnskey,2024-07-08,not a default change: CDS and CDNSKEY publication was already on
bind9,d23-bindkeys-revoked-key-removed,trust-anchor-5011,2019-04-06,"validator-only: validation defaults, trust anchors and validator limits do not change what zones publish"
bind9,d24-bindkeys-root-2025-ds,trust-anchor-5011,2024-12-03,"validator-only: validation defaults, trust anchors and validator limits do not change what zones publish"
bind9,l01-nsec3-max-iterations-150,nsec3-iterations,2021-05-12,"changes a parameter of zones that are signed anyway, such as algorithm, digest, key size, NSEC3 settings, signature timing or TTLs, not whether a zone is signed or has a DS"
bind9,l02-nsec3-max-iterations-50,nsec3-iterations,2024-07-08,"changes a parameter of zones that are signed anyway, such as algorithm, digest, key size, NSEC3 settings, signature timing or TTLs, not whether a zone is signed or has a DS"
bind9,l03-keytrap-validation-limits-9.16-9.18,validation,2024-02-11,"validator-only: validation defaults, trust anchors and validator limits do not change what zones publish"
bind9,l04-max-validations-per-fetch,validation,2024-07-08,"validator-only: validation defaults, trust anchors and validator limits do not change what zones publish"
bind9,d29-trust-anchor-telemetry-default-yes,trust-anchor-5011,2016-09-29,"validator-only: validation defaults, trust anchors and validator limits do not change what zones publish"
bind9,d30-root-key-sentinel-default-yes,trust-anchor-5011,2018-07-03,"validator-only: validation defaults, trust anchors and validator limits do not change what zones publish"
knot,knot[0]@1.4.2,rrsig,2014-01-27,"changes a parameter of zones that are signed anyway, such as algorithm, digest, key size, NSEC3 settings, signature timing or TTLs, not whether a zone is signed or has a DS"
knot,knot[2]@2.1.0,alg-ecdsa,2016-01-14,"changes a parameter of zones that are signed anyway, such as algorithm, digest, key size, NSEC3 settings, signature timing or TTLs, not whether a zone is signed or has a DS"
knot,knot[3]@2.2.0,alg-rsa-sha2,2016-04-26,"changes a parameter of zones that are signed anyway, such as algorithm, digest, key size, NSEC3 settings, signature timing or TTLs, not whether a zone is signed or has a DS"
knot,knot[4]@2.3.0,nsec3,2016-08-09,"changes a parameter of zones that are signed anyway, such as algorithm, digest, key size, NSEC3 settings, signature timing or TTLs, not whether a zone is signed or has a DS"
knot,knot[5]@2.4.0,dnskey,2017-01-18,"changes a parameter of zones that are signed anyway, such as algorithm, digest, key size, NSEC3 settings, signature timing or TTLs, not whether a zone is signed or has a DS"
knot,knot[6]@2.5.5,rrsig,2017-09-29,"changes a parameter of zones that are signed anyway, such as algorithm, digest, key size, NSEC3 settings, signature timing or TTLs, not whether a zone is signed or has a DS"
knot,knot[7]@2.6.0,other,2017-09-29,"removes DSA, used by a handful of zones at most"
knot,knot[8]@2.7.0,alg-rsa-sha2,2018-08-03,"changes a parameter of zones that are signed anyway, such as algorithm, digest, key size, NSEC3 settings, signature timing or TTLs, not whether a zone is signed or has a DS"
knot,knot[11]@2.8.0,ds-digest,2019-03-05,"changes a parameter of zones that are signed anyway, such as algorithm, digest, key size, NSEC3 settings, signature timing or TTLs, not whether a zone is signed or has a DS"
knot,knot[13]@3.1.0,nsec3,2021-08-01,"changes a parameter of zones that are signed anyway, such as algorithm, digest, key size, NSEC3 settings, signature timing or TTLs, not whether a zone is signed or has a DS"
knot,knot[14]@3.2.0,nsec3-iterations,2022-08-22,"changes a parameter of zones that are signed anyway, such as algorithm, digest, key size, NSEC3 settings, signature timing or TTLs, not whether a zone is signed or has a DS"
knot,knot[15]@3.2.0,rrsig,2022-08-22,"changes a parameter of zones that are signed anyway, such as algorithm, digest, key size, NSEC3 settings, signature timing or TTLs, not whether a zone is signed or has a DS"
knot,knot[16]@3.3.3,rrsig,2023-12-13,"changes a parameter of zones that are signed anyway, such as algorithm, digest, key size, NSEC3 settings, signature timing or TTLs, not whether a zone is signed or has a DS"
knot,knot[17]@3.4.0,validation,2024-09-02,"validation of the zone Knot signs; failing zones are refused, rare and not a default to publish"
knot,knot[18]@3.5.0,nsec3,2025-09-18,"changes a parameter of zones that are signed anyway, such as algorithm, digest, key size, NSEC3 settings, signature timing or TTLs, not whether a zone is signed or has a DS"
knot,knot[19]@3.6.0,nsec3-iterations,2026-09-08,"changes a parameter of zones that are signed anyway, such as algorithm, digest, key size, NSEC3 settings, signature timing or TTLs, not whether a zone is signed or has a DS"
knot,knot[20]@3.6.0,rrsig,2026-09-08,"changes a parameter of zones that are signed anyway, such as algorithm, digest, key size, NSEC3 settings, signature timing or TTLs, not whether a zone is signed or has a DS"
kresd,kresd[0]@1.3.0,validation,2017-06-13,"validator-only: validation defaults, trust anchors and validator limits do not change what zones publish"
kresd,kresd[1]@1.5.0,trust-anchor-5011,2017-11-02,"validator-only: validation defaults, trust anchors and validator limits do not change what zones publish"
kresd,kresd[2]@2.0.0,other,2018-01-31,"validator-only: validation defaults, trust anchors and validator limits do not change what zones publish"
kresd,kresd[3]@2.0.0,trust-anchor-5011,2018-01-31,"validator-only: validation defaults, trust anchors and validator limits do not change what zones publish"
kresd,kresd[4]@2.0.0,trust-anchor-5011,2018-01-31,"validator-only: validation defaults, trust anchors and validator limits do not change what zones publish"
kresd,kresd[5]@2.4.0,nsec3,2018-07-03,"validator-only: validation defaults, trust anchors and validator limits do not change what zones publish"
kresd,kresd[6]@4.0.0,validation,2019-04-18,"validator-only: validation defaults, trust anchors and validator limits do not change what zones publish"
kresd,kresd[7]@4.0.0,validation,2019-04-18,"validator-only: validation defaults, trust anchors and validator limits do not change what zones publish"
kresd,kresd[8]@4.1.0,other,2019-07-10,"validator-only: validation defaults, trust anchors and validator limits do not change what zones publish"
kresd,kresd[9]@5.3.1,nsec3-iterations,2021-03-31,"validator-only: validation defaults, trust anchors and validator limits do not change what zones publish"
kresd,kresd[10]@5.5.0,ds-digest,2022-03-15,"validator-only: validation defaults, trust anchors and validator limits do not change what zones publish"
kresd,kresd[11]@5.6.0,other,2023-01-26,"validator-only: validation defaults, trust anchors and validator limits do not change what zones publish"
kresd,kresd[12]@5.7.1,nsec3-iterations,2024-02-13,"validator-only: validation defaults, trust anchors and validator limits do not change what zones publish"
kresd,kresd[13]@5.7.1,validation,2024-02-13,"validator-only: validation defaults, trust anchors and validator limits do not change what zones publish"
kresd,kresd[14]@5.7.4,trust-anchor-5011,2024-07-23,"validator-only: validation defaults, trust anchors and validator limits do not change what zones publish"
kresd,kresd[15]@6.0.6,nsec3-iterations,2024-02-13,"validator-only: validation defaults, trust anchors and validator limits do not change what zones publish"
kresd,kresd[16]@6.0.6,validation,2024-02-13,"validator-only: validation defaults, trust anchors and validator limits do not change what zones publish"
kresd,kresd[17]@6.0.8,trust-anchor-5011,2024-07-23,"validator-only: validation defaults, trust anchors and validator limits do not change what zones publish"
nsd,nsd[3]@3.0.0,rrsig,2006-09-05,"CD-bit handling in responses, not whether signed zones are served"
nsd,nsd[4]@3.1.0,nsec3,2008-06-23,"NSEC3 support changes the denial type served, not whether a zone is served signed"
nsd,nsd[6]@3.2.9,rrsig,2011-11-02,"changes how NSD detects that a zone is signed, not what it serves"
opendnssec,opendnssec[0]@1.0.0b2,rrsig,2010-02-28,"changes a parameter of zones that are signed anyway, such as algorithm, digest, key size, NSEC3 settings, signature timing or TTLs, not whether a zone is signed or has a DS"
opendnssec,opendnssec[1]@1.0.0b8,rrsig,2010-02-28,"changes a parameter of zones that are signed anyway, such as algorithm, digest, key size, NSEC3 settings, signature timing or TTLs, not whether a zone is signed or has a DS"
opendnssec,opendnssec[2]@1.0.0b8,other,2010-02-28,"KSK rollovers wait for ds-seen: changes key rollover, not whether a zone is signed"
opendnssec,opendnssec[3]@1.1.0rc1,nsec3,2010-05-26,"changes a parameter of zones that are signed anyway, such as algorithm, digest, key size, NSEC3 settings, signature timing or TTLs, not whether a zone is signed or has a DS"
opendnssec,opendnssec[4]@1.1.1,dnskey,2010-07-08,"changes a parameter of zones that are signed anyway, such as algorithm, digest, key size, NSEC3 settings, signature timing or TTLs, not whether a zone is signed or has a DS"
opendnssec,opendnssec[5]@1.2.0b1,alg-rsa-sha2,2011-03-18,"changes the example policy's algorithm, not whether zones are signed"
opendnssec,opendnssec[6]@1.3.11,nsec3,2012-11-13,"changes a parameter of zones that are signed anyway, such as algorithm, digest, key size, NSEC3 settings, signature timing or TTLs, not whether a zone is signed or has a DS"
opendnssec,opendnssec[7]@1.4.0b2,nsec3,2013-04-22,"changes a parameter of zones that are signed anyway, such as algorithm, digest, key size, NSEC3 settings, signature timing or TTLs, not whether a zone is signed or has a DS"
opendnssec,opendnssec[8]@1.4.0a2,rrsig,2013-04-22,"changes a parameter of zones that are signed anyway, such as algorithm, digest, key size, NSEC3 settings, signature timing or TTLs, not whether a zone is signed or has a DS"
opendnssec,opendnssec[9]@1.3.17,nsec3,2014-05-06,"changes a parameter of zones that are signed anyway, such as algorithm, digest, key size, NSEC3 settings, signature timing or TTLs, not whether a zone is signed or has a DS"
opendnssec,opendnssec[10]@1.4.4,nsec3,2014-03-25,"changes a parameter of zones that are signed anyway, such as algorithm, digest, key size, NSEC3 settings, signature timing or TTLs, not whether a zone is signed or has a DS"
opendnssec,opendnssec[11]@2.0.0a3,other,2016-07-06,"changes a parameter of zones that are signed anyway, such as algorithm, digest, key size, NSEC3 settings, signature timing or TTLs, not whether a zone is signed or has a DS"
opendnssec,opendnssec[12]@2.0.2,other,2016-09-27,"changes a parameter of zones that are signed anyway, such as algorithm, digest, key size, NSEC3 settings, signature timing or TTLs, not whether a zone is signed or has a DS"
opendnssec,opendnssec[13]@2.1.0,ds-digest,2017-02-22,"changes a parameter of zones that are signed anyway, such as algorithm, digest, key size, NSEC3 settings, signature timing or TTLs, not whether a zone is signed or has a DS"
opendnssec,opendnssec[14]@2.1.3,other,2017-08-10,"changes a parameter of zones that are signed anyway, such as algorithm, digest, key size, NSEC3 settings, signature timing or TTLs, not whether a zone is signed or has a DS"
pdns-auth,pdns-auth[0]@3.2,alg-rsa-sha2,2013-01-17,changes the default algorithm of a key the operator asks for
pdns-auth,pdns-auth[1]@3.3,nsec3,2013-07-05,"changes a parameter of zones that are signed anyway, such as algorithm, digest, key size, NSEC3 settings, signature timing or TTLs, not whether a zone is signed or has a DS"
pdns-auth,pdns-auth[2]@3.3.2,nsec3,2015-05-01,"changes a parameter of zones that are signed anyway, such as algorithm, digest, key size, NSEC3 settings, signature timing or TTLs, not whether a zone is signed or has a DS"
pdns-auth,pdns-auth[3]@3.4.0,nsec3-iterations,2014-09-30,"changes a parameter of zones that are signed anyway, such as algorithm, digest, key size, NSEC3 settings, signature timing or TTLs, not whether a zone is signed or has a DS"
pdns-auth,pdns-auth[4]@3.4.7,nsec3-iterations,2015-11-03,"changes a parameter of zones that are signed anyway, such as algorithm, digest, key size, NSEC3 settings, signature timing or TTLs, not whether a zone is signed or has a DS"
pdns-auth,pdns-auth[7]@4.0.0,alg-ecdsa,2016-07-08,changes the default algorithm of a key the operator asks for
pdns-auth,pdns-auth[8]@4.0.0,alg-ecdsa,2016-07-08,"changes the default algorithm of secure-zone, which the operator still has to run"
pdns-auth,pdns-auth[9]@4.0.0,dnskey,2016-07-08,"changes a parameter of zones that are signed anyway, such as algorithm, digest, key size, NSEC3 settings, signature timing or TTLs, not whether a zone is signed or has a DS"
pdns-auth,pdns-auth[10]@4.5.0,nsec3-iterations,2021-07-12,"changes a parameter of zones that are signed anyway, such as algorithm, digest, key size, NSEC3 settings, signature timing or TTLs, not whether a zone is signed or has a DS"
pdns-auth,pdns-auth[11]@4.6.0,nsec3,2022-01-24,"changes a parameter of zones that are signed anyway, such as algorithm, digest, key size, NSEC3 settings, signature timing or TTLs, not whether a zone is signed or has a DS"
pdns-rec,dnssec-setting-introduced,validation,2016-07-08,not a default change (is_default_change false)
pdns-rec,dnssec-default-process-no-validate,validation,2016-07-08,"validator-only: validation defaults, trust anchors and validator limits do not change what zones publish"
pdns-rec,dnssec-default-process,validation,2021-05-10,"validator-only: validation defaults, trust anchors and validator limits do not change what zones publish"
pdns-rec,trust-anchor-ta-nta-management,trust-anchor,2016-07-08,not a default change (is_default_change false)
pdns-rec,ed25519-validation,alg-eddsa,2017-06-13,not a default change (is_default_change false)
pdns-rec,root-ds-2017-added,trust-anchor,2017-06-13,"validator-only: validation defaults, trust anchors and validator limits do not change what zones publish"
pdns-rec,nsec3-max-iterations-2500,nsec3-iterations,2017-12-04,"validator-only: validation defaults, trust anchors and validator limits do not change what zones publish"
pdns-rec,signature-inception-skew,rrsig,2019-07-12,"validator-only: validation defaults, trust anchors and validator limits do not change what zones publish"
pdns-rec,root-ds-19036-removed,trust-anchor,2019-07-12,"validator-only: validation defaults, trust anchors and validator limits do not change what zones publish"
pdns-rec,aggressive-nsec-cache,validation,2021-05-10,"validator-only: validation defaults, trust anchors and validator limits do not change what zones publish"
pdns-rec,nsec3-max-iterations-150,nsec3-iterations,2021-06-07,"validator-only: validation defaults, trust anchors and validator limits do not change what zones publish"
pdns-rec,dnssec-disabled-algorithms-auto,alg-rsa-sha2,2023-06-29,"validator-only: validation defaults, trust anchors and validator limits do not change what zones publish"
pdns-rec,nsec3-max-iterations-50,nsec3-iterations,2024-01-09,"validator-only: validation defaults, trust anchors and validator limits do not change what zones publish"
pdns-rec,keytrap-max-rrsigs-per-record,validation,2024-02-06,"validator-only: validation defaults, trust anchors and validator limits do not change what zones publish"
pdns-rec,keytrap-max-nsec3s-per-record,validation,2024-02-06,"validator-only: validation defaults, trust anchors and validator limits do not change what zones publish"
pdns-rec,keytrap-max-signature-validations-per-query,validation,2024-02-06,"validator-only: validation defaults, trust anchors and validator limits do not change what zones publish"
pdns-rec,keytrap-max-nsec3-hash-computations-per-query,validation,2024-02-06,"validator-only: validation defaults, trust anchors and validator limits do not change what zones publish"
pdns-rec,keytrap-aggressive-cache-max-nsec3-hash-cost,validation,2024-02-06,"validator-only: validation defaults, trust anchors and validator limits do not change what zones publish"
pdns-rec,keytrap-max-ds-per-zone,validation,2024-02-06,"validator-only: validation defaults, trust anchors and validator limits do not change what zones publish"
pdns-rec,keytrap-max-dnskeys,validation,2024-02-06,"validator-only: validation defaults, trust anchors and validator limits do not change what zones publish"
pdns-rec,root-ds-38696,trust-anchor,2025-01-10,"validator-only: validation defaults, trust anchors and validator limits do not change what zones publish"
pdns-rec,revoked-dnskey-rejected,dnskey,2020-10-13,not a default change (is_default_change false)
unbound,unbound[0]@0.5,validation,2007-09-25,"validator-only: validation defaults, trust anchors and validator limits do not change what zones publish"
unbound,unbound[1]@0.5,nsec3-iterations,2007-09-25,"validator-only: validation defaults, trust anchors and validator limits do not change what zones publish"
unbound,unbound[2]@0.6,validation,2007-11-14,"validator-only: validation defaults, trust anchors and validator limits do not change what zones publish"
unbound,unbound[3]@1.1.0,validation,2008-11-14,"validator-only: validation defaults, trust anchors and validator limits do not change what zones publish"
unbound,unbound[4]@1.3.0,alg-rsa-sha2,2009-06-03,"validator-only: validation defaults, trust anchors and validator limits do not change what zones publish"
unbound,unbound[5]@1.4.0,alg-rsa-sha2,2009-11-23,"validator-only: validation defaults, trust anchors and validator limits do not change what zones publish"
unbound,unbound[6]@1.4.6,dnskey,2010-07-22,"validator-only: validation defaults, trust anchors and validator limits do not change what zones publish"
unbound,unbound[7]@1.4.7,alg-gost,2010-11-05,"validator-only: validation defaults, trust anchors and validator limits do not change what zones publish"
unbound,unbound[8]@1.4.8,validation,2011-01-19,"validator-only: validation defaults, trust anchors and validator limits do not change what zones publish"
unbound,unbound[9]@1.4.17,alg-ecdsa,2012-05-18,"validator-only: validation defaults, trust anchors and validator limits do not change what zones publish"
unbound,unbound[10]@1.4.19,other,2012-12-06,"validator-only: validation defaults, trust anchors and validator limits do not change what zones publish"
unbound,unbound[11]@1.5.5,validation,2015-10-01,"validator-only: validation defaults, trust anchors and validator limits do not change what zones publish"
unbound,unbound[12]@1.4.7,trust-anchor-5011,2010-11-05,"validator-only: validation defaults, trust anchors and validator limits do not change what zones publish"
unbound,unbound[13]@1.6.1,trust-anchor-5011,2017-02-14,"validator-only: validation defaults, trust anchors and validator limits do not change what zones publish"
unbound,unbound[14]@1.6.2,ds-digest,2017-04-13,"validator-only: validation defaults, trust anchors and validator limits do not change what zones publish"
unbound,unbound[15]@1.6.7,trust-anchor-5011,2017-10-10,"validator-only: validation defaults, trust anchors and validator limits do not change what zones publish"
unbound,unbound[16]@1.7.1,trust-anchor-5011,2018-04-26,"validator-only: validation defaults, trust anchors and validator limits do not change what zones publish"
unbound,unbound[17]@1.8.0,validation,2018-09-04,"validator-only: validation defaults, trust anchors and validator limits do not change what zones publish"
unbound,unbound[18]@1.10.0,other,2020-02-20,"validator-only: validation defaults, trust anchors and validator limits do not change what zones publish"
unbound,unbound[19]@1.11.0,trust-anchor-5011,2020-07-20,"validator-only: validation defaults, trust anchors and validator limits do not change what zones publish"
unbound,unbound[20]@1.13.2,nsec3-iterations,2021-08-05,"validator-only: validation defaults, trust anchors and validator limits do not change what zones publish"
unbound,unbound[21]@1.15.0,validation,2022-02-03,"validator-only: validation defaults, trust anchors and validator limits do not change what zones publish"
unbound,unbound[22]@1.16.1,validation,2022-07-04,"validator-only: validation defaults, trust anchors and validator limits do not change what zones publish"
unbound,unbound[23]@1.19.1,validation,2024-02-13,"validator-only: validation defaults, trust anchors and validator limits do not change what zones publish"
unbound,unbound[24]@1.19.1,nsec3-iterations,2024-02-13,"validator-only: validation defaults, trust anchors and validator limits do not change what zones publish"
unbound,unbound[25]@1.21.0,trust-anchor-5011,2024-08-09,"validator-only: validation defaults, trust anchors and validator limits do not change what zones publish"
unbound,unbound[26]@1.22.0,validation,2024-10-16,"validator-only: validation defaults, trust anchors and validator limits do not change what zones publish"
unbound,unbound[27]@1.23.0,validation,2025-04-11,"validator-only: validation defaults, trust anchors and validator limits do not change what zones publish"
unbound,unbound[28]@1.25.0,rrsig,2026-04-23,"validator-only: validation defaults, trust anchors and validator limits do not change what zones publish"
unbound,unbound[29]@1.26.0,validation,2026-07-24,"validator-only: validation defaults, trust anchors and validator limits do not change what zones publish"
unbound,unbound[30]@1.26.1,validation,2026-09-16,"validator-only: validation defaults, trust anchors and validator limits do not change what zones publish"
