rfc_id,title,published,status,obsoleted_by,signal_type,specificity,verdict,indicators,required_indicators,observable_from,left_censored,reason
RFC 3110,RSA/SHA-1 SIGs and RSA KEYs in the Domain Name System (DNS),2001-05-01,PROPOSED STANDARD,,adoption,high,measurable,2,1,2010-01-01,True,Indicator rfc3110_rsasha1_algorithm is queryable because all fields it references exist in the OpenINTEL dictionary: algorithm (integer).
RFC 4033,DNS Security Introduction and Requirements (DNSSEC base: RFC 4033/4034/4035),2005-03-01,PROPOSED STANDARD,,adoption,low,measurable,3,1,2010-01-01,True,Indicator rfc4033_base_dnssec_record_present is queryable because all fields it references exist in the OpenINTEL dictionary: rr_type (string).
RFC 4034,Resource Records for the DNS Security Extensions,2005-03-01,PROPOSED STANDARD,,adoption,medium,measurable,3,1,2010-01-01,True,Indicator rfc4034_core_record_present is queryable because all fields it references exist in the OpenINTEL dictionary: rr_type (string).
RFC 4035,Protocol Modifications for the DNS Security Extensions,2005-03-01,PROPOSED STANDARD,,meta,low,not measurable here,1,1,,False,Indicator rfc4035_dnssec_ok_negotiated is non-queryable because none of the fields it references exist in the OpenINTEL dictionary: dnssec_ok_flag. No part of it can ever be evaluated against the measurement corpus.
RFC 4509,Use of SHA-256 in DNSSEC Delegation Signer (DS) Resource Records,2006-05-01,PROPOSED STANDARD,,adoption,high,measurable,1,1,2010-01-01,True,"Indicator rfc4509_ds_sha256_digest is queryable because all fields it references exist in the OpenINTEL dictionary: rr_type (string), digest_type (integer)."
RFC 5011,Automated Updates of DNS Security (DNSSEC) Trust Anchors,2007-09-01,INTERNET STANDARD,,adoption,high,measurable,1,1,2016-01-01,True,"Indicator rfc5011_revoked_key_published is queryable because all fields it references exist in the OpenINTEL dictionary: rr_type (string), flags (string)."
RFC 5155,DNS Security (DNSSEC) Hashed Authenticated Denial of Existence,2008-03-01,PROPOSED STANDARD,,adoption,very_high,measurable,2,1,2010-01-01,True,Indicator rfc5155_nsec3_record_present is queryable because all fields it references exist in the OpenINTEL dictionary: rr_type (string).
RFC 5702,Use of SHA-2 Algorithms with RSA in DNSKEY and RRSIG Resource Records for DNSSEC,2009-10-01,PROPOSED STANDARD,,adoption,high,measurable,2,1,2010-01-01,True,Indicator rfc5702_rsa_sha2_algorithm is queryable because all fields it references exist in the OpenINTEL dictionary: algorithm (integer).
RFC 5933,Use of GOST Signature Algorithms in DNSKEY and RRSIG Resource Records for DNSSEC,2010-07-01,HISTORIC,,adoption,very_high,measurable,2,1,2010-01-01,False,Indicator rfc5933_ecc_gost_algorithm is queryable because all fields it references exist in the OpenINTEL dictionary: algorithm (integer).
RFC 6605,Elliptic Curve Digital Signature Algorithm (DSA) for DNSSEC,2012-04-01,PROPOSED STANDARD,,adoption,high,measurable,2,1,2010-01-01,False,Indicator rfc6605_ecdsa_algorithm is queryable because all fields it references exist in the OpenINTEL dictionary: algorithm (integer).
RFC 6698,The DNS-Based Authentication of Named Entities (DANE) Transport Layer Security (TLS) Protocol: TLSA,2012-08-01,PROPOSED STANDARD,,adoption,very_high,measurable,2,1,2010-01-01,False,Indicator rfc6698_tlsa_record_present is queryable because all fields it references exist in the OpenINTEL dictionary: rr_type (string).
RFC 6781,"DNSSEC Operational Practices, Version 2",2012-12-01,INFORMATIONAL,,meta,low,ambiguous only,1,1,2016-01-01,True,"Indicator rfc6781_ksk_zsk_separation is ambiguous: every field it references exists in the OpenINTEL dictionary (rr_type (string), flags (string)), so it can be evaluated, but the checklist marks it ambiguous because the same observation is equally well explained by other RFCs, so a match is not uniquely attributable to RFC 6781."
RFC 6840,Clarifications and Implementation Notes for DNS Security (DNSSEC),2013-02-01,PROPOSED STANDARD,,meta,low,ambiguous only,1,1,2010-01-01,False,"Indicator rfc6840_clarified_dnssec_present is ambiguous: every field it references exists in the OpenINTEL dictionary (rr_type (string)), so it can be evaluated, but the checklist marks it ambiguous because the same observation is equally well explained by other RFCs, so a match is not uniquely attributable to RFC 6840."
RFC 7344,Automating DNSSEC Delegation Trust Maintenance,2014-09-01,PROPOSED STANDARD,,adoption,high,measurable,2,1,2010-01-01,False,Indicator rfc7344_cds_cdnskey_present is queryable because all fields it references exist in the OpenINTEL dictionary: rr_type (string).
RFC 7583,DNSSEC Key Rollover Timing Considerations,2015-10-01,INFORMATIONAL,,meta,low,not measurable here,1,1,,False,Indicator rfc7583_rollover_timing_observed is non-queryable because none of the fields it references exist in the OpenINTEL dictionary: key_rollover_phase. No part of it can ever be evaluated against the measurement corpus.
RFC 7671,The DNS-Based Authentication of Named Entities (DANE) Protocol: Updates and Operational Guidance,2015-10-01,PROPOSED STANDARD,,adoption,high,measurable,1,1,2012-08-01,False,"Indicator rfc7671_dane_usage_preferred is queryable because all fields it references exist in the OpenINTEL dictionary: rr_type (string), tlsa_usage (integer)."
RFC 7672,SMTP Security via Opportunistic DNS-Based Authentication of Named Entities (DANE) Transport Layer Security (TLS),2015-10-01,PROPOSED STANDARD,,adoption,very_high,partly measurable,1,1,2010-01-01,False,"Indicator rfc7672_smtp_dane_tlsa is partially queryable: rr_type (string) exists in the OpenINTEL dictionary but domain does not, so the conditions on domain fail with field_present=False while the remaining conditions, which carry the indicator's discriminating value, are still evaluated."
RFC 8078,Managing DS Records from the Parent via CDS/CDNSKEY,2017-03-01,PROPOSED STANDARD,,adoption,very_high,measurable,2,1,2010-01-01,False,"Indicator rfc8078_cds_cdnskey_algorithm_zero is queryable because all fields it references exist in the OpenINTEL dictionary: rr_type (string), algorithm (integer)."
RFC 8080,Edwards-Curve Digital Security Algorithm (EdDSA) for DNSSEC,2017-02-01,PROPOSED STANDARD,,adoption,very_high,measurable,2,1,2010-01-01,False,Indicator rfc8080_eddsa_algorithm is queryable because all fields it references exist in the OpenINTEL dictionary: algorithm (integer).
RFC 8198,Aggressive Use of DNSSEC-Validated Cache,2017-07-01,PROPOSED STANDARD,,meta,medium,not measurable here,1,1,,False,Indicator rfc8198_aggressive_nsec_use is non-queryable because none of the fields it references exist in the OpenINTEL dictionary: resolver_synthesised_nxdomain. No part of it can ever be evaluated against the measurement corpus.
RFC 8624,Algorithm Implementation Requirements and Usage Guidance for DNSSEC,2019-06-01,PROPOSED STANDARD,RFC 9904,adoption,low,ambiguous only,3,1,2010-01-01,False,"Indicator rfc8624_recommended_signing_algorithm is ambiguous: every field it references exists in the OpenINTEL dictionary (algorithm (integer)), so it can be evaluated, but the checklist marks it ambiguous because the same observation is equally well explained by other RFCs, so a match is not uniquely attributable to RFC 8624."
RFC 9077,NSEC and NSEC3: TTLs and Aggressive Use,2021-07-01,PROPOSED STANDARD,,meta,high,partly measurable,1,1,2010-01-01,False,"Indicator rfc9077_nsec_ttl_bounded is partially queryable: rr_type (string) exists in the OpenINTEL dictionary but record_ttl does not, so the conditions on record_ttl fail with field_present=False while the remaining conditions, which carry the indicator's discriminating value, are still evaluated."
RFC 9276,Guidance for NSEC3 Parameter Settings,2022-08-01,BEST CURRENT PRACTICE,,adoption,very_high,measurable,2,1,2010-01-01,False,"Indicator rfc9276_zero_nsec3_iterations is queryable because all fields it references exist in the OpenINTEL dictionary: rr_type (string), nsec3_iterations (integer)."
RFC 9364,DNS Security Extensions (DNSSEC),2023-02-01,BEST CURRENT PRACTICE,,meta,low,ambiguous only,1,1,2010-01-01,False,"Indicator rfc9364_dnssec_deployed is ambiguous: every field it references exists in the OpenINTEL dictionary (rr_type (string)), so it can be evaluated, but the checklist marks it ambiguous because the same observation is equally well explained by other RFCs, so a match is not uniquely attributable to RFC 9364."
RFC 9558,Use of GOST 2012 Signature Algorithms in DNSKEY and RRSIG Resource Records for DNSSEC,2024-04-01,INFORMATIONAL,,adoption,very_high,measurable,2,1,2010-01-01,False,Indicator rfc9558_gost2012_algorithm is queryable because all fields it references exist in the OpenINTEL dictionary: algorithm (integer).
RFC 9563,SM2 Digital Signature Algorithm for DNSSEC,2024-12-01,INFORMATIONAL,,adoption,very_high,measurable,2,1,2010-01-01,False,Indicator rfc9563_sm2sm3_algorithm is queryable because all fields it references exist in the OpenINTEL dictionary: algorithm (integer).
RFC 9615,Automatic DNSSEC Bootstrapping Using Authenticated Signals from the Zone's Operator,2024-07-01,PROPOSED STANDARD,,adoption,very_high,not measurable here,1,1,2010-01-01,False,"Indicator rfc9615_bootstrap_signal_label is non-queryable: the field carrying its discriminating value, domain, is absent from the OpenINTEL dictionary, and the only field that remains, rr_type (string), merely scopes which records are considered and is not used by any other RFC 9615 indicator, so nothing testable is left to attribute an observation to RFC 9615."
RFC 9904,DNSSEC Cryptographic Algorithm Recommendation Update Process,2025-11-01,PROPOSED STANDARD,,meta,low,not measurable here,1,1,,False,"Indicator rfc9904_algorithm_guidance_process is non-queryable because none of the fields it references exist in the OpenINTEL dictionary: guidance_source_registry. No part of it can ever be evaluated against the measurement corpus. The checklist additionally marks this indicator ambiguous, so even a full match is not uniquely attributable to RFC 9904."
RFC 9905,Deprecating the Use of SHA-1 in DNSSEC Signature Algorithms,2025-11-01,PROPOSED STANDARD,,non_conformance,high,measurable,2,1,2010-01-01,False,"Indicator rfc9905_deprecated_sha1_signature_still_published is queryable because all fields it references exist in the OpenINTEL dictionary: rr_type (string), algorithm (integer)."
RFC 9906,Deprecate Usage of ECC-GOST within DNSSEC,2025-11-01,PROPOSED STANDARD,,non_conformance,very_high,measurable,2,1,2010-01-01,False,Indicator rfc9906_deprecated_ecc_gost_still_published is queryable because all fields it references exist in the OpenINTEL dictionary: algorithm (integer).
