capture_ts,capture_date,month,host,kind,source_url,raw_file,page_as_of,page_notice,zones_tracked,zones_ns_match_parent,dnssec_enabled_zones,zones_ksk_and_zsk,zones_serving_revoked_keys,dnssec_verified_zones,production_dnssec_zones
20060902125605,2006-09-02,2006-09,secspider.cs.ucla.edu,wayback,https://web.archive.org/web/20060902125605/http://secspider.cs.ucla.edu/,raw/secspider.cs.ucla.edu/20060902125605.html,Sat Sep 2 07:44:45 2006,,130,82,87,71,,,
20070101065902,2007-01-01,2007-01,secspider.cs.ucla.edu,wayback,https://web.archive.org/web/20070101065902/http://secspider.cs.ucla.edu/,raw/secspider.cs.ucla.edu/20070101065902.html,Sun Dec 31 13:44:51 2006,,1047,558,734,590,,,
20070209161958,2007-02-09,2007-02,secspider.cs.ucla.edu,wayback,https://web.archive.org/web/20070209161958/http://secspider.cs.ucla.edu/,raw/secspider.cs.ucla.edu/20070209161958.html,Thu Feb 8 17:19:20 2007,,1068,562,722,607,,,
20070505153612,2007-05-05,2007-05,secspider.cs.ucla.edu,wayback,https://web.archive.org/web/20070505153612/http://secspider.cs.ucla.edu/,raw/secspider.cs.ucla.edu/20070505153612.html,Sat May 5 14:48:51 2007,,1160,635,758,627,,,
20070617031812,2007-06-17,2007-06,secspider.cs.ucla.edu,wayback,https://web.archive.org/web/20070617031812/http://secspider.cs.ucla.edu/,raw/secspider.cs.ucla.edu/20070617031812.html,Fri Jun 15 06:50:38 2007,,1831,1131,850,727,,,
20070704111218,2007-07-04,2007-07,secspider.cs.ucla.edu,wayback,https://web.archive.org/web/20070704111218/http://secspider.cs.ucla.edu/,raw/secspider.cs.ucla.edu/20070704111218.html,Tue Jul 3 22:31:44 2007,,1842,1151,867,750,,,
20070810140750,2007-08-10,2007-08,secspider.cs.ucla.edu,wayback,https://web.archive.org/web/20070810140750/http://secspider.cs.ucla.edu/,raw/secspider.cs.ucla.edu/20070810140750.html,Wed Aug 8 18:13:47 2007,outage,1849,1193,0,0,,,
20071222070018,2007-12-22,2007-12,secspider.cs.ucla.edu,wayback,https://web.archive.org/web/20071222070018/http://secspider.cs.ucla.edu/,raw/secspider.cs.ucla.edu/20071222070018.html,Fri Dec 21 10:53:33 2007,,11807,11226,10367,933,,,842
20080206103933,2008-02-06,2008-02,secspider.cs.ucla.edu,wayback,https://web.archive.org/web/20080206103933/http://secspider.cs.ucla.edu/,raw/secspider.cs.ucla.edu/20080206103933.html,Sat Feb 2 03:01:48 2008,,11857,11301,10402,868,,,870
20080308125419,2008-03-08,2008-03,secspider.cs.ucla.edu,wayback,https://web.archive.org/web/20080308125419/http://secspider.cs.ucla.edu/,raw/secspider.cs.ucla.edu/20080308125419.html,,,,,,,,,
20080509054850,2008-05-09,2008-05,secspider.cs.ucla.edu,wayback,https://web.archive.org/web/20080509054850/http://secspider.cs.ucla.edu/,raw/secspider.cs.ucla.edu/20080509054850.html,Mon May 5 05:27:06 2008,,11951,11368,10435,957,,,902
20081225161123,2008-12-25,2008-12,secspider.cs.ucla.edu,wayback,https://web.archive.org/web/20081225161123/http://secspider.cs.ucla.edu/,raw/secspider.cs.ucla.edu/20081225161123.html,Wed Dec 24 18:15:30 2008,,14289,13406,12488,1942,,,2462
20090224112248,2009-02-24,2009-02,secspider.cs.ucla.edu,wayback,https://web.archive.org/web/20090224112248/http://secspider.cs.ucla.edu/,raw/secspider.cs.ucla.edu/20090224112248.html,Sat Feb 21 19:50:15 2009,,17119,15922,10586,4187,,,3644
20090405132640,2009-04-05,2009-04,secspider.cs.ucla.edu,wayback,https://web.archive.org/web/20090405132640/http://secspider.cs.ucla.edu/,raw/secspider.cs.ucla.edu/20090405132640.html,Thu Apr 2 02:55:28 2009,,17542,16154,11737,4429,,,3361
20100328124406,2010-03-28,2010-03,secspider.cs.ucla.edu,wayback,https://web.archive.org/web/20100328124406/http://secspider.cs.ucla.edu/,raw/secspider.cs.ucla.edu/20100328124406.html,Fri Mar 26 09:53:27 2010,,23048,19556,8146,8031,,,6957
20100505045636,2010-05-05,2010-05,secspider.cs.ucla.edu,wayback,https://web.archive.org/web/20100505045636/http://secspider.cs.ucla.edu/,raw/secspider.cs.ucla.edu/20100505045636.html,Tue May 4 04:10:56 2010,,33640,27478,17185,17113,,,15730
20100714024950,2010-07-14,2010-07,secspider.cs.ucla.edu,wayback,https://web.archive.org/web/20100714024950/http://secspider.cs.ucla.edu/,raw/secspider.cs.ucla.edu/20100714024950.html,Sun Jul 11 10:45:01 2010,,42794,32926,24685,24745,,,23092
20110320021540,2011-03-20,2011-03,secspider.cs.ucla.edu,wayback,https://web.archive.org/web/20110320021540/http://secspider.cs.ucla.edu/,raw/secspider.cs.ucla.edu/20110320021540.html,Wed Mar 16 18:50:17 2011,,57628,37703,32386,29934,,,27922
20110419203759,2011-04-19,2011-04,secspider.cs.ucla.edu,wayback,https://web.archive.org/web/20110419203759/http://secspider.cs.ucla.edu/,raw/secspider.cs.ucla.edu/20110419203759.html,Fri Apr 15 16:49:10 2011,,58230,38117,32818,29979,,,28332
20110620202652,2011-06-20,2011-06,secspider.cs.ucla.edu,wayback,https://web.archive.org/web/20110620202652/http://secspider.cs.ucla.edu/,raw/secspider.cs.ucla.edu/20110620202652.html,Sun Jun 12 17:10:18 2011,,60734,39872,33494,30562,,,28651
20110720072925,2011-07-20,2011-07,secspider.cs.ucla.edu,wayback,https://web.archive.org/web/20110720072925/http://secspider.cs.ucla.edu/,raw/secspider.cs.ucla.edu/20110720072925.html,Sun Jun 26 10:02:21 2011,,61594,40626,34121,30873,,,29142
20110820161239,2011-08-20,2011-08,secspider.cs.ucla.edu,wayback,https://web.archive.org/web/20110820161239/http://secspider.cs.ucla.edu/,raw/secspider.cs.ucla.edu/20110820161239.html,Sun Jun 26 10:02:21 2011,,61594,40626,34121,30873,,,29142
20111001172539,2011-10-01,2011-10,secspider.cs.ucla.edu,wayback,https://web.archive.org/web/20111001172539/http://secspider.cs.ucla.edu/,raw/secspider.cs.ucla.edu/20111001172539.html,Mon Sep 19 08:25:12 2011,,62578,31010,34194,30813,,,29055
20111219104959,2011-12-19,2011-12,secspider.cs.ucla.edu,wayback,https://web.archive.org/web/20111219104959/http://secspider.cs.ucla.edu/,raw/secspider.cs.ucla.edu/20111219104959.html,Wed Dec 14 06:41:56 2011,,67623,35556,37191,32337,,,31317
20120130004004,2012-01-30,2012-01,secspider.verisignlabs.com,wayback,https://web.archive.org/web/20120130004004/http://secspider.verisignlabs.com/stats.html,raw/secspider.verisignlabs.com/20120130004004.html,,,42084,,32876,32705,19,28445,
20120203000306,2012-02-03,2012-02,secspider.cs.ucla.edu,wayback,https://web.archive.org/web/20120203000306/http://secspider.cs.ucla.edu/,raw/secspider.cs.ucla.edu/20120203000306.html,Wed Dec 14 06:41:56 2011,,67623,35556,37191,32337,,,31317
20120229200133,2012-02-29,2012-02,secspider.verisignlabs.com,wayback,https://web.archive.org/web/20120229200133/http://secspider.verisignlabs.com/stats.html,raw/secspider.verisignlabs.com/20120229200133.html,,,42084,,32876,32705,19,28445,
20120331165623,2012-03-31,2012-03,secspider.verisignlabs.com,wayback,https://web.archive.org/web/20120331165623/http://secspider.verisignlabs.com/stats.html,raw/secspider.verisignlabs.com/20120331165623.html,,,42084,,32876,32705,19,28445,
20120501132951,2012-05-01,2012-05,secspider.verisignlabs.com,wayback,https://web.archive.org/web/20120501132951/http://secspider.verisignlabs.com/stats.html,raw/secspider.verisignlabs.com/20120501132951.html,,,42084,,32876,32705,19,28445,
20120623040012,2012-06-23,2012-06,secspider.cs.ucla.edu,wayback,https://web.archive.org/web/20120623040012/http://secspider.cs.ucla.edu/,raw/secspider.cs.ucla.edu/20120623040012.html,Wed Dec 14 06:41:56 2011,,67623,35556,37191,32337,,,31317
20120625030205,2012-06-25,2012-06,secspider.verisignlabs.com,wayback,https://web.archive.org/web/20120625030205/http://secspider.verisignlabs.com/stats.html,raw/secspider.verisignlabs.com/20120625030205.html,,,42084,,32876,32705,19,28445,
20120731033711,2012-07-31,2012-07,secspider.verisignlabs.com,wayback,https://web.archive.org/web/20120731033711/http://secspider.verisignlabs.com/stats.html,raw/secspider.verisignlabs.com/20120731033711.html,,,42084,,32876,32705,19,28445,
20120808111813,2012-08-08,2012-08,secspider.cs.ucla.edu,wayback,https://web.archive.org/web/20120808111813/http://secspider.cs.ucla.edu/,raw/secspider.cs.ucla.edu/20120808111813.html,Wed Jun 27 14:07:10 2012,,74223,35556,37191,807,,,31318
20120830200531,2012-08-30,2012-08,secspider.verisignlabs.com,wayback,https://web.archive.org/web/20120830200531/http://secspider.verisignlabs.com/stats.html,raw/secspider.verisignlabs.com/20120830200531.html,,,42084,,32876,32705,19,28445,
20121002001603,2012-10-02,2012-10,secspider.verisignlabs.com,wayback,https://web.archive.org/web/20121002001603/http://secspider.verisignlabs.com/stats.html,raw/secspider.verisignlabs.com/20121002001603.html,,,42084,,32876,32705,19,28445,
20121003102222,2012-10-03,2012-10,secspider.cs.ucla.edu,wayback,https://web.archive.org/web/20121003102222/http://secspider.cs.ucla.edu/,raw/secspider.cs.ucla.edu/20121003102222.html,Wed Jun 27 14:07:10 2012,,74223,35556,37191,807,,,31318
20121101131039,2012-11-01,2012-11,secspider.verisignlabs.com,wayback,https://web.archive.org/web/20121101131039/http://secspider.verisignlabs.com/stats.html,raw/secspider.verisignlabs.com/20121101131039.html,,,52850,,36963,35273,2,51970,
20121103095839,2012-11-03,2012-11,secspider.cs.ucla.edu,wayback,https://web.archive.org/web/20121103095839/http://secspider.cs.ucla.edu/,raw/secspider.cs.ucla.edu/20121103095839.html,Wed Oct 31 13:54:03 2012,,,,,,,,
20121213121224,2012-12-13,2012-12,secspider.verisignlabs.com,wayback,https://web.archive.org/web/20121213121224/http://secspider.verisignlabs.com/stats.html,raw/secspider.verisignlabs.com/20121213121224.html,,,243348,,219376,222715,2,217693,211979
20130103050123,2013-01-03,2013-01,secspider.cs.ucla.edu,wayback,https://web.archive.org/web/20130103050123/http://secspider.cs.ucla.edu/,raw/secspider.cs.ucla.edu/20130103050123.html,Wed Dec 12 22:52:14 2012,,,,,,,,
20130114020157,2013-01-14,2013-01,secspider.verisignlabs.com,wayback,https://web.archive.org/web/20130114020157/http://secspider.verisignlabs.com/stats.html,raw/secspider.verisignlabs.com/20130114020157.html,,,244230,,222670,222826,2,220272,212608
20130215091722,2013-02-15,2013-02,secspider.verisignlabs.com,wayback,https://web.archive.org/web/20130215091722/http://secspider.verisignlabs.com/stats.html,raw/secspider.verisignlabs.com/20130215091722.html,,,272550,,222401,262538,1,219350,211266
20130315023033,2013-03-15,2013-03,secspider.cs.ucla.edu,wayback,https://web.archive.org/web/20130315023033/http://secspider.cs.ucla.edu/,raw/secspider.cs.ucla.edu/20130315023033.html,Sun Mar 10 14:07:31 2013,,,,,,,,
20130316063802,2013-03-16,2013-03,secspider.cs.ucla.edu,wayback,https://web.archive.org/web/20130316063802/http://secspider.cs.ucla.edu/stats.html,raw/secspider.cs.ucla.edu/20130316063802.html,,,298816,,267926,283096,1,265942,259435
20130318115735,2013-03-18,2013-03,secspider.verisignlabs.com,wayback,https://web.archive.org/web/20130318115735/http://secspider.verisignlabs.com/stats.html,raw/secspider.verisignlabs.com/20130318115735.html,,,298816,,267926,283096,1,265942,259435
20130403044118,2013-04-03,2013-04,secspider.cs.ucla.edu,wayback,https://web.archive.org/web/20130403044118/http://secspider.cs.ucla.edu/,raw/secspider.cs.ucla.edu/20130403044118.html,Fri Mar 29 17:23:58 2013,,,,,,,,
20130406145331,2013-04-06,2013-04,secspider.cs.ucla.edu,wayback,https://web.archive.org/web/20130406145331/http://secspider.cs.ucla.edu/stats.html,raw/secspider.cs.ucla.edu/20130406145331.html,,,308236,,274264,290634,1,272140,264530
20130425010226,2013-04-25,2013-04,secspider.verisignlabs.com,wayback,https://web.archive.org/web/20130425010226/http://secspider.verisignlabs.com/stats.html,raw/secspider.verisignlabs.com/20130425010226.html,,,314190,,278011,297687,1,275989,268647
20130526125934,2013-05-26,2013-05,secspider.verisignlabs.com,wayback,https://web.archive.org/web/20130526125934/http://secspider.verisignlabs.com/stats.html,raw/secspider.verisignlabs.com/20130526125934.html,,,417236,,286272,310357,1,283978,276292
20130628053519,2013-06-28,2013-06,secspider.verisignlabs.com,wayback,https://web.archive.org/web/20130628053519/http://secspider.verisignlabs.com/stats.html,raw/secspider.verisignlabs.com/20130628053519.html,,,426128,,291348,322996,1,288851,281728
20130629043903,2013-06-29,2013-06,secspider.cs.ucla.edu,wayback,https://web.archive.org/web/20130629043903/http://secspider.cs.ucla.edu/,raw/secspider.cs.ucla.edu/20130629043903.html,Tue Jun 25 03:23:38 2013,,,,,,,,
20130629050942,2013-06-29,2013-06,secspider.cs.ucla.edu,wayback,https://web.archive.org/web/20130629050942/http://secspider.cs.ucla.edu/stats.html,raw/secspider.cs.ucla.edu/20130629050942.html,,,426128,,291348,322996,1,288851,281728
20130704094852,2013-07-04,2013-07,secspider.cs.ucla.edu,wayback,https://web.archive.org/web/20130704094852/http://secspider.cs.ucla.edu/,raw/secspider.cs.ucla.edu/20130704094852.html,Sun Jun 30 02:24:13 2013,,,,,,,,
20130730031725,2013-07-30,2013-07,secspider.verisignlabs.com,wayback,https://web.archive.org/web/20130730031725/http://secspider.verisignlabs.com/stats.html,raw/secspider.verisignlabs.com/20130730031725.html,,,427450,,292084,328297,1,289264,281419
20130822040121,2013-08-22,2013-08,secspider.cs.ucla.edu,wayback,https://web.archive.org/web/20130822040121/http://secspider.cs.ucla.edu/,raw/secspider.cs.ucla.edu/20130822040121.html,Mon Aug 19 00:47:11 2013,,,,,,,,
20130901184416,2013-09-01,2013-09,secspider.verisignlabs.com,wayback,https://web.archive.org/web/20130901184416/http://secspider.verisignlabs.com/stats.html,raw/secspider.verisignlabs.com/20130901184416.html,,,424944,,287469,329585,1,284734,277294
20131004104155,2013-10-04,2013-10,secspider.cs.ucla.edu,wayback,https://web.archive.org/web/20131004104155/http://secspider.cs.ucla.edu/,raw/secspider.cs.ucla.edu/20131004104155.html,Thu Oct 3 17:32:46 2013,,,,,,,,
20131004233826,2013-10-04,2013-10,secspider.verisignlabs.com,wayback,https://web.archive.org/web/20131004233826/http://secspider.verisignlabs.com/stats.html,raw/secspider.verisignlabs.com/20131004233826.html,,,420257,,279495,330278,1,276734,268957
20131106095936,2013-11-06,2013-11,secspider.verisignlabs.com,wayback,https://web.archive.org/web/20131106095936/http://secspider.verisignlabs.com/stats.html,raw/secspider.verisignlabs.com/20131106095936.html,,,412726,,272843,330939,1,270638,263441
20131213202705,2013-12-13,2013-12,secspider.verisignlabs.com,wayback,https://web.archive.org/web/20131213202705/http://secspider.verisignlabs.com/stats.html,raw/secspider.verisignlabs.com/20131213202705.html,,,409271,,267766,331350,1,265456,258744
20131227194730,2013-12-27,2013-12,secspider.cs.ucla.edu,wayback,https://web.archive.org/web/20131227194730/http://secspider.cs.ucla.edu/,raw/secspider.cs.ucla.edu/20131227194730.html,Mon Dec 23 06:46:25 2013,,,,,,,,
20131228193045,2013-12-28,2013-12,secspider.cs.ucla.edu,wayback,https://web.archive.org/web/20131228193045/http://secspider.cs.ucla.edu/stats.html,raw/secspider.cs.ucla.edu/20131228193045.html,,,407996,,264577,331454,2,262371,255707
20140115133525,2014-01-15,2014-01,secspider.verisignlabs.com,wayback,https://web.archive.org/web/20140115133525/http://secspider.verisignlabs.com/stats.html,raw/secspider.verisignlabs.com/20140115133525.html,,,407549,,263659,331746,2,261525,254768
20140723011232,2014-07-23,2014-07,secspider.cs.ucla.edu,wayback,https://web.archive.org/web/20140723011232/http://secspider.cs.ucla.edu/,raw/secspider.cs.ucla.edu/20140723011232.html,Mon Jul 21 06:16:27 2014,,,,,,,,
20141108173145,2014-11-08,2014-11,secspider.cs.ucla.edu,wayback,https://web.archive.org/web/20141108173145/http://secspider.cs.ucla.edu/,raw/secspider.cs.ucla.edu/20141108173145.html,Thu Nov 6 07:29:30 2014,,,,,,,,
20150105053329,2015-01-05,2015-01,secspider.cs.ucla.edu,wayback,https://web.archive.org/web/20150105053329/http://secspider.cs.ucla.edu/,raw/secspider.cs.ucla.edu/20150105053329.html,Sat Dec 27 07:17:23 2014,,,,,,,,
20150108185406,2015-01-08,2015-01,secspider.cs.ucla.edu,wayback,https://web.archive.org/web/20150108185406/http://secspider.cs.ucla.edu/stats.html,raw/secspider.cs.ucla.edu/20150108185406.html,,,532236,,259976,369100,3,258035,251347
20150209075725,2015-02-09,2015-02,secspider.cs.ucla.edu,wayback,https://web.archive.org/web/20150209075725/http://secspider.cs.ucla.edu/,raw/secspider.cs.ucla.edu/20150209075725.html,Fri Jan 23 03:04:10 2015,,,,,,,,
20150405172338,2015-04-05,2015-04,secspider.cs.ucla.edu,wayback,https://web.archive.org/web/20150405172338/http://secspider.cs.ucla.edu/,raw/secspider.cs.ucla.edu/20150405172338.html,Sat Apr 4 00:58:23 2015,,,,,,,,
20150415064727,2015-04-15,2015-04,secspider.cs.ucla.edu,wayback,https://web.archive.org/web/20150415064727/http://secspider.cs.ucla.edu/stats.html,raw/secspider.cs.ucla.edu/20150415064727.html,,,529911,,263314,372319,4,261077,254025
20150512062733,2015-05-12,2015-05,secspider.cs.ucla.edu,wayback,https://web.archive.org/web/20150512062733/http://secspider.cs.ucla.edu/,raw/secspider.cs.ucla.edu/20150512062733.html,Sun May 10 05:41:35 2015,,,,,,,,
20150703225155,2015-07-03,2015-07,secspider.cs.ucla.edu,wayback,https://web.archive.org/web/20150703225155/http://secspider.cs.ucla.edu/,raw/secspider.cs.ucla.edu/20150703225155.html,Tue Jun 30 07:50:44 2015,,,,,,,,
20150814145940,2015-08-14,2015-08,secspider.cs.ucla.edu,wayback,https://web.archive.org/web/20150814145940/http://secspider.cs.ucla.edu/,raw/secspider.cs.ucla.edu/20150814145940.html,Mon Jul 27 08:28:35 2015,,,,,,,,
20150920164635,2015-09-20,2015-09,secspider.verisignlabs.com,wayback,https://web.archive.org/web/20150920164635/http://secspider.verisignlabs.com/stats.html,raw/secspider.verisignlabs.com/20150920164635.html,,,562882,,292082,285769,4,290046,286137
20160117174345,2016-01-17,2016-01,secspider.verisignlabs.com,wayback,https://web.archive.org/web/20160117174345/http://secspider.verisignlabs.com/stats.html,raw/secspider.verisignlabs.com/20160117174345.html,,,1056097,,739484,731816,3,733542,729952
20160217102646,2016-02-17,2016-02,secspider.verisignlabs.com,wayback,https://web.archive.org/web/20160217102646/http://secspider.verisignlabs.com/stats.html,raw/secspider.verisignlabs.com/20160217102646.html,,,1074532,,790689,783028,3,783039,780872
20160313064713,2016-03-13,2016-03,secspider.verisignlabs.com,wayback,https://web.archive.org/web/20160313064713/http://secspider.verisignlabs.com/stats.html,raw/secspider.verisignlabs.com/20160313064713.html,,,1066056,,780683,773058,3,770636,767944
20160419161144,2016-04-19,2016-04,secspider.verisignlabs.com,wayback,https://web.archive.org/web/20160419161144/http://secspider.verisignlabs.com/stats.html,raw/secspider.verisignlabs.com/20160419161144.html,,,1091010,,803770,796227,4,794232,793460
20160525071310,2016-05-25,2016-05,secspider.verisignlabs.com,wayback,https://web.archive.org/web/20160525071310/http://secspider.verisignlabs.com/stats.html,raw/secspider.verisignlabs.com/20160525071310.html,,,1111246,,819632,812126,3,820764,822489
20160603151441,2016-06-03,2016-06,secspider.verisignlabs.com,wayback,https://web.archive.org/web/20160603151441/http://secspider.verisignlabs.com/stats.html,raw/secspider.verisignlabs.com/20160603151441.html,,,1124864,,832132,825375,4,818942,820873
20160703210816,2016-07-03,2016-07,secspider.verisignlabs.com,wayback,https://web.archive.org/web/20160703210816/http://secspider.verisignlabs.com/stats.html,raw/secspider.verisignlabs.com/20160703210816.html,,,1213925,,920713,913372,5,906451,908824
20161003193546,2016-10-03,2016-10,secspider.verisignlabs.com,wayback,https://web.archive.org/web/20161003193546/http://secspider.verisignlabs.com/stats.html,raw/secspider.verisignlabs.com/20161003193546.html,,,1236476,,941101,933718,6,926250,929298
20161226175327,2016-12-26,2016-12,secspider.verisignlabs.com,wayback,https://web.archive.org/web/20161226175327/http://secspider.verisignlabs.com/stats.html,raw/secspider.verisignlabs.com/20161226175327.html,,,1951555,,1630971,1623444,176,1526763,1613943
20170104052039,2017-01-04,2017-01,secspider.verisignlabs.com,wayback,https://web.archive.org/web/20170104052039/http://secspider.verisignlabs.com/stats.html,raw/secspider.verisignlabs.com/20170104052039.html,,,1934883,,1611525,1604013,171,1482897,1588085
20170404125206,2017-04-04,2017-04,secspider.verisignlabs.com,wayback,https://web.archive.org/web/20170404125206/http://secspider.verisignlabs.com/stats.html,raw/secspider.verisignlabs.com/20170404125206.html,,,2006287,,1658436,1649223,172,1527645,1643240
20170514081940,2017-05-14,2017-05,secspider.verisignlabs.com,wayback,https://web.archive.org/web/20170514081940/http://secspider.verisignlabs.com/stats.html,raw/secspider.verisignlabs.com/20170514081940.html,,,2174844,,1805695,1778083,255,1651265,1794812
20170614033558,2017-06-14,2017-06,secspider.verisignlabs.com,wayback,https://web.archive.org/web/20170614033558/http://secspider.verisignlabs.com/stats.html,raw/secspider.verisignlabs.com/20170614033558.html,,,2166120,,1791676,1763980,208,1663632,1809170
20170704081501,2017-07-04,2017-07,secspider.verisignlabs.com,wayback,https://web.archive.org/web/20170704081501/http://secspider.verisignlabs.com/stats.html,raw/secspider.verisignlabs.com/20170704081501.html,,,2166120,,1791676,1763980,208,1663632,1809170
20171109205041,2017-11-09,2017-11,secspider.verisignlabs.com,wayback,https://web.archive.org/web/20171109205041/http://secspider.verisignlabs.com/stats.html,raw/secspider.verisignlabs.com/20171109205041.html,,,2294954,,1854838,1823309,196,1653142,1814887
20171210143610,2017-12-10,2017-12,secspider.verisignlabs.com,wayback,https://web.archive.org/web/20171210143610/http://secspider.verisignlabs.com/stats.html,raw/secspider.verisignlabs.com/20171210143610.html,,,2443178,,1972456,1937202,187,1767433,1935380
20180109230941,2018-01-09,2018-01,secspider.verisignlabs.com,wayback,https://web.archive.org/web/20180109230941/http://secspider.verisignlabs.com/stats.html,raw/secspider.verisignlabs.com/20180109230941.html,,,2533963,,2050579,2009716,182,1826060,2004753
20180209112233,2018-02-09,2018-02,secspider.verisignlabs.com,wayback,https://web.archive.org/web/20180209112233/http://secspider.verisignlabs.com/stats.html,raw/secspider.verisignlabs.com/20180209112233.html,,,2634258,,2110855,2067639,187,1878781,2061857
20180311232417,2018-03-11,2018-03,secspider.verisignlabs.com,wayback,https://web.archive.org/web/20180311232417/http://secspider.verisignlabs.com/stats.html,raw/secspider.verisignlabs.com/20180311232417.html,,,2696797,,2162774,2116886,246,1924650,2117116
20180712040214,2018-07-12,2018-07,secspider.verisignlabs.com,wayback,https://web.archive.org/web/20180712040214/http://secspider.verisignlabs.com/stats.html,raw/secspider.verisignlabs.com/20180712040214.html,,,2666264,,2127217,2078434,173,1877978,2080422
20180914012332,2018-09-14,2018-09,secspider.verisignlabs.com,wayback,https://web.archive.org/web/20180914012332/http://secspider.verisignlabs.com/stats.html,raw/secspider.verisignlabs.com/20180914012332.html,,,2666278,,2127227,2078438,173,1877982,2080430
20190918031715,2019-09-18,2019-09,secspider.net,wayback,https://web.archive.org/web/20190918031715/https://secspider.net/stats.html,raw/secspider.net/20190918031715.html,,,2600436,,1852041,1711835,170,1148708,1781283
20191120115724,2019-11-20,2019-11,secspider.net,wayback,https://web.archive.org/web/20191120115724/https://secspider.net/stats.html,raw/secspider.net/20191120115724.html,,,3920396,,3321537,2898277,306,2176873,3140416
20200513065821,2020-05-13,2020-05,secspider.net,wayback,https://web.archive.org/web/20200513065821/https://secspider.net/stats.html,raw/secspider.net/20200513065821.html,,,8354398,,7685363,6441119,404,4998695,7245585
20211206174941,2021-12-06,2021-12,secspider.net,wayback,https://web.archive.org/web/20211206174941/https://secspider.net/stats.html,raw/secspider.net/20211206174941.html,,,960264,,819564,743510,3,981380,1135208
20220129012807,2022-01-29,2022-01,secspider.net,wayback,https://web.archive.org/web/20220129012807/https://secspider.net/stats.html,raw/secspider.net/20220129012807.html,,,9105358,,7945023,7000617,108,5138626,6679511
20220514104851,2022-05-14,2022-05,secspider.net,wayback,https://web.archive.org/web/20220514104851/https://secspider.net/stats.html,raw/secspider.net/20220514104851.html,,,13080774,,10981880,9549860,129,6947314,9288535
20220625080514,2022-06-25,2022-06,secspider.net,wayback,https://web.archive.org/web/20220625080514/https://secspider.net/stats.html,raw/secspider.net/20220625080514.html,,,13610981,,11415721,9957330,124,7460646,9830736
20220820055344,2022-08-20,2022-08,secspider.net,wayback,https://web.archive.org/web/20220820055344/https://secspider.net/stats.html,raw/secspider.net/20220820055344.html,,,13887311,,11639101,10173151,106,7592326,9892592
20221120070404,2022-11-20,2022-11,secspider.net,wayback,https://web.archive.org/web/20221120070404/https://secspider.net/stats.html,raw/secspider.net/20221120070404.html,,,,,,,,,
20221203125430,2022-12-03,2022-12,secspider.net,wayback,https://web.archive.org/web/20221203125430/https://secspider.net/stats.html,raw/secspider.net/20221203125430.html,,,14335050,,11977296,10469777,137,7860200,9926456
20230201025852,2023-02-01,2023-02,secspider.net,wayback,https://web.archive.org/web/20230201025852/https://secspider.net/stats.html,raw/secspider.net/20230201025852.html,,,13640127,,11482066,10205427,46,7850950,9629698
20230328032300,2023-03-28,2023-03,secspider.net,wayback,https://web.archive.org/web/20230328032300/https://secspider.net/stats.html,raw/secspider.net/20230328032300.html,,,15158987,,12833417,11280762,85,8541315,10570126
20230530180600,2023-05-30,2023-05,secspider.net,wayback,https://web.archive.org/web/20230530180600/https://secspider.net/stats.html,raw/secspider.net/20230530180600.html,,,15365265,,12846868,11295382,113,8692376,10734467
20230927020211,2023-09-27,2023-09,secspider.net,wayback,https://web.archive.org/web/20230927020211/https://secspider.net/stats.html,raw/secspider.net/20230927020211.html,,,16131374,,13538317,11990899,56,9246800,10977115
20231001005953,2023-10-01,2023-10,secspider.net,wayback,https://web.archive.org/web/20231001005953/https://secspider.net/stats.html,raw/secspider.net/20231001005953.html,,,16131374,,13538317,11990899,56,9246800,10977115
20231129052420,2023-11-29,2023-11,secspider.net,wayback,https://web.archive.org/web/20231129052420/https://secspider.net/stats.html,raw/secspider.net/20231129052420.html,,,16601111,,14021508,12364532,84,9896919,12044617
20231207070821,2023-12-07,2023-12,secspider.net,wayback,https://web.archive.org/web/20231207070821/https://secspider.net/stats.html,raw/secspider.net/20231207070821.html,,,16353213,,13637447,11975737,80,9116881,11323672
20240227102756,2024-02-27,2024-02,secspider.net,wayback,https://web.archive.org/web/20240227102756/https://secspider.net/stats.html,raw/secspider.net/20240227102756.html,,,16443629,,13644315,11962364,76,9114606,11511341
20240521042411,2024-05-21,2024-05,secspider.net,wayback,https://web.archive.org/web/20240521042411/https://secspider.net/stats.html,raw/secspider.net/20240521042411.html,,,16337675,,13394080,11665415,82,8782857,11503288
20240625183031,2024-06-25,2024-06,secspider.net,wayback,https://web.archive.org/web/20240625183031/https://secspider.net/stats.html,raw/secspider.net/20240625183031.html,,,16231574,,13173165,11458691,65,8336383,11041888
20240722045942,2024-07-22,2024-07,secspider.net,wayback,https://web.archive.org/web/20240722045942/https://secspider.net/stats.html,raw/secspider.net/20240722045942.html,,,16267939,,13166378,11426805,70,8398779,11255273
20240806044907,2024-08-06,2024-08,secspider.net,wayback,https://web.archive.org/web/20240806044907/https://secspider.net/stats.html,raw/secspider.net/20240806044907.html,,,16288151,,13184443,11431861,71,8428182,11373581
20240911184327,2024-09-11,2024-09,secspider.net,wayback,https://web.archive.org/web/20240911184327/https://secspider.net/stats.html,raw/secspider.net/20240911184327.html,,,15898707,,12631773,10951070,79,7841164,10987641
20241105095701,2024-11-05,2024-11,secspider.net,wayback,https://web.archive.org/web/20241105095701/https://secspider.net/stats.html,raw/secspider.net/20241105095701.html,,,13152414,,10320361,9121538,53,6430617,9023187
20250117182732,2025-01-17,2025-01,secspider.net,wayback,https://web.archive.org/web/20250117182732/https://secspider.net/stats.html,raw/secspider.net/20250117182732.html,,,11151799,,8824918,7706061,85,5224443,7433297
20250324131524,2025-03-24,2025-03,secspider.net,wayback,https://web.archive.org/web/20250324131524/https://secspider.net/stats.html,raw/secspider.net/20250324131524.html,,,16140542,,12690628,10972875,71,7470425,11000286
20250420101339,2025-04-20,2025-04,secspider.net,wayback,https://web.archive.org/web/20250420101339/https://secspider.net/stats.html,raw/secspider.net/20250420101339.html,,,16301664,,12666417,10932991,61,7435146,11041007
20250512213535,2025-05-12,2025-05,secspider.net,wayback,https://web.archive.org/web/20250512213535/https://secspider.net/stats.html,raw/secspider.net/20250512213535.html,,,14136924,,11029752,9683685,44,6426199,9386512
20250614050214,2025-06-14,2025-06,secspider.net,wayback,https://web.archive.org/web/20250614050214/https://secspider.net/stats.html,raw/secspider.net/20250614050214.html,,,14329961,,11205887,9843861,62,6573021,9706330
20250714062503,2025-07-14,2025-07,secspider.net,wayback,https://web.archive.org/web/20250714062503/https://secspider.net/stats.html,raw/secspider.net/20250714062503.html,,,14439363,,11353086,9962942,40,6647981,9875905
20250808203923,2025-08-08,2025-08,secspider.net,wayback,https://web.archive.org/web/20250808203923/https://secspider.net/stats.html,raw/secspider.net/20250808203923.html,,,14872065,,11633266,10203174,38,6903064,10453102
20250909163102,2025-09-09,2025-09,secspider.net,wayback,https://web.archive.org/web/20250909163102/https://secspider.net/stats.html,raw/secspider.net/20250909163102.html,,,16757941,,12942918,11163678,56,7123248,11053422
20251016100126,2025-10-16,2025-10,secspider.net,wayback,https://web.archive.org/web/20251016100126/https://secspider.net/stats.html,raw/secspider.net/20251016100126.html,,,17312152,,13468666,11663700,54,7404607,11661935
20251112145454,2025-11-12,2025-11,secspider.net,wayback,https://web.archive.org/web/20251112145454/https://secspider.net/stats.html,raw/secspider.net/20251112145454.html,,,17608041,,13749617,11928698,54,7500684,11912409
20260123050729,2026-01-23,2026-01,secspider.net,wayback,https://web.archive.org/web/20260123050729/https://secspider.net/stats.html,raw/secspider.net/20260123050729.html,,,18243402,,14202754,12373050,124,7767875,12625958
20260305112511,2026-03-05,2026-03,secspider.net,wayback,https://web.archive.org/web/20260305112511/https://secspider.net/stats.html,raw/secspider.net/20260305112511.html,,,18901064,,14838001,12941802,127,8004335,13108180
20260416144425,2026-04-16,2026-04,secspider.net,wayback,https://web.archive.org/web/20260416144425/https://secspider.net/stats.html,raw/secspider.net/20260416144425.html,,,19683307,,15405347,13438883,144,8200523,13641807
20260517182416,2026-05-17,2026-05,secspider.net,wayback,https://web.archive.org/web/20260517182416/https://secspider.net/stats.html,raw/secspider.net/20260517182416.html,,,20064857,,15733833,13749302,138,8335945,14020000
20260928203518,2026-09-28,2026-09,secspider.net,live,https://secspider.net/stats.html,raw/secspider.net-live/20260928203518.html,,,21594218,,15449854,13533524,46,8092472,13662867
