signal_id,rfc_id,rfc_title,decision,score,confidence,timestamp_valid,observation_timestamp,rfc_publication_date,domain,zone,matched_indicator_ids,failed_indicator_ids,matched_fields,missing_fields,base_indicator_score,specificity_multiplier,required_match_bonus,optional_match_bonus,missing_required_penalty,partial_match_penalty,ambiguity_penalty,timestamp_penalty,final_score,trace_id,reasoning_summary
sig_0001,RFC 6605,Elliptic Curve Digital Signature Algorithm (DSA) for DNSSEC,valid_match,13.125,very_high,true,2018-05-01T00:14:47,2012-04-01T00:00:00,membranes.nu.,nu,rfc6605_ecdsa_algorithm; rfc6605_ecdsa_on_key_or_signature,,algorithm; rr_type,,9.0,1.25,0.0,1.5,0.0,0.0,0.0,0.0,13.125,trace_sig_0001_rfc6605,"RFC 6605 matched signal sig_0001: the required indicator rfc6605_ecdsa_algorithm passed because algorithm=13 is in [13, 14]. Corroborating indicators also matched: rfc6605_ecdsa_on_key_or_signature. The observation on 2018-05-01T00:14:47 is 2221 days after RFC 6605's publication on 2012-04-01, so the timestamp is valid. Score 13.125 (very_high) = (9.0 required + 1.5 optional) x 1.25 high specificity."
sig_0001,RFC 7344,Automating DNSSEC Delegation Trust Maintenance,valid_match,11.25,high,true,2018-05-01T00:14:47,2014-09-01T00:00:00,membranes.nu.,nu,rfc7344_cds_cdnskey_present,rfc7344_cds_publishes_digest,rr_type,digest_type,9.0,1.25,0.0,0.0,0.0,0.0,0.0,0.0,11.25,trace_sig_0001_rfc7344,"RFC 7344 matched signal sig_0001: the required indicator rfc7344_cds_cdnskey_present passed because rr_type=CDNSKEY is in [CDS, CDNSKEY]. Indicator rfc7344_cds_publishes_digest did not match: rr_type=CDNSKEY does not equal the expected value CDS. The observation on 2018-05-01T00:14:47 is 1338 days after RFC 7344's publication on 2014-09-01, so the timestamp is valid. Score 11.25 (high) = (9.0 required) x 1.25 high specificity."
sig_0001,RFC 4033,DNS Security Introduction and Requirements (DNSSEC base: RFC 4033/4034/4035),partial_match,0.0,none,true,2018-05-01T00:14:47,2005-03-01T00:00:00,membranes.nu.,nu,rfc4033_dnssec_algorithm_present,rfc4033_base_dnssec_record_present; rfc4033_dnssec_ok_negotiated,algorithm,dnssec_ok_flag,0.0,0.75,0.0,1.0,3.0,0.0,0.0,0.0,0.0,trace_sig_0001_rfc4033,"RFC 4033 partially matches signal sig_0001: the optional indicator rfc4033_dnssec_algorithm_present passed because algorithm is present (observed 13). The required indicator rfc4033_base_dnssec_record_present was not satisfied: rr_type=CDNSKEY is not in [DNSKEY, DS, RRSIG, NSEC]. The observation on 2018-05-01T00:14:47 is 4809 days after RFC 4033's publication on 2005-03-01, so the timestamp is valid. Score 0.0 (none): the penalties leave a raw total of -2.0, which is clamped to 0 before the 0.75 low specificity multiplier."
sig_0001,RFC 4509,Use of SHA-256 in DNSSEC Delegation Signer (DS) Resource Records,no_match,0.0,none,true,2018-05-01T00:14:47,2006-05-01T00:00:00,membranes.nu.,nu,,rfc4509_ds_sha256_digest,,digest_type,0.0,1.25,0.0,0.0,3.0,0.0,0.0,0.0,0.0,trace_sig_0001_rfc4509,"RFC 4509 does not explain signal sig_0001: the required indicator rfc4509_ds_sha256_digest failed because rr_type=CDNSKEY is not in [DS, CDS]. The observation on 2018-05-01T00:14:47 is 4383 days after RFC 4509's publication on 2006-05-01, so the timestamp is valid. Score 0.0 (none): no required indicator matched, so there is nothing to score."
sig_0001,RFC 5155,DNS Security (DNSSEC) Hashed Authenticated Denial of Existence,no_match,0.0,none,true,2018-05-01T00:14:47,2008-03-01T00:00:00,membranes.nu.,nu,,rfc5155_nsec3_hash_algorithm; rfc5155_nsec3_record_present,,,0.0,1.5,0.0,0.0,3.0,0.0,0.0,0.0,0.0,trace_sig_0001_rfc5155,"RFC 5155 does not explain signal sig_0001: the required indicator rfc5155_nsec3_record_present failed because rr_type=CDNSKEY is not in [NSEC3, NSEC3PARAM]. The observation on 2018-05-01T00:14:47 is 3713 days after RFC 5155's publication on 2008-03-01, so the timestamp is valid. Score 0.0 (none): no required indicator matched, so there is nothing to score."
sig_0001,RFC 8078,Managing DS Records from the Parent via CDS/CDNSKEY,no_match,0.0,none,true,2018-05-01T00:14:47,2017-03-01T00:00:00,membranes.nu.,nu,,rfc8078_cds_cdnskey_algorithm_zero; rfc8078_delete_signal_digest_zero,,digest_type,0.0,1.5,0.0,0.0,3.0,0.0,0.0,0.0,0.0,trace_sig_0001_rfc8078,"RFC 8078 does not explain signal sig_0001: the required indicator rfc8078_cds_cdnskey_algorithm_zero failed because algorithm=13 does not equal the expected value 0. The observation on 2018-05-01T00:14:47 is 426 days after RFC 8078's publication on 2017-03-01, so the timestamp is valid. Score 0.0 (none): no required indicator matched, so there is nothing to score."
sig_0001,RFC 8080,Edwards-Curve Digital Security Algorithm (EdDSA) for DNSSEC,no_match,0.0,none,true,2018-05-01T00:14:47,2017-02-01T00:00:00,membranes.nu.,nu,,rfc8080_eddsa_algorithm; rfc8080_eddsa_on_key_or_signature,,,0.0,1.5,0.0,0.0,3.0,0.0,0.0,0.0,0.0,trace_sig_0001_rfc8080,"RFC 8080 does not explain signal sig_0001: the required indicator rfc8080_eddsa_algorithm failed because algorithm=13 is not in [15, 16]. The observation on 2018-05-01T00:14:47 is 454 days after RFC 8080's publication on 2017-02-01, so the timestamp is valid. Score 0.0 (none): no required indicator matched, so there is nothing to score."
sig_0001,RFC 8624,Algorithm Implementation Requirements and Usage Guidance for DNSSEC,timestamp_invalid,0.0,none,false,2018-05-01T00:14:47,2019-06-01T00:00:00,membranes.nu.,nu,rfc8624_avoids_deprecated_algorithm; rfc8624_recommended_signing_algorithm,,algorithm,rr_type; validator_algorithm_support,5.0,0.75,0.0,1.5,0.0,0.0,2.0,3.375,0.0,trace_sig_0001_rfc8624,"RFC 8624 cannot explain signal sig_0001: although algorithm=13 satisfy the required indicator rfc8624_recommended_signing_algorithm, the observation on 2018-05-01T00:14:47 predates RFC 8624's publication on 2019-06-01 by 396 days. An observation cannot evidence adoption of an RFC that did not yet exist, so the score of 3.375 is forfeited and this is routed to the review queue. The withheld score derives from (5.0 required + 1.5 optional - 2.0 ambiguity penalty) x 0.75 low specificity."
sig_0002,RFC 4509,Use of SHA-256 in DNSSEC Delegation Signer (DS) Resource Records,valid_match,11.25,high,true,2018-05-01T00:57:25,2006-05-01T00:00:00,xn--h-1fa.nu.,nu,rfc4509_ds_sha256_digest,,digest_type; rr_type,,9.0,1.25,0.0,0.0,0.0,0.0,0.0,0.0,11.25,trace_sig_0002_rfc4509,"RFC 4509 matched signal sig_0002: the required indicator rfc4509_ds_sha256_digest passed because rr_type=DS is in [DS, CDS] and digest_type=2 equals the expected value 2. The observation on 2018-05-01T00:57:25 is 4383 days after RFC 4509's publication on 2006-05-01, so the timestamp is valid. Score 11.25 (high) = (9.0 required) x 1.25 high specificity."
sig_0002,RFC 4033,DNS Security Introduction and Requirements (DNSSEC base: RFC 4033/4034/4035),valid_match,3.75,low,true,2018-05-01T00:57:25,2005-03-01T00:00:00,xn--h-1fa.nu.,nu,rfc4033_base_dnssec_record_present; rfc4033_dnssec_algorithm_present,rfc4033_dnssec_ok_negotiated,algorithm; rr_type,dnssec_ok_flag,4.0,0.75,0.0,1.0,0.0,0.0,0.0,0.0,3.75,trace_sig_0002_rfc4033,"RFC 4033 matched signal sig_0002: the required indicator rfc4033_base_dnssec_record_present passed because rr_type=DS is in [DNSKEY, DS, RRSIG, NSEC]. Corroborating indicators also matched: rfc4033_dnssec_algorithm_present. Indicator rfc4033_dnssec_ok_negotiated did not match: field 'dnssec_ok_flag' is absent from this observation, so the condition 'dnssec_ok_flag must equal true' could not be satisfied (absence is not evidence). The observation on 2018-05-01T00:57:25 is 4809 days after RFC 4033's publication on 2005-03-01, so the timestamp is valid. Score 3.75 (low) = (4.0 required + 1.0 optional) x 0.75 low specificity."
sig_0002,RFC 5155,DNS Security (DNSSEC) Hashed Authenticated Denial of Existence,no_match,0.0,none,true,2018-05-01T00:57:25,2008-03-01T00:00:00,xn--h-1fa.nu.,nu,,rfc5155_nsec3_hash_algorithm; rfc5155_nsec3_record_present,,,0.0,1.5,0.0,0.0,3.0,0.0,0.0,0.0,0.0,trace_sig_0002_rfc5155,"RFC 5155 does not explain signal sig_0002: the required indicator rfc5155_nsec3_record_present failed because rr_type=DS is not in [NSEC3, NSEC3PARAM]. The observation on 2018-05-01T00:57:25 is 3713 days after RFC 5155's publication on 2008-03-01, so the timestamp is valid. Score 0.0 (none): no required indicator matched, so there is nothing to score."
sig_0002,RFC 6605,Elliptic Curve Digital Signature Algorithm (DSA) for DNSSEC,no_match,0.0,none,true,2018-05-01T00:57:25,2012-04-01T00:00:00,xn--h-1fa.nu.,nu,,rfc6605_ecdsa_algorithm; rfc6605_ecdsa_on_key_or_signature,,,0.0,1.25,0.0,0.0,3.0,0.0,0.0,0.0,0.0,trace_sig_0002_rfc6605,"RFC 6605 does not explain signal sig_0002: the required indicator rfc6605_ecdsa_algorithm failed because algorithm=8 is not in [13, 14]. The observation on 2018-05-01T00:57:25 is 2221 days after RFC 6605's publication on 2012-04-01, so the timestamp is valid. Score 0.0 (none): no required indicator matched, so there is nothing to score."
sig_0002,RFC 7344,Automating DNSSEC Delegation Trust Maintenance,no_match,0.0,none,true,2018-05-01T00:57:25,2014-09-01T00:00:00,xn--h-1fa.nu.,nu,,rfc7344_cds_cdnskey_present; rfc7344_cds_publishes_digest,,,0.0,1.25,0.0,0.0,3.0,0.0,0.0,0.0,0.0,trace_sig_0002_rfc7344,"RFC 7344 does not explain signal sig_0002: the required indicator rfc7344_cds_cdnskey_present failed because rr_type=DS is not in [CDS, CDNSKEY]. The observation on 2018-05-01T00:57:25 is 1338 days after RFC 7344's publication on 2014-09-01, so the timestamp is valid. Score 0.0 (none): no required indicator matched, so there is nothing to score."
sig_0002,RFC 8078,Managing DS Records from the Parent via CDS/CDNSKEY,no_match,0.0,none,true,2018-05-01T00:57:25,2017-03-01T00:00:00,xn--h-1fa.nu.,nu,,rfc8078_cds_cdnskey_algorithm_zero; rfc8078_delete_signal_digest_zero,,,0.0,1.5,0.0,0.0,3.0,0.0,0.0,0.0,0.0,trace_sig_0002_rfc8078,"RFC 8078 does not explain signal sig_0002: the required indicator rfc8078_cds_cdnskey_algorithm_zero failed because rr_type=DS is not in [CDS, CDNSKEY]. The observation on 2018-05-01T00:57:25 is 426 days after RFC 8078's publication on 2017-03-01, so the timestamp is valid. Score 0.0 (none): no required indicator matched, so there is nothing to score."
sig_0002,RFC 8080,Edwards-Curve Digital Security Algorithm (EdDSA) for DNSSEC,no_match,0.0,none,true,2018-05-01T00:57:25,2017-02-01T00:00:00,xn--h-1fa.nu.,nu,,rfc8080_eddsa_algorithm; rfc8080_eddsa_on_key_or_signature,,,0.0,1.5,0.0,0.0,3.0,0.0,0.0,0.0,0.0,trace_sig_0002_rfc8080,"RFC 8080 does not explain signal sig_0002: the required indicator rfc8080_eddsa_algorithm failed because algorithm=8 is not in [15, 16]. The observation on 2018-05-01T00:57:25 is 454 days after RFC 8080's publication on 2017-02-01, so the timestamp is valid. Score 0.0 (none): no required indicator matched, so there is nothing to score."
sig_0002,RFC 8624,Algorithm Implementation Requirements and Usage Guidance for DNSSEC,partial_match,0.0,none,false,2018-05-01T00:57:25,2019-06-01T00:00:00,xn--h-1fa.nu.,nu,rfc8624_avoids_deprecated_algorithm,rfc8624_recommended_signing_algorithm,algorithm,rr_type; validator_algorithm_support,0.0,0.75,0.0,1.5,3.0,0.0,2.0,0.0,0.0,trace_sig_0002_rfc8624,"RFC 8624 partially matches signal sig_0002: the optional indicator rfc8624_avoids_deprecated_algorithm passed because algorithm is present (observed 8) and algorithm=8 differs from 1 as required. The required indicator rfc8624_recommended_signing_algorithm was not satisfied: algorithm=8 is not in [13, 15]. The observation on 2018-05-01T00:57:25 predates RFC 8624's publication on 2019-06-01 by 396 days. An observation cannot evidence adoption of an RFC that did not yet exist, so the score is forfeited. Score 0.0 (none): the penalties leave a raw total of -3.5, which is clamped to 0 before the 0.75 low specificity multiplier."
sig_0003,RFC 4509,Use of SHA-256 in DNSSEC Delegation Signer (DS) Resource Records,valid_match,11.25,high,true,2018-05-01T01:20:45,2006-05-01T00:00:00,kax.nu.,nu,rfc4509_ds_sha256_digest,,digest_type; rr_type,,9.0,1.25,0.0,0.0,0.0,0.0,0.0,0.0,11.25,trace_sig_0003_rfc4509,"RFC 4509 matched signal sig_0003: the required indicator rfc4509_ds_sha256_digest passed because rr_type=DS is in [DS, CDS] and digest_type=2 equals the expected value 2. The observation on 2018-05-01T01:20:45 is 4383 days after RFC 4509's publication on 2006-05-01, so the timestamp is valid. Score 11.25 (high) = (9.0 required) x 1.25 high specificity."
sig_0003,RFC 4033,DNS Security Introduction and Requirements (DNSSEC base: RFC 4033/4034/4035),valid_match,3.75,low,true,2018-05-01T01:20:45,2005-03-01T00:00:00,kax.nu.,nu,rfc4033_base_dnssec_record_present; rfc4033_dnssec_algorithm_present,rfc4033_dnssec_ok_negotiated,algorithm; rr_type,dnssec_ok_flag,4.0,0.75,0.0,1.0,0.0,0.0,0.0,0.0,3.75,trace_sig_0003_rfc4033,"RFC 4033 matched signal sig_0003: the required indicator rfc4033_base_dnssec_record_present passed because rr_type=DS is in [DNSKEY, DS, RRSIG, NSEC]. Corroborating indicators also matched: rfc4033_dnssec_algorithm_present. Indicator rfc4033_dnssec_ok_negotiated did not match: field 'dnssec_ok_flag' is absent from this observation, so the condition 'dnssec_ok_flag must equal true' could not be satisfied (absence is not evidence). The observation on 2018-05-01T01:20:45 is 4809 days after RFC 4033's publication on 2005-03-01, so the timestamp is valid. Score 3.75 (low) = (4.0 required + 1.0 optional) x 0.75 low specificity."
sig_0003,RFC 5155,DNS Security (DNSSEC) Hashed Authenticated Denial of Existence,no_match,0.0,none,true,2018-05-01T01:20:45,2008-03-01T00:00:00,kax.nu.,nu,,rfc5155_nsec3_hash_algorithm; rfc5155_nsec3_record_present,,,0.0,1.5,0.0,0.0,3.0,0.0,0.0,0.0,0.0,trace_sig_0003_rfc5155,"RFC 5155 does not explain signal sig_0003: the required indicator rfc5155_nsec3_record_present failed because rr_type=DS is not in [NSEC3, NSEC3PARAM]. The observation on 2018-05-01T01:20:45 is 3713 days after RFC 5155's publication on 2008-03-01, so the timestamp is valid. Score 0.0 (none): no required indicator matched, so there is nothing to score."
sig_0003,RFC 6605,Elliptic Curve Digital Signature Algorithm (DSA) for DNSSEC,no_match,0.0,none,true,2018-05-01T01:20:45,2012-04-01T00:00:00,kax.nu.,nu,,rfc6605_ecdsa_algorithm; rfc6605_ecdsa_on_key_or_signature,,,0.0,1.25,0.0,0.0,3.0,0.0,0.0,0.0,0.0,trace_sig_0003_rfc6605,"RFC 6605 does not explain signal sig_0003: the required indicator rfc6605_ecdsa_algorithm failed because algorithm=8 is not in [13, 14]. The observation on 2018-05-01T01:20:45 is 2221 days after RFC 6605's publication on 2012-04-01, so the timestamp is valid. Score 0.0 (none): no required indicator matched, so there is nothing to score."
sig_0003,RFC 7344,Automating DNSSEC Delegation Trust Maintenance,no_match,0.0,none,true,2018-05-01T01:20:45,2014-09-01T00:00:00,kax.nu.,nu,,rfc7344_cds_cdnskey_present; rfc7344_cds_publishes_digest,,,0.0,1.25,0.0,0.0,3.0,0.0,0.0,0.0,0.0,trace_sig_0003_rfc7344,"RFC 7344 does not explain signal sig_0003: the required indicator rfc7344_cds_cdnskey_present failed because rr_type=DS is not in [CDS, CDNSKEY]. The observation on 2018-05-01T01:20:45 is 1338 days after RFC 7344's publication on 2014-09-01, so the timestamp is valid. Score 0.0 (none): no required indicator matched, so there is nothing to score."
sig_0003,RFC 8078,Managing DS Records from the Parent via CDS/CDNSKEY,no_match,0.0,none,true,2018-05-01T01:20:45,2017-03-01T00:00:00,kax.nu.,nu,,rfc8078_cds_cdnskey_algorithm_zero; rfc8078_delete_signal_digest_zero,,,0.0,1.5,0.0,0.0,3.0,0.0,0.0,0.0,0.0,trace_sig_0003_rfc8078,"RFC 8078 does not explain signal sig_0003: the required indicator rfc8078_cds_cdnskey_algorithm_zero failed because rr_type=DS is not in [CDS, CDNSKEY]. The observation on 2018-05-01T01:20:45 is 426 days after RFC 8078's publication on 2017-03-01, so the timestamp is valid. Score 0.0 (none): no required indicator matched, so there is nothing to score."
sig_0003,RFC 8080,Edwards-Curve Digital Security Algorithm (EdDSA) for DNSSEC,no_match,0.0,none,true,2018-05-01T01:20:45,2017-02-01T00:00:00,kax.nu.,nu,,rfc8080_eddsa_algorithm; rfc8080_eddsa_on_key_or_signature,,,0.0,1.5,0.0,0.0,3.0,0.0,0.0,0.0,0.0,trace_sig_0003_rfc8080,"RFC 8080 does not explain signal sig_0003: the required indicator rfc8080_eddsa_algorithm failed because algorithm=8 is not in [15, 16]. The observation on 2018-05-01T01:20:45 is 454 days after RFC 8080's publication on 2017-02-01, so the timestamp is valid. Score 0.0 (none): no required indicator matched, so there is nothing to score."
sig_0003,RFC 8624,Algorithm Implementation Requirements and Usage Guidance for DNSSEC,partial_match,0.0,none,false,2018-05-01T01:20:45,2019-06-01T00:00:00,kax.nu.,nu,rfc8624_avoids_deprecated_algorithm,rfc8624_recommended_signing_algorithm,algorithm,rr_type; validator_algorithm_support,0.0,0.75,0.0,1.5,3.0,0.0,2.0,0.0,0.0,trace_sig_0003_rfc8624,"RFC 8624 partially matches signal sig_0003: the optional indicator rfc8624_avoids_deprecated_algorithm passed because algorithm is present (observed 8) and algorithm=8 differs from 1 as required. The required indicator rfc8624_recommended_signing_algorithm was not satisfied: algorithm=8 is not in [13, 15]. The observation on 2018-05-01T01:20:45 predates RFC 8624's publication on 2019-06-01 by 396 days. An observation cannot evidence adoption of an RFC that did not yet exist, so the score is forfeited. Score 0.0 (none): the penalties leave a raw total of -3.5, which is clamped to 0 before the 0.75 low specificity multiplier."
sig_0004,RFC 6605,Elliptic Curve Digital Signature Algorithm (DSA) for DNSSEC,valid_match,13.125,very_high,true,2018-05-01T01:25:38,2012-04-01T00:00:00,brolaugh.nu.,nu,rfc6605_ecdsa_algorithm; rfc6605_ecdsa_on_key_or_signature,,algorithm; rr_type,,9.0,1.25,0.0,1.5,0.0,0.0,0.0,0.0,13.125,trace_sig_0004_rfc6605,"RFC 6605 matched signal sig_0004: the required indicator rfc6605_ecdsa_algorithm passed because algorithm=13 is in [13, 14]. Corroborating indicators also matched: rfc6605_ecdsa_on_key_or_signature. The observation on 2018-05-01T01:25:38 is 2221 days after RFC 6605's publication on 2012-04-01, so the timestamp is valid. Score 13.125 (very_high) = (9.0 required + 1.5 optional) x 1.25 high specificity."
sig_0004,RFC 7344,Automating DNSSEC Delegation Trust Maintenance,valid_match,11.25,high,true,2018-05-01T01:25:38,2014-09-01T00:00:00,brolaugh.nu.,nu,rfc7344_cds_cdnskey_present,rfc7344_cds_publishes_digest,rr_type,digest_type,9.0,1.25,0.0,0.0,0.0,0.0,0.0,0.0,11.25,trace_sig_0004_rfc7344,"RFC 7344 matched signal sig_0004: the required indicator rfc7344_cds_cdnskey_present passed because rr_type=CDNSKEY is in [CDS, CDNSKEY]. Indicator rfc7344_cds_publishes_digest did not match: rr_type=CDNSKEY does not equal the expected value CDS. The observation on 2018-05-01T01:25:38 is 1338 days after RFC 7344's publication on 2014-09-01, so the timestamp is valid. Score 11.25 (high) = (9.0 required) x 1.25 high specificity."
sig_0004,RFC 4033,DNS Security Introduction and Requirements (DNSSEC base: RFC 4033/4034/4035),partial_match,0.0,none,true,2018-05-01T01:25:38,2005-03-01T00:00:00,brolaugh.nu.,nu,rfc4033_dnssec_algorithm_present,rfc4033_base_dnssec_record_present; rfc4033_dnssec_ok_negotiated,algorithm,dnssec_ok_flag,0.0,0.75,0.0,1.0,3.0,0.0,0.0,0.0,0.0,trace_sig_0004_rfc4033,"RFC 4033 partially matches signal sig_0004: the optional indicator rfc4033_dnssec_algorithm_present passed because algorithm is present (observed 13). The required indicator rfc4033_base_dnssec_record_present was not satisfied: rr_type=CDNSKEY is not in [DNSKEY, DS, RRSIG, NSEC]. The observation on 2018-05-01T01:25:38 is 4809 days after RFC 4033's publication on 2005-03-01, so the timestamp is valid. Score 0.0 (none): the penalties leave a raw total of -2.0, which is clamped to 0 before the 0.75 low specificity multiplier."
sig_0004,RFC 4509,Use of SHA-256 in DNSSEC Delegation Signer (DS) Resource Records,no_match,0.0,none,true,2018-05-01T01:25:38,2006-05-01T00:00:00,brolaugh.nu.,nu,,rfc4509_ds_sha256_digest,,digest_type,0.0,1.25,0.0,0.0,3.0,0.0,0.0,0.0,0.0,trace_sig_0004_rfc4509,"RFC 4509 does not explain signal sig_0004: the required indicator rfc4509_ds_sha256_digest failed because rr_type=CDNSKEY is not in [DS, CDS]. The observation on 2018-05-01T01:25:38 is 4383 days after RFC 4509's publication on 2006-05-01, so the timestamp is valid. Score 0.0 (none): no required indicator matched, so there is nothing to score."
sig_0004,RFC 5155,DNS Security (DNSSEC) Hashed Authenticated Denial of Existence,no_match,0.0,none,true,2018-05-01T01:25:38,2008-03-01T00:00:00,brolaugh.nu.,nu,,rfc5155_nsec3_hash_algorithm; rfc5155_nsec3_record_present,,,0.0,1.5,0.0,0.0,3.0,0.0,0.0,0.0,0.0,trace_sig_0004_rfc5155,"RFC 5155 does not explain signal sig_0004: the required indicator rfc5155_nsec3_record_present failed because rr_type=CDNSKEY is not in [NSEC3, NSEC3PARAM]. The observation on 2018-05-01T01:25:38 is 3713 days after RFC 5155's publication on 2008-03-01, so the timestamp is valid. Score 0.0 (none): no required indicator matched, so there is nothing to score."
sig_0004,RFC 8078,Managing DS Records from the Parent via CDS/CDNSKEY,no_match,0.0,none,true,2018-05-01T01:25:38,2017-03-01T00:00:00,brolaugh.nu.,nu,,rfc8078_cds_cdnskey_algorithm_zero; rfc8078_delete_signal_digest_zero,,digest_type,0.0,1.5,0.0,0.0,3.0,0.0,0.0,0.0,0.0,trace_sig_0004_rfc8078,"RFC 8078 does not explain signal sig_0004: the required indicator rfc8078_cds_cdnskey_algorithm_zero failed because algorithm=13 does not equal the expected value 0. The observation on 2018-05-01T01:25:38 is 426 days after RFC 8078's publication on 2017-03-01, so the timestamp is valid. Score 0.0 (none): no required indicator matched, so there is nothing to score."
sig_0004,RFC 8080,Edwards-Curve Digital Security Algorithm (EdDSA) for DNSSEC,no_match,0.0,none,true,2018-05-01T01:25:38,2017-02-01T00:00:00,brolaugh.nu.,nu,,rfc8080_eddsa_algorithm; rfc8080_eddsa_on_key_or_signature,,,0.0,1.5,0.0,0.0,3.0,0.0,0.0,0.0,0.0,trace_sig_0004_rfc8080,"RFC 8080 does not explain signal sig_0004: the required indicator rfc8080_eddsa_algorithm failed because algorithm=13 is not in [15, 16]. The observation on 2018-05-01T01:25:38 is 454 days after RFC 8080's publication on 2017-02-01, so the timestamp is valid. Score 0.0 (none): no required indicator matched, so there is nothing to score."
sig_0004,RFC 8624,Algorithm Implementation Requirements and Usage Guidance for DNSSEC,timestamp_invalid,0.0,none,false,2018-05-01T01:25:38,2019-06-01T00:00:00,brolaugh.nu.,nu,rfc8624_avoids_deprecated_algorithm; rfc8624_recommended_signing_algorithm,,algorithm,rr_type; validator_algorithm_support,5.0,0.75,0.0,1.5,0.0,0.0,2.0,3.375,0.0,trace_sig_0004_rfc8624,"RFC 8624 cannot explain signal sig_0004: although algorithm=13 satisfy the required indicator rfc8624_recommended_signing_algorithm, the observation on 2018-05-01T01:25:38 predates RFC 8624's publication on 2019-06-01 by 396 days. An observation cannot evidence adoption of an RFC that did not yet exist, so the score of 3.375 is forfeited and this is routed to the review queue. The withheld score derives from (5.0 required + 1.5 optional - 2.0 ambiguity penalty) x 0.75 low specificity."
sig_0005,RFC 5155,DNS Security (DNSSEC) Hashed Authenticated Denial of Existence,valid_match,17.25,very_high,true,2018-05-01T01:51:02,2008-03-01T00:00:00,123-nonexistant-dnsjedi-456.derooij.nu.,nu,rfc5155_nsec3_hash_algorithm; rfc5155_nsec3_record_present,,algorithm; rr_type,,10.0,1.5,0.0,1.5,0.0,0.0,0.0,0.0,17.25,trace_sig_0005_rfc5155,"RFC 5155 matched signal sig_0005: the required indicator rfc5155_nsec3_record_present passed because rr_type=NSEC3 is in [NSEC3, NSEC3PARAM]. Corroborating indicators also matched: rfc5155_nsec3_hash_algorithm. The observation on 2018-05-01T01:51:02 is 3713 days after RFC 5155's publication on 2008-03-01, so the timestamp is valid. Score 17.25 (very_high) = (10.0 required + 1.5 optional) x 1.5 very_high specificity."
sig_0005,RFC 4033,DNS Security Introduction and Requirements (DNSSEC base: RFC 4033/4034/4035),partial_match,0.0,none,true,2018-05-01T01:51:02,2005-03-01T00:00:00,123-nonexistant-dnsjedi-456.derooij.nu.,nu,rfc4033_dnssec_algorithm_present,rfc4033_base_dnssec_record_present; rfc4033_dnssec_ok_negotiated,algorithm,dnssec_ok_flag,0.0,0.75,0.0,1.0,3.0,0.0,0.0,0.0,0.0,trace_sig_0005_rfc4033,"RFC 4033 partially matches signal sig_0005: the optional indicator rfc4033_dnssec_algorithm_present passed because algorithm is present (observed 1). The required indicator rfc4033_base_dnssec_record_present was not satisfied: rr_type=NSEC3 is not in [DNSKEY, DS, RRSIG, NSEC]. The observation on 2018-05-01T01:51:02 is 4809 days after RFC 4033's publication on 2005-03-01, so the timestamp is valid. Score 0.0 (none): the penalties leave a raw total of -2.0, which is clamped to 0 before the 0.75 low specificity multiplier."
sig_0005,RFC 4509,Use of SHA-256 in DNSSEC Delegation Signer (DS) Resource Records,no_match,0.0,none,true,2018-05-01T01:51:02,2006-05-01T00:00:00,123-nonexistant-dnsjedi-456.derooij.nu.,nu,,rfc4509_ds_sha256_digest,,digest_type,0.0,1.25,0.0,0.0,3.0,0.0,0.0,0.0,0.0,trace_sig_0005_rfc4509,"RFC 4509 does not explain signal sig_0005: the required indicator rfc4509_ds_sha256_digest failed because rr_type=NSEC3 is not in [DS, CDS]. The observation on 2018-05-01T01:51:02 is 4383 days after RFC 4509's publication on 2006-05-01, so the timestamp is valid. Score 0.0 (none): no required indicator matched, so there is nothing to score."
sig_0005,RFC 6605,Elliptic Curve Digital Signature Algorithm (DSA) for DNSSEC,no_match,0.0,none,true,2018-05-01T01:51:02,2012-04-01T00:00:00,123-nonexistant-dnsjedi-456.derooij.nu.,nu,,rfc6605_ecdsa_algorithm; rfc6605_ecdsa_on_key_or_signature,,,0.0,1.25,0.0,0.0,3.0,0.0,0.0,0.0,0.0,trace_sig_0005_rfc6605,"RFC 6605 does not explain signal sig_0005: the required indicator rfc6605_ecdsa_algorithm failed because algorithm=1 is not in [13, 14]. The observation on 2018-05-01T01:51:02 is 2221 days after RFC 6605's publication on 2012-04-01, so the timestamp is valid. Score 0.0 (none): no required indicator matched, so there is nothing to score."
sig_0005,RFC 7344,Automating DNSSEC Delegation Trust Maintenance,no_match,0.0,none,true,2018-05-01T01:51:02,2014-09-01T00:00:00,123-nonexistant-dnsjedi-456.derooij.nu.,nu,,rfc7344_cds_cdnskey_present; rfc7344_cds_publishes_digest,,digest_type,0.0,1.25,0.0,0.0,3.0,0.0,0.0,0.0,0.0,trace_sig_0005_rfc7344,"RFC 7344 does not explain signal sig_0005: the required indicator rfc7344_cds_cdnskey_present failed because rr_type=NSEC3 is not in [CDS, CDNSKEY]. The observation on 2018-05-01T01:51:02 is 1338 days after RFC 7344's publication on 2014-09-01, so the timestamp is valid. Score 0.0 (none): no required indicator matched, so there is nothing to score."
sig_0005,RFC 8078,Managing DS Records from the Parent via CDS/CDNSKEY,no_match,0.0,none,true,2018-05-01T01:51:02,2017-03-01T00:00:00,123-nonexistant-dnsjedi-456.derooij.nu.,nu,,rfc8078_cds_cdnskey_algorithm_zero; rfc8078_delete_signal_digest_zero,,digest_type,0.0,1.5,0.0,0.0,3.0,0.0,0.0,0.0,0.0,trace_sig_0005_rfc8078,"RFC 8078 does not explain signal sig_0005: the required indicator rfc8078_cds_cdnskey_algorithm_zero failed because rr_type=NSEC3 is not in [CDS, CDNSKEY]. The observation on 2018-05-01T01:51:02 is 426 days after RFC 8078's publication on 2017-03-01, so the timestamp is valid. Score 0.0 (none): no required indicator matched, so there is nothing to score."
sig_0005,RFC 8080,Edwards-Curve Digital Security Algorithm (EdDSA) for DNSSEC,no_match,0.0,none,true,2018-05-01T01:51:02,2017-02-01T00:00:00,123-nonexistant-dnsjedi-456.derooij.nu.,nu,,rfc8080_eddsa_algorithm; rfc8080_eddsa_on_key_or_signature,,,0.0,1.5,0.0,0.0,3.0,0.0,0.0,0.0,0.0,trace_sig_0005_rfc8080,"RFC 8080 does not explain signal sig_0005: the required indicator rfc8080_eddsa_algorithm failed because algorithm=1 is not in [15, 16]. The observation on 2018-05-01T01:51:02 is 454 days after RFC 8080's publication on 2017-02-01, so the timestamp is valid. Score 0.0 (none): no required indicator matched, so there is nothing to score."
sig_0005,RFC 8624,Algorithm Implementation Requirements and Usage Guidance for DNSSEC,no_match,0.0,none,false,2018-05-01T01:51:02,2019-06-01T00:00:00,123-nonexistant-dnsjedi-456.derooij.nu.,nu,,rfc8624_avoids_deprecated_algorithm; rfc8624_recommended_signing_algorithm,,rr_type; validator_algorithm_support,0.0,0.75,0.0,0.0,3.0,0.0,0.0,0.0,0.0,trace_sig_0005_rfc8624,"RFC 8624 does not explain signal sig_0005: the required indicator rfc8624_recommended_signing_algorithm failed because algorithm=1 is not in [13, 15]. Indicator(s) rfc8624_validator_algorithm_support were not tested at all (not exported by the corpus), so this rejection rests only on the indicators that could be evaluated. The observation on 2018-05-01T01:51:02 predates RFC 8624's publication on 2019-06-01 by 396 days. An observation cannot evidence adoption of an RFC that did not yet exist, so the score is forfeited. Score 0.0 (none): no required indicator matched, so there is nothing to score."
sig_0006,RFC 5155,DNS Security (DNSSEC) Hashed Authenticated Denial of Existence,valid_match,17.25,very_high,true,2018-05-01T02:12:41,2008-03-01T00:00:00,123-nonexistant-dnsjedi-456.zopuur.nu.,nu,rfc5155_nsec3_hash_algorithm; rfc5155_nsec3_record_present,,algorithm; rr_type,,10.0,1.5,0.0,1.5,0.0,0.0,0.0,0.0,17.25,trace_sig_0006_rfc5155,"RFC 5155 matched signal sig_0006: the required indicator rfc5155_nsec3_record_present passed because rr_type=NSEC3 is in [NSEC3, NSEC3PARAM]. Corroborating indicators also matched: rfc5155_nsec3_hash_algorithm. The observation on 2018-05-01T02:12:41 is 3713 days after RFC 5155's publication on 2008-03-01, so the timestamp is valid. Score 17.25 (very_high) = (10.0 required + 1.5 optional) x 1.5 very_high specificity."
sig_0006,RFC 4033,DNS Security Introduction and Requirements (DNSSEC base: RFC 4033/4034/4035),partial_match,0.0,none,true,2018-05-01T02:12:41,2005-03-01T00:00:00,123-nonexistant-dnsjedi-456.zopuur.nu.,nu,rfc4033_dnssec_algorithm_present,rfc4033_base_dnssec_record_present; rfc4033_dnssec_ok_negotiated,algorithm,dnssec_ok_flag,0.0,0.75,0.0,1.0,3.0,0.0,0.0,0.0,0.0,trace_sig_0006_rfc4033,"RFC 4033 partially matches signal sig_0006: the optional indicator rfc4033_dnssec_algorithm_present passed because algorithm is present (observed 1). The required indicator rfc4033_base_dnssec_record_present was not satisfied: rr_type=NSEC3 is not in [DNSKEY, DS, RRSIG, NSEC]. The observation on 2018-05-01T02:12:41 is 4809 days after RFC 4033's publication on 2005-03-01, so the timestamp is valid. Score 0.0 (none): the penalties leave a raw total of -2.0, which is clamped to 0 before the 0.75 low specificity multiplier."
sig_0006,RFC 4509,Use of SHA-256 in DNSSEC Delegation Signer (DS) Resource Records,no_match,0.0,none,true,2018-05-01T02:12:41,2006-05-01T00:00:00,123-nonexistant-dnsjedi-456.zopuur.nu.,nu,,rfc4509_ds_sha256_digest,,digest_type,0.0,1.25,0.0,0.0,3.0,0.0,0.0,0.0,0.0,trace_sig_0006_rfc4509,"RFC 4509 does not explain signal sig_0006: the required indicator rfc4509_ds_sha256_digest failed because rr_type=NSEC3 is not in [DS, CDS]. The observation on 2018-05-01T02:12:41 is 4383 days after RFC 4509's publication on 2006-05-01, so the timestamp is valid. Score 0.0 (none): no required indicator matched, so there is nothing to score."
sig_0006,RFC 6605,Elliptic Curve Digital Signature Algorithm (DSA) for DNSSEC,no_match,0.0,none,true,2018-05-01T02:12:41,2012-04-01T00:00:00,123-nonexistant-dnsjedi-456.zopuur.nu.,nu,,rfc6605_ecdsa_algorithm; rfc6605_ecdsa_on_key_or_signature,,,0.0,1.25,0.0,0.0,3.0,0.0,0.0,0.0,0.0,trace_sig_0006_rfc6605,"RFC 6605 does not explain signal sig_0006: the required indicator rfc6605_ecdsa_algorithm failed because algorithm=1 is not in [13, 14]. The observation on 2018-05-01T02:12:41 is 2221 days after RFC 6605's publication on 2012-04-01, so the timestamp is valid. Score 0.0 (none): no required indicator matched, so there is nothing to score."
sig_0006,RFC 7344,Automating DNSSEC Delegation Trust Maintenance,no_match,0.0,none,true,2018-05-01T02:12:41,2014-09-01T00:00:00,123-nonexistant-dnsjedi-456.zopuur.nu.,nu,,rfc7344_cds_cdnskey_present; rfc7344_cds_publishes_digest,,digest_type,0.0,1.25,0.0,0.0,3.0,0.0,0.0,0.0,0.0,trace_sig_0006_rfc7344,"RFC 7344 does not explain signal sig_0006: the required indicator rfc7344_cds_cdnskey_present failed because rr_type=NSEC3 is not in [CDS, CDNSKEY]. The observation on 2018-05-01T02:12:41 is 1338 days after RFC 7344's publication on 2014-09-01, so the timestamp is valid. Score 0.0 (none): no required indicator matched, so there is nothing to score."
sig_0006,RFC 8078,Managing DS Records from the Parent via CDS/CDNSKEY,no_match,0.0,none,true,2018-05-01T02:12:41,2017-03-01T00:00:00,123-nonexistant-dnsjedi-456.zopuur.nu.,nu,,rfc8078_cds_cdnskey_algorithm_zero; rfc8078_delete_signal_digest_zero,,digest_type,0.0,1.5,0.0,0.0,3.0,0.0,0.0,0.0,0.0,trace_sig_0006_rfc8078,"RFC 8078 does not explain signal sig_0006: the required indicator rfc8078_cds_cdnskey_algorithm_zero failed because rr_type=NSEC3 is not in [CDS, CDNSKEY]. The observation on 2018-05-01T02:12:41 is 426 days after RFC 8078's publication on 2017-03-01, so the timestamp is valid. Score 0.0 (none): no required indicator matched, so there is nothing to score."
sig_0006,RFC 8080,Edwards-Curve Digital Security Algorithm (EdDSA) for DNSSEC,no_match,0.0,none,true,2018-05-01T02:12:41,2017-02-01T00:00:00,123-nonexistant-dnsjedi-456.zopuur.nu.,nu,,rfc8080_eddsa_algorithm; rfc8080_eddsa_on_key_or_signature,,,0.0,1.5,0.0,0.0,3.0,0.0,0.0,0.0,0.0,trace_sig_0006_rfc8080,"RFC 8080 does not explain signal sig_0006: the required indicator rfc8080_eddsa_algorithm failed because algorithm=1 is not in [15, 16]. The observation on 2018-05-01T02:12:41 is 454 days after RFC 8080's publication on 2017-02-01, so the timestamp is valid. Score 0.0 (none): no required indicator matched, so there is nothing to score."
sig_0006,RFC 8624,Algorithm Implementation Requirements and Usage Guidance for DNSSEC,no_match,0.0,none,false,2018-05-01T02:12:41,2019-06-01T00:00:00,123-nonexistant-dnsjedi-456.zopuur.nu.,nu,,rfc8624_avoids_deprecated_algorithm; rfc8624_recommended_signing_algorithm,,rr_type; validator_algorithm_support,0.0,0.75,0.0,0.0,3.0,0.0,0.0,0.0,0.0,trace_sig_0006_rfc8624,"RFC 8624 does not explain signal sig_0006: the required indicator rfc8624_recommended_signing_algorithm failed because algorithm=1 is not in [13, 15]. Indicator(s) rfc8624_validator_algorithm_support were not tested at all (not exported by the corpus), so this rejection rests only on the indicators that could be evaluated. The observation on 2018-05-01T02:12:41 predates RFC 8624's publication on 2019-06-01 by 396 days. An observation cannot evidence adoption of an RFC that did not yet exist, so the score is forfeited. Score 0.0 (none): no required indicator matched, so there is nothing to score."
sig_0007,RFC 6605,Elliptic Curve Digital Signature Algorithm (DSA) for DNSSEC,valid_match,13.125,very_high,true,2018-05-01T02:22:08,2012-04-01T00:00:00,kx.nu.,nu,rfc6605_ecdsa_algorithm; rfc6605_ecdsa_on_key_or_signature,,algorithm; rr_type,,9.0,1.25,0.0,1.5,0.0,0.0,0.0,0.0,13.125,trace_sig_0007_rfc6605,"RFC 6605 matched signal sig_0007: the required indicator rfc6605_ecdsa_algorithm passed because algorithm=13 is in [13, 14]. Corroborating indicators also matched: rfc6605_ecdsa_on_key_or_signature. The observation on 2018-05-01T02:22:08 is 2221 days after RFC 6605's publication on 2012-04-01, so the timestamp is valid. Score 13.125 (very_high) = (9.0 required + 1.5 optional) x 1.25 high specificity."
sig_0007,RFC 7344,Automating DNSSEC Delegation Trust Maintenance,valid_match,13.125,very_high,true,2018-05-01T02:22:08,2014-09-01T00:00:00,kx.nu.,nu,rfc7344_cds_cdnskey_present; rfc7344_cds_publishes_digest,,digest_type; rr_type,,9.0,1.25,0.0,1.5,0.0,0.0,0.0,0.0,13.125,trace_sig_0007_rfc7344,"RFC 7344 matched signal sig_0007: the required indicator rfc7344_cds_cdnskey_present passed because rr_type=CDS is in [CDS, CDNSKEY]. Corroborating indicators also matched: rfc7344_cds_publishes_digest. The observation on 2018-05-01T02:22:08 is 1338 days after RFC 7344's publication on 2014-09-01, so the timestamp is valid. Score 13.125 (very_high) = (9.0 required + 1.5 optional) x 1.25 high specificity."
sig_0007,RFC 4509,Use of SHA-256 in DNSSEC Delegation Signer (DS) Resource Records,valid_match,11.25,high,true,2018-05-01T02:22:08,2006-05-01T00:00:00,kx.nu.,nu,rfc4509_ds_sha256_digest,,digest_type; rr_type,,9.0,1.25,0.0,0.0,0.0,0.0,0.0,0.0,11.25,trace_sig_0007_rfc4509,"RFC 4509 matched signal sig_0007: the required indicator rfc4509_ds_sha256_digest passed because rr_type=CDS is in [DS, CDS] and digest_type=2 equals the expected value 2. The observation on 2018-05-01T02:22:08 is 4383 days after RFC 4509's publication on 2006-05-01, so the timestamp is valid. Score 11.25 (high) = (9.0 required) x 1.25 high specificity."
sig_0007,RFC 4033,DNS Security Introduction and Requirements (DNSSEC base: RFC 4033/4034/4035),partial_match,0.0,none,true,2018-05-01T02:22:08,2005-03-01T00:00:00,kx.nu.,nu,rfc4033_dnssec_algorithm_present,rfc4033_base_dnssec_record_present; rfc4033_dnssec_ok_negotiated,algorithm,dnssec_ok_flag,0.0,0.75,0.0,1.0,3.0,0.0,0.0,0.0,0.0,trace_sig_0007_rfc4033,"RFC 4033 partially matches signal sig_0007: the optional indicator rfc4033_dnssec_algorithm_present passed because algorithm is present (observed 13). The required indicator rfc4033_base_dnssec_record_present was not satisfied: rr_type=CDS is not in [DNSKEY, DS, RRSIG, NSEC]. The observation on 2018-05-01T02:22:08 is 4809 days after RFC 4033's publication on 2005-03-01, so the timestamp is valid. Score 0.0 (none): the penalties leave a raw total of -2.0, which is clamped to 0 before the 0.75 low specificity multiplier."
sig_0007,RFC 5155,DNS Security (DNSSEC) Hashed Authenticated Denial of Existence,no_match,0.0,none,true,2018-05-01T02:22:08,2008-03-01T00:00:00,kx.nu.,nu,,rfc5155_nsec3_hash_algorithm; rfc5155_nsec3_record_present,,,0.0,1.5,0.0,0.0,3.0,0.0,0.0,0.0,0.0,trace_sig_0007_rfc5155,"RFC 5155 does not explain signal sig_0007: the required indicator rfc5155_nsec3_record_present failed because rr_type=CDS is not in [NSEC3, NSEC3PARAM]. The observation on 2018-05-01T02:22:08 is 3713 days after RFC 5155's publication on 2008-03-01, so the timestamp is valid. Score 0.0 (none): no required indicator matched, so there is nothing to score."
sig_0007,RFC 8078,Managing DS Records from the Parent via CDS/CDNSKEY,no_match,0.0,none,true,2018-05-01T02:22:08,2017-03-01T00:00:00,kx.nu.,nu,,rfc8078_cds_cdnskey_algorithm_zero; rfc8078_delete_signal_digest_zero,,,0.0,1.5,0.0,0.0,3.0,0.0,0.0,0.0,0.0,trace_sig_0007_rfc8078,"RFC 8078 does not explain signal sig_0007: the required indicator rfc8078_cds_cdnskey_algorithm_zero failed because algorithm=13 does not equal the expected value 0. The observation on 2018-05-01T02:22:08 is 426 days after RFC 8078's publication on 2017-03-01, so the timestamp is valid. Score 0.0 (none): no required indicator matched, so there is nothing to score."
sig_0007,RFC 8080,Edwards-Curve Digital Security Algorithm (EdDSA) for DNSSEC,no_match,0.0,none,true,2018-05-01T02:22:08,2017-02-01T00:00:00,kx.nu.,nu,,rfc8080_eddsa_algorithm; rfc8080_eddsa_on_key_or_signature,,,0.0,1.5,0.0,0.0,3.0,0.0,0.0,0.0,0.0,trace_sig_0007_rfc8080,"RFC 8080 does not explain signal sig_0007: the required indicator rfc8080_eddsa_algorithm failed because algorithm=13 is not in [15, 16]. The observation on 2018-05-01T02:22:08 is 454 days after RFC 8080's publication on 2017-02-01, so the timestamp is valid. Score 0.0 (none): no required indicator matched, so there is nothing to score."
sig_0007,RFC 8624,Algorithm Implementation Requirements and Usage Guidance for DNSSEC,timestamp_invalid,0.0,none,false,2018-05-01T02:22:08,2019-06-01T00:00:00,kx.nu.,nu,rfc8624_avoids_deprecated_algorithm; rfc8624_recommended_signing_algorithm,,algorithm,rr_type; validator_algorithm_support,5.0,0.75,0.0,1.5,0.0,0.0,2.0,3.375,0.0,trace_sig_0007_rfc8624,"RFC 8624 cannot explain signal sig_0007: although algorithm=13 satisfy the required indicator rfc8624_recommended_signing_algorithm, the observation on 2018-05-01T02:22:08 predates RFC 8624's publication on 2019-06-01 by 396 days. An observation cannot evidence adoption of an RFC that did not yet exist, so the score of 3.375 is forfeited and this is routed to the review queue. The withheld score derives from (5.0 required + 1.5 optional - 2.0 ambiguity penalty) x 0.75 low specificity."
sig_0008,RFC 6605,Elliptic Curve Digital Signature Algorithm (DSA) for DNSSEC,valid_match,13.125,very_high,true,2018-05-01T02:56:21,2012-04-01T00:00:00,parkbuurt.nu.,nu,rfc6605_ecdsa_algorithm; rfc6605_ecdsa_on_key_or_signature,,algorithm; rr_type,,9.0,1.25,0.0,1.5,0.0,0.0,0.0,0.0,13.125,trace_sig_0008_rfc6605,"RFC 6605 matched signal sig_0008: the required indicator rfc6605_ecdsa_algorithm passed because algorithm=13 is in [13, 14]. Corroborating indicators also matched: rfc6605_ecdsa_on_key_or_signature. The observation on 2018-05-01T02:56:21 is 2221 days after RFC 6605's publication on 2012-04-01, so the timestamp is valid. Score 13.125 (very_high) = (9.0 required + 1.5 optional) x 1.25 high specificity."
sig_0008,RFC 4033,DNS Security Introduction and Requirements (DNSSEC base: RFC 4033/4034/4035),valid_match,3.75,low,true,2018-05-01T02:56:21,2005-03-01T00:00:00,parkbuurt.nu.,nu,rfc4033_base_dnssec_record_present; rfc4033_dnssec_algorithm_present,rfc4033_dnssec_ok_negotiated,algorithm; rr_type,dnssec_ok_flag,4.0,0.75,0.0,1.0,0.0,0.0,0.0,0.0,3.75,trace_sig_0008_rfc4033,"RFC 4033 matched signal sig_0008: the required indicator rfc4033_base_dnssec_record_present passed because rr_type=RRSIG is in [DNSKEY, DS, RRSIG, NSEC]. Corroborating indicators also matched: rfc4033_dnssec_algorithm_present. Indicator rfc4033_dnssec_ok_negotiated did not match: field 'dnssec_ok_flag' is absent from this observation, so the condition 'dnssec_ok_flag must equal true' could not be satisfied (absence is not evidence). The observation on 2018-05-01T02:56:21 is 4809 days after RFC 4033's publication on 2005-03-01, so the timestamp is valid. Score 3.75 (low) = (4.0 required + 1.0 optional) x 0.75 low specificity."
sig_0008,RFC 4509,Use of SHA-256 in DNSSEC Delegation Signer (DS) Resource Records,no_match,0.0,none,true,2018-05-01T02:56:21,2006-05-01T00:00:00,parkbuurt.nu.,nu,,rfc4509_ds_sha256_digest,,digest_type,0.0,1.25,0.0,0.0,3.0,0.0,0.0,0.0,0.0,trace_sig_0008_rfc4509,"RFC 4509 does not explain signal sig_0008: the required indicator rfc4509_ds_sha256_digest failed because rr_type=RRSIG is not in [DS, CDS]. The observation on 2018-05-01T02:56:21 is 4383 days after RFC 4509's publication on 2006-05-01, so the timestamp is valid. Score 0.0 (none): no required indicator matched, so there is nothing to score."
sig_0008,RFC 5155,DNS Security (DNSSEC) Hashed Authenticated Denial of Existence,no_match,0.0,none,true,2018-05-01T02:56:21,2008-03-01T00:00:00,parkbuurt.nu.,nu,,rfc5155_nsec3_hash_algorithm; rfc5155_nsec3_record_present,,,0.0,1.5,0.0,0.0,3.0,0.0,0.0,0.0,0.0,trace_sig_0008_rfc5155,"RFC 5155 does not explain signal sig_0008: the required indicator rfc5155_nsec3_record_present failed because rr_type=RRSIG is not in [NSEC3, NSEC3PARAM]. The observation on 2018-05-01T02:56:21 is 3713 days after RFC 5155's publication on 2008-03-01, so the timestamp is valid. Score 0.0 (none): no required indicator matched, so there is nothing to score."
sig_0008,RFC 7344,Automating DNSSEC Delegation Trust Maintenance,no_match,0.0,none,true,2018-05-01T02:56:21,2014-09-01T00:00:00,parkbuurt.nu.,nu,,rfc7344_cds_cdnskey_present; rfc7344_cds_publishes_digest,,digest_type,0.0,1.25,0.0,0.0,3.0,0.0,0.0,0.0,0.0,trace_sig_0008_rfc7344,"RFC 7344 does not explain signal sig_0008: the required indicator rfc7344_cds_cdnskey_present failed because rr_type=RRSIG is not in [CDS, CDNSKEY]. The observation on 2018-05-01T02:56:21 is 1338 days after RFC 7344's publication on 2014-09-01, so the timestamp is valid. Score 0.0 (none): no required indicator matched, so there is nothing to score."
sig_0008,RFC 8078,Managing DS Records from the Parent via CDS/CDNSKEY,no_match,0.0,none,true,2018-05-01T02:56:21,2017-03-01T00:00:00,parkbuurt.nu.,nu,,rfc8078_cds_cdnskey_algorithm_zero; rfc8078_delete_signal_digest_zero,,digest_type,0.0,1.5,0.0,0.0,3.0,0.0,0.0,0.0,0.0,trace_sig_0008_rfc8078,"RFC 8078 does not explain signal sig_0008: the required indicator rfc8078_cds_cdnskey_algorithm_zero failed because rr_type=RRSIG is not in [CDS, CDNSKEY]. The observation on 2018-05-01T02:56:21 is 426 days after RFC 8078's publication on 2017-03-01, so the timestamp is valid. Score 0.0 (none): no required indicator matched, so there is nothing to score."
sig_0008,RFC 8080,Edwards-Curve Digital Security Algorithm (EdDSA) for DNSSEC,no_match,0.0,none,true,2018-05-01T02:56:21,2017-02-01T00:00:00,parkbuurt.nu.,nu,,rfc8080_eddsa_algorithm; rfc8080_eddsa_on_key_or_signature,,,0.0,1.5,0.0,0.0,3.0,0.0,0.0,0.0,0.0,trace_sig_0008_rfc8080,"RFC 8080 does not explain signal sig_0008: the required indicator rfc8080_eddsa_algorithm failed because algorithm=13 is not in [15, 16]. The observation on 2018-05-01T02:56:21 is 454 days after RFC 8080's publication on 2017-02-01, so the timestamp is valid. Score 0.0 (none): no required indicator matched, so there is nothing to score."
sig_0008,RFC 8624,Algorithm Implementation Requirements and Usage Guidance for DNSSEC,timestamp_invalid,0.0,none,false,2018-05-01T02:56:21,2019-06-01T00:00:00,parkbuurt.nu.,nu,rfc8624_avoids_deprecated_algorithm; rfc8624_recommended_signing_algorithm,,algorithm,rr_type; validator_algorithm_support,5.0,0.75,0.0,1.5,0.0,0.0,2.0,3.375,0.0,trace_sig_0008_rfc8624,"RFC 8624 cannot explain signal sig_0008: although algorithm=13 satisfy the required indicator rfc8624_recommended_signing_algorithm, the observation on 2018-05-01T02:56:21 predates RFC 8624's publication on 2019-06-01 by 396 days. An observation cannot evidence adoption of an RFC that did not yet exist, so the score of 3.375 is forfeited and this is routed to the review queue. The withheld score derives from (5.0 required + 1.5 optional - 2.0 ambiguity penalty) x 0.75 low specificity."
sig_0009,RFC 6605,Elliptic Curve Digital Signature Algorithm (DSA) for DNSSEC,valid_match,13.125,very_high,true,2018-05-01T03:11:17,2012-04-01T00:00:00,www.andasdjupt.nu.,nu,rfc6605_ecdsa_algorithm; rfc6605_ecdsa_on_key_or_signature,,algorithm; rr_type,,9.0,1.25,0.0,1.5,0.0,0.0,0.0,0.0,13.125,trace_sig_0009_rfc6605,"RFC 6605 matched signal sig_0009: the required indicator rfc6605_ecdsa_algorithm passed because algorithm=13 is in [13, 14]. Corroborating indicators also matched: rfc6605_ecdsa_on_key_or_signature. The observation on 2018-05-01T03:11:17 is 2221 days after RFC 6605's publication on 2012-04-01, so the timestamp is valid. Score 13.125 (very_high) = (9.0 required + 1.5 optional) x 1.25 high specificity."
sig_0009,RFC 4033,DNS Security Introduction and Requirements (DNSSEC base: RFC 4033/4034/4035),valid_match,3.75,low,true,2018-05-01T03:11:17,2005-03-01T00:00:00,www.andasdjupt.nu.,nu,rfc4033_base_dnssec_record_present; rfc4033_dnssec_algorithm_present,rfc4033_dnssec_ok_negotiated,algorithm; rr_type,dnssec_ok_flag,4.0,0.75,0.0,1.0,0.0,0.0,0.0,0.0,3.75,trace_sig_0009_rfc4033,"RFC 4033 matched signal sig_0009: the required indicator rfc4033_base_dnssec_record_present passed because rr_type=RRSIG is in [DNSKEY, DS, RRSIG, NSEC]. Corroborating indicators also matched: rfc4033_dnssec_algorithm_present. Indicator rfc4033_dnssec_ok_negotiated did not match: field 'dnssec_ok_flag' is absent from this observation, so the condition 'dnssec_ok_flag must equal true' could not be satisfied (absence is not evidence). The observation on 2018-05-01T03:11:17 is 4809 days after RFC 4033's publication on 2005-03-01, so the timestamp is valid. Score 3.75 (low) = (4.0 required + 1.0 optional) x 0.75 low specificity."
sig_0009,RFC 4509,Use of SHA-256 in DNSSEC Delegation Signer (DS) Resource Records,no_match,0.0,none,true,2018-05-01T03:11:17,2006-05-01T00:00:00,www.andasdjupt.nu.,nu,,rfc4509_ds_sha256_digest,,digest_type,0.0,1.25,0.0,0.0,3.0,0.0,0.0,0.0,0.0,trace_sig_0009_rfc4509,"RFC 4509 does not explain signal sig_0009: the required indicator rfc4509_ds_sha256_digest failed because rr_type=RRSIG is not in [DS, CDS]. The observation on 2018-05-01T03:11:17 is 4383 days after RFC 4509's publication on 2006-05-01, so the timestamp is valid. Score 0.0 (none): no required indicator matched, so there is nothing to score."
sig_0009,RFC 5155,DNS Security (DNSSEC) Hashed Authenticated Denial of Existence,no_match,0.0,none,true,2018-05-01T03:11:17,2008-03-01T00:00:00,www.andasdjupt.nu.,nu,,rfc5155_nsec3_hash_algorithm; rfc5155_nsec3_record_present,,,0.0,1.5,0.0,0.0,3.0,0.0,0.0,0.0,0.0,trace_sig_0009_rfc5155,"RFC 5155 does not explain signal sig_0009: the required indicator rfc5155_nsec3_record_present failed because rr_type=RRSIG is not in [NSEC3, NSEC3PARAM]. The observation on 2018-05-01T03:11:17 is 3713 days after RFC 5155's publication on 2008-03-01, so the timestamp is valid. Score 0.0 (none): no required indicator matched, so there is nothing to score."
sig_0009,RFC 7344,Automating DNSSEC Delegation Trust Maintenance,no_match,0.0,none,true,2018-05-01T03:11:17,2014-09-01T00:00:00,www.andasdjupt.nu.,nu,,rfc7344_cds_cdnskey_present; rfc7344_cds_publishes_digest,,digest_type,0.0,1.25,0.0,0.0,3.0,0.0,0.0,0.0,0.0,trace_sig_0009_rfc7344,"RFC 7344 does not explain signal sig_0009: the required indicator rfc7344_cds_cdnskey_present failed because rr_type=RRSIG is not in [CDS, CDNSKEY]. The observation on 2018-05-01T03:11:17 is 1338 days after RFC 7344's publication on 2014-09-01, so the timestamp is valid. Score 0.0 (none): no required indicator matched, so there is nothing to score."
sig_0009,RFC 8078,Managing DS Records from the Parent via CDS/CDNSKEY,no_match,0.0,none,true,2018-05-01T03:11:17,2017-03-01T00:00:00,www.andasdjupt.nu.,nu,,rfc8078_cds_cdnskey_algorithm_zero; rfc8078_delete_signal_digest_zero,,digest_type,0.0,1.5,0.0,0.0,3.0,0.0,0.0,0.0,0.0,trace_sig_0009_rfc8078,"RFC 8078 does not explain signal sig_0009: the required indicator rfc8078_cds_cdnskey_algorithm_zero failed because rr_type=RRSIG is not in [CDS, CDNSKEY]. The observation on 2018-05-01T03:11:17 is 426 days after RFC 8078's publication on 2017-03-01, so the timestamp is valid. Score 0.0 (none): no required indicator matched, so there is nothing to score."
sig_0009,RFC 8080,Edwards-Curve Digital Security Algorithm (EdDSA) for DNSSEC,no_match,0.0,none,true,2018-05-01T03:11:17,2017-02-01T00:00:00,www.andasdjupt.nu.,nu,,rfc8080_eddsa_algorithm; rfc8080_eddsa_on_key_or_signature,,,0.0,1.5,0.0,0.0,3.0,0.0,0.0,0.0,0.0,trace_sig_0009_rfc8080,"RFC 8080 does not explain signal sig_0009: the required indicator rfc8080_eddsa_algorithm failed because algorithm=13 is not in [15, 16]. The observation on 2018-05-01T03:11:17 is 454 days after RFC 8080's publication on 2017-02-01, so the timestamp is valid. Score 0.0 (none): no required indicator matched, so there is nothing to score."
sig_0009,RFC 8624,Algorithm Implementation Requirements and Usage Guidance for DNSSEC,timestamp_invalid,0.0,none,false,2018-05-01T03:11:17,2019-06-01T00:00:00,www.andasdjupt.nu.,nu,rfc8624_avoids_deprecated_algorithm; rfc8624_recommended_signing_algorithm,,algorithm,rr_type; validator_algorithm_support,5.0,0.75,0.0,1.5,0.0,0.0,2.0,3.375,0.0,trace_sig_0009_rfc8624,"RFC 8624 cannot explain signal sig_0009: although algorithm=13 satisfy the required indicator rfc8624_recommended_signing_algorithm, the observation on 2018-05-01T03:11:17 predates RFC 8624's publication on 2019-06-01 by 396 days. An observation cannot evidence adoption of an RFC that did not yet exist, so the score of 3.375 is forfeited and this is routed to the review queue. The withheld score derives from (5.0 required + 1.5 optional - 2.0 ambiguity penalty) x 0.75 low specificity."
sig_0010,RFC 6605,Elliptic Curve Digital Signature Algorithm (DSA) for DNSSEC,valid_match,13.125,very_high,true,2018-05-01T03:39:18,2012-04-01T00:00:00,skreastrand.nu.,nu,rfc6605_ecdsa_algorithm; rfc6605_ecdsa_on_key_or_signature,,algorithm; rr_type,,9.0,1.25,0.0,1.5,0.0,0.0,0.0,0.0,13.125,trace_sig_0010_rfc6605,"RFC 6605 matched signal sig_0010: the required indicator rfc6605_ecdsa_algorithm passed because algorithm=13 is in [13, 14]. Corroborating indicators also matched: rfc6605_ecdsa_on_key_or_signature. The observation on 2018-05-01T03:39:18 is 2221 days after RFC 6605's publication on 2012-04-01, so the timestamp is valid. Score 13.125 (very_high) = (9.0 required + 1.5 optional) x 1.25 high specificity."
sig_0010,RFC 7344,Automating DNSSEC Delegation Trust Maintenance,valid_match,11.25,high,true,2018-05-01T03:39:18,2014-09-01T00:00:00,skreastrand.nu.,nu,rfc7344_cds_cdnskey_present,rfc7344_cds_publishes_digest,rr_type,digest_type,9.0,1.25,0.0,0.0,0.0,0.0,0.0,0.0,11.25,trace_sig_0010_rfc7344,"RFC 7344 matched signal sig_0010: the required indicator rfc7344_cds_cdnskey_present passed because rr_type=CDNSKEY is in [CDS, CDNSKEY]. Indicator rfc7344_cds_publishes_digest did not match: rr_type=CDNSKEY does not equal the expected value CDS. The observation on 2018-05-01T03:39:18 is 1338 days after RFC 7344's publication on 2014-09-01, so the timestamp is valid. Score 11.25 (high) = (9.0 required) x 1.25 high specificity."
sig_0010,RFC 4033,DNS Security Introduction and Requirements (DNSSEC base: RFC 4033/4034/4035),partial_match,0.0,none,true,2018-05-01T03:39:18,2005-03-01T00:00:00,skreastrand.nu.,nu,rfc4033_dnssec_algorithm_present,rfc4033_base_dnssec_record_present; rfc4033_dnssec_ok_negotiated,algorithm,dnssec_ok_flag,0.0,0.75,0.0,1.0,3.0,0.0,0.0,0.0,0.0,trace_sig_0010_rfc4033,"RFC 4033 partially matches signal sig_0010: the optional indicator rfc4033_dnssec_algorithm_present passed because algorithm is present (observed 13). The required indicator rfc4033_base_dnssec_record_present was not satisfied: rr_type=CDNSKEY is not in [DNSKEY, DS, RRSIG, NSEC]. The observation on 2018-05-01T03:39:18 is 4809 days after RFC 4033's publication on 2005-03-01, so the timestamp is valid. Score 0.0 (none): the penalties leave a raw total of -2.0, which is clamped to 0 before the 0.75 low specificity multiplier."
sig_0010,RFC 4509,Use of SHA-256 in DNSSEC Delegation Signer (DS) Resource Records,no_match,0.0,none,true,2018-05-01T03:39:18,2006-05-01T00:00:00,skreastrand.nu.,nu,,rfc4509_ds_sha256_digest,,digest_type,0.0,1.25,0.0,0.0,3.0,0.0,0.0,0.0,0.0,trace_sig_0010_rfc4509,"RFC 4509 does not explain signal sig_0010: the required indicator rfc4509_ds_sha256_digest failed because rr_type=CDNSKEY is not in [DS, CDS]. The observation on 2018-05-01T03:39:18 is 4383 days after RFC 4509's publication on 2006-05-01, so the timestamp is valid. Score 0.0 (none): no required indicator matched, so there is nothing to score."
sig_0010,RFC 5155,DNS Security (DNSSEC) Hashed Authenticated Denial of Existence,no_match,0.0,none,true,2018-05-01T03:39:18,2008-03-01T00:00:00,skreastrand.nu.,nu,,rfc5155_nsec3_hash_algorithm; rfc5155_nsec3_record_present,,,0.0,1.5,0.0,0.0,3.0,0.0,0.0,0.0,0.0,trace_sig_0010_rfc5155,"RFC 5155 does not explain signal sig_0010: the required indicator rfc5155_nsec3_record_present failed because rr_type=CDNSKEY is not in [NSEC3, NSEC3PARAM]. The observation on 2018-05-01T03:39:18 is 3713 days after RFC 5155's publication on 2008-03-01, so the timestamp is valid. Score 0.0 (none): no required indicator matched, so there is nothing to score."
sig_0010,RFC 8078,Managing DS Records from the Parent via CDS/CDNSKEY,no_match,0.0,none,true,2018-05-01T03:39:18,2017-03-01T00:00:00,skreastrand.nu.,nu,,rfc8078_cds_cdnskey_algorithm_zero; rfc8078_delete_signal_digest_zero,,digest_type,0.0,1.5,0.0,0.0,3.0,0.0,0.0,0.0,0.0,trace_sig_0010_rfc8078,"RFC 8078 does not explain signal sig_0010: the required indicator rfc8078_cds_cdnskey_algorithm_zero failed because algorithm=13 does not equal the expected value 0. The observation on 2018-05-01T03:39:18 is 426 days after RFC 8078's publication on 2017-03-01, so the timestamp is valid. Score 0.0 (none): no required indicator matched, so there is nothing to score."
sig_0010,RFC 8080,Edwards-Curve Digital Security Algorithm (EdDSA) for DNSSEC,no_match,0.0,none,true,2018-05-01T03:39:18,2017-02-01T00:00:00,skreastrand.nu.,nu,,rfc8080_eddsa_algorithm; rfc8080_eddsa_on_key_or_signature,,,0.0,1.5,0.0,0.0,3.0,0.0,0.0,0.0,0.0,trace_sig_0010_rfc8080,"RFC 8080 does not explain signal sig_0010: the required indicator rfc8080_eddsa_algorithm failed because algorithm=13 is not in [15, 16]. The observation on 2018-05-01T03:39:18 is 454 days after RFC 8080's publication on 2017-02-01, so the timestamp is valid. Score 0.0 (none): no required indicator matched, so there is nothing to score."
sig_0010,RFC 8624,Algorithm Implementation Requirements and Usage Guidance for DNSSEC,timestamp_invalid,0.0,none,false,2018-05-01T03:39:18,2019-06-01T00:00:00,skreastrand.nu.,nu,rfc8624_avoids_deprecated_algorithm; rfc8624_recommended_signing_algorithm,,algorithm,rr_type; validator_algorithm_support,5.0,0.75,0.0,1.5,0.0,0.0,2.0,3.375,0.0,trace_sig_0010_rfc8624,"RFC 8624 cannot explain signal sig_0010: although algorithm=13 satisfy the required indicator rfc8624_recommended_signing_algorithm, the observation on 2018-05-01T03:39:18 predates RFC 8624's publication on 2019-06-01 by 396 days. An observation cannot evidence adoption of an RFC that did not yet exist, so the score of 3.375 is forfeited and this is routed to the review queue. The withheld score derives from (5.0 required + 1.5 optional - 2.0 ambiguity penalty) x 0.75 low specificity."
sig_0011,RFC 4033,DNS Security Introduction and Requirements (DNSSEC base: RFC 4033/4034/4035),valid_match,3.75,low,true,2018-05-01T04:29:18,2005-03-01T00:00:00,wahlstroem.nu.,nu,rfc4033_base_dnssec_record_present; rfc4033_dnssec_algorithm_present,rfc4033_dnssec_ok_negotiated,algorithm; rr_type,dnssec_ok_flag,4.0,0.75,0.0,1.0,0.0,0.0,0.0,0.0,3.75,trace_sig_0011_rfc4033,"RFC 4033 matched signal sig_0011: the required indicator rfc4033_base_dnssec_record_present passed because rr_type=RRSIG is in [DNSKEY, DS, RRSIG, NSEC]. Corroborating indicators also matched: rfc4033_dnssec_algorithm_present. Indicator rfc4033_dnssec_ok_negotiated did not match: field 'dnssec_ok_flag' is absent from this observation, so the condition 'dnssec_ok_flag must equal true' could not be satisfied (absence is not evidence). The observation on 2018-05-01T04:29:18 is 4809 days after RFC 4033's publication on 2005-03-01, so the timestamp is valid. Score 3.75 (low) = (4.0 required + 1.0 optional) x 0.75 low specificity."
sig_0011,RFC 4509,Use of SHA-256 in DNSSEC Delegation Signer (DS) Resource Records,no_match,0.0,none,true,2018-05-01T04:29:18,2006-05-01T00:00:00,wahlstroem.nu.,nu,,rfc4509_ds_sha256_digest,,digest_type,0.0,1.25,0.0,0.0,3.0,0.0,0.0,0.0,0.0,trace_sig_0011_rfc4509,"RFC 4509 does not explain signal sig_0011: the required indicator rfc4509_ds_sha256_digest failed because rr_type=RRSIG is not in [DS, CDS]. The observation on 2018-05-01T04:29:18 is 4383 days after RFC 4509's publication on 2006-05-01, so the timestamp is valid. Score 0.0 (none): no required indicator matched, so there is nothing to score."
sig_0011,RFC 5155,DNS Security (DNSSEC) Hashed Authenticated Denial of Existence,no_match,0.0,none,true,2018-05-01T04:29:18,2008-03-01T00:00:00,wahlstroem.nu.,nu,,rfc5155_nsec3_hash_algorithm; rfc5155_nsec3_record_present,,,0.0,1.5,0.0,0.0,3.0,0.0,0.0,0.0,0.0,trace_sig_0011_rfc5155,"RFC 5155 does not explain signal sig_0011: the required indicator rfc5155_nsec3_record_present failed because rr_type=RRSIG is not in [NSEC3, NSEC3PARAM]. The observation on 2018-05-01T04:29:18 is 3713 days after RFC 5155's publication on 2008-03-01, so the timestamp is valid. Score 0.0 (none): no required indicator matched, so there is nothing to score."
sig_0011,RFC 6605,Elliptic Curve Digital Signature Algorithm (DSA) for DNSSEC,no_match,0.0,none,true,2018-05-01T04:29:18,2012-04-01T00:00:00,wahlstroem.nu.,nu,,rfc6605_ecdsa_algorithm; rfc6605_ecdsa_on_key_or_signature,,,0.0,1.25,0.0,0.0,3.0,0.0,0.0,0.0,0.0,trace_sig_0011_rfc6605,"RFC 6605 does not explain signal sig_0011: the required indicator rfc6605_ecdsa_algorithm failed because algorithm=8 is not in [13, 14]. The observation on 2018-05-01T04:29:18 is 2221 days after RFC 6605's publication on 2012-04-01, so the timestamp is valid. Score 0.0 (none): no required indicator matched, so there is nothing to score."
sig_0011,RFC 7344,Automating DNSSEC Delegation Trust Maintenance,no_match,0.0,none,true,2018-05-01T04:29:18,2014-09-01T00:00:00,wahlstroem.nu.,nu,,rfc7344_cds_cdnskey_present; rfc7344_cds_publishes_digest,,digest_type,0.0,1.25,0.0,0.0,3.0,0.0,0.0,0.0,0.0,trace_sig_0011_rfc7344,"RFC 7344 does not explain signal sig_0011: the required indicator rfc7344_cds_cdnskey_present failed because rr_type=RRSIG is not in [CDS, CDNSKEY]. The observation on 2018-05-01T04:29:18 is 1338 days after RFC 7344's publication on 2014-09-01, so the timestamp is valid. Score 0.0 (none): no required indicator matched, so there is nothing to score."
sig_0011,RFC 8078,Managing DS Records from the Parent via CDS/CDNSKEY,no_match,0.0,none,true,2018-05-01T04:29:18,2017-03-01T00:00:00,wahlstroem.nu.,nu,,rfc8078_cds_cdnskey_algorithm_zero; rfc8078_delete_signal_digest_zero,,digest_type,0.0,1.5,0.0,0.0,3.0,0.0,0.0,0.0,0.0,trace_sig_0011_rfc8078,"RFC 8078 does not explain signal sig_0011: the required indicator rfc8078_cds_cdnskey_algorithm_zero failed because rr_type=RRSIG is not in [CDS, CDNSKEY]. The observation on 2018-05-01T04:29:18 is 426 days after RFC 8078's publication on 2017-03-01, so the timestamp is valid. Score 0.0 (none): no required indicator matched, so there is nothing to score."
sig_0011,RFC 8080,Edwards-Curve Digital Security Algorithm (EdDSA) for DNSSEC,no_match,0.0,none,true,2018-05-01T04:29:18,2017-02-01T00:00:00,wahlstroem.nu.,nu,,rfc8080_eddsa_algorithm; rfc8080_eddsa_on_key_or_signature,,,0.0,1.5,0.0,0.0,3.0,0.0,0.0,0.0,0.0,trace_sig_0011_rfc8080,"RFC 8080 does not explain signal sig_0011: the required indicator rfc8080_eddsa_algorithm failed because algorithm=8 is not in [15, 16]. The observation on 2018-05-01T04:29:18 is 454 days after RFC 8080's publication on 2017-02-01, so the timestamp is valid. Score 0.0 (none): no required indicator matched, so there is nothing to score."
sig_0011,RFC 8624,Algorithm Implementation Requirements and Usage Guidance for DNSSEC,partial_match,0.0,none,false,2018-05-01T04:29:18,2019-06-01T00:00:00,wahlstroem.nu.,nu,rfc8624_avoids_deprecated_algorithm,rfc8624_recommended_signing_algorithm,algorithm,rr_type; validator_algorithm_support,0.0,0.75,0.0,1.5,3.0,0.0,2.0,0.0,0.0,trace_sig_0011_rfc8624,"RFC 8624 partially matches signal sig_0011: the optional indicator rfc8624_avoids_deprecated_algorithm passed because algorithm is present (observed 8) and algorithm=8 differs from 1 as required. The required indicator rfc8624_recommended_signing_algorithm was not satisfied: algorithm=8 is not in [13, 15]. The observation on 2018-05-01T04:29:18 predates RFC 8624's publication on 2019-06-01 by 396 days. An observation cannot evidence adoption of an RFC that did not yet exist, so the score is forfeited. Score 0.0 (none): the penalties leave a raw total of -3.5, which is clamped to 0 before the 0.75 low specificity multiplier."
sig_0012,RFC 6605,Elliptic Curve Digital Signature Algorithm (DSA) for DNSSEC,valid_match,13.125,very_high,true,2018-05-01T04:41:02,2012-04-01T00:00:00,matildas.nu.,nu,rfc6605_ecdsa_algorithm; rfc6605_ecdsa_on_key_or_signature,,algorithm; rr_type,,9.0,1.25,0.0,1.5,0.0,0.0,0.0,0.0,13.125,trace_sig_0012_rfc6605,"RFC 6605 matched signal sig_0012: the required indicator rfc6605_ecdsa_algorithm passed because algorithm=13 is in [13, 14]. Corroborating indicators also matched: rfc6605_ecdsa_on_key_or_signature. The observation on 2018-05-01T04:41:02 is 2221 days after RFC 6605's publication on 2012-04-01, so the timestamp is valid. Score 13.125 (very_high) = (9.0 required + 1.5 optional) x 1.25 high specificity."
sig_0012,RFC 7344,Automating DNSSEC Delegation Trust Maintenance,valid_match,13.125,very_high,true,2018-05-01T04:41:02,2014-09-01T00:00:00,matildas.nu.,nu,rfc7344_cds_cdnskey_present; rfc7344_cds_publishes_digest,,digest_type; rr_type,,9.0,1.25,0.0,1.5,0.0,0.0,0.0,0.0,13.125,trace_sig_0012_rfc7344,"RFC 7344 matched signal sig_0012: the required indicator rfc7344_cds_cdnskey_present passed because rr_type=CDS is in [CDS, CDNSKEY]. Corroborating indicators also matched: rfc7344_cds_publishes_digest. The observation on 2018-05-01T04:41:02 is 1338 days after RFC 7344's publication on 2014-09-01, so the timestamp is valid. Score 13.125 (very_high) = (9.0 required + 1.5 optional) x 1.25 high specificity."
sig_0012,RFC 4509,Use of SHA-256 in DNSSEC Delegation Signer (DS) Resource Records,valid_match,11.25,high,true,2018-05-01T04:41:02,2006-05-01T00:00:00,matildas.nu.,nu,rfc4509_ds_sha256_digest,,digest_type; rr_type,,9.0,1.25,0.0,0.0,0.0,0.0,0.0,0.0,11.25,trace_sig_0012_rfc4509,"RFC 4509 matched signal sig_0012: the required indicator rfc4509_ds_sha256_digest passed because rr_type=CDS is in [DS, CDS] and digest_type=2 equals the expected value 2. The observation on 2018-05-01T04:41:02 is 4383 days after RFC 4509's publication on 2006-05-01, so the timestamp is valid. Score 11.25 (high) = (9.0 required) x 1.25 high specificity."
sig_0012,RFC 4033,DNS Security Introduction and Requirements (DNSSEC base: RFC 4033/4034/4035),partial_match,0.0,none,true,2018-05-01T04:41:02,2005-03-01T00:00:00,matildas.nu.,nu,rfc4033_dnssec_algorithm_present,rfc4033_base_dnssec_record_present; rfc4033_dnssec_ok_negotiated,algorithm,dnssec_ok_flag,0.0,0.75,0.0,1.0,3.0,0.0,0.0,0.0,0.0,trace_sig_0012_rfc4033,"RFC 4033 partially matches signal sig_0012: the optional indicator rfc4033_dnssec_algorithm_present passed because algorithm is present (observed 13). The required indicator rfc4033_base_dnssec_record_present was not satisfied: rr_type=CDS is not in [DNSKEY, DS, RRSIG, NSEC]. The observation on 2018-05-01T04:41:02 is 4809 days after RFC 4033's publication on 2005-03-01, so the timestamp is valid. Score 0.0 (none): the penalties leave a raw total of -2.0, which is clamped to 0 before the 0.75 low specificity multiplier."
sig_0012,RFC 5155,DNS Security (DNSSEC) Hashed Authenticated Denial of Existence,no_match,0.0,none,true,2018-05-01T04:41:02,2008-03-01T00:00:00,matildas.nu.,nu,,rfc5155_nsec3_hash_algorithm; rfc5155_nsec3_record_present,,,0.0,1.5,0.0,0.0,3.0,0.0,0.0,0.0,0.0,trace_sig_0012_rfc5155,"RFC 5155 does not explain signal sig_0012: the required indicator rfc5155_nsec3_record_present failed because rr_type=CDS is not in [NSEC3, NSEC3PARAM]. The observation on 2018-05-01T04:41:02 is 3713 days after RFC 5155's publication on 2008-03-01, so the timestamp is valid. Score 0.0 (none): no required indicator matched, so there is nothing to score."
sig_0012,RFC 8078,Managing DS Records from the Parent via CDS/CDNSKEY,no_match,0.0,none,true,2018-05-01T04:41:02,2017-03-01T00:00:00,matildas.nu.,nu,,rfc8078_cds_cdnskey_algorithm_zero; rfc8078_delete_signal_digest_zero,,,0.0,1.5,0.0,0.0,3.0,0.0,0.0,0.0,0.0,trace_sig_0012_rfc8078,"RFC 8078 does not explain signal sig_0012: the required indicator rfc8078_cds_cdnskey_algorithm_zero failed because algorithm=13 does not equal the expected value 0. The observation on 2018-05-01T04:41:02 is 426 days after RFC 8078's publication on 2017-03-01, so the timestamp is valid. Score 0.0 (none): no required indicator matched, so there is nothing to score."
sig_0012,RFC 8080,Edwards-Curve Digital Security Algorithm (EdDSA) for DNSSEC,no_match,0.0,none,true,2018-05-01T04:41:02,2017-02-01T00:00:00,matildas.nu.,nu,,rfc8080_eddsa_algorithm; rfc8080_eddsa_on_key_or_signature,,,0.0,1.5,0.0,0.0,3.0,0.0,0.0,0.0,0.0,trace_sig_0012_rfc8080,"RFC 8080 does not explain signal sig_0012: the required indicator rfc8080_eddsa_algorithm failed because algorithm=13 is not in [15, 16]. The observation on 2018-05-01T04:41:02 is 454 days after RFC 8080's publication on 2017-02-01, so the timestamp is valid. Score 0.0 (none): no required indicator matched, so there is nothing to score."
sig_0012,RFC 8624,Algorithm Implementation Requirements and Usage Guidance for DNSSEC,timestamp_invalid,0.0,none,false,2018-05-01T04:41:02,2019-06-01T00:00:00,matildas.nu.,nu,rfc8624_avoids_deprecated_algorithm; rfc8624_recommended_signing_algorithm,,algorithm,rr_type; validator_algorithm_support,5.0,0.75,0.0,1.5,0.0,0.0,2.0,3.375,0.0,trace_sig_0012_rfc8624,"RFC 8624 cannot explain signal sig_0012: although algorithm=13 satisfy the required indicator rfc8624_recommended_signing_algorithm, the observation on 2018-05-01T04:41:02 predates RFC 8624's publication on 2019-06-01 by 396 days. An observation cannot evidence adoption of an RFC that did not yet exist, so the score of 3.375 is forfeited and this is routed to the review queue. The withheld score derives from (5.0 required + 1.5 optional - 2.0 ambiguity penalty) x 0.75 low specificity."
sig_0013,RFC 4509,Use of SHA-256 in DNSSEC Delegation Signer (DS) Resource Records,valid_match,11.25,high,true,2018-05-01T04:53:49,2006-05-01T00:00:00,sbr.nu.,nu,rfc4509_ds_sha256_digest,,digest_type; rr_type,,9.0,1.25,0.0,0.0,0.0,0.0,0.0,0.0,11.25,trace_sig_0013_rfc4509,"RFC 4509 matched signal sig_0013: the required indicator rfc4509_ds_sha256_digest passed because rr_type=DS is in [DS, CDS] and digest_type=2 equals the expected value 2. The observation on 2018-05-01T04:53:49 is 4383 days after RFC 4509's publication on 2006-05-01, so the timestamp is valid. Score 11.25 (high) = (9.0 required) x 1.25 high specificity."
sig_0013,RFC 4033,DNS Security Introduction and Requirements (DNSSEC base: RFC 4033/4034/4035),valid_match,3.75,low,true,2018-05-01T04:53:49,2005-03-01T00:00:00,sbr.nu.,nu,rfc4033_base_dnssec_record_present; rfc4033_dnssec_algorithm_present,rfc4033_dnssec_ok_negotiated,algorithm; rr_type,dnssec_ok_flag,4.0,0.75,0.0,1.0,0.0,0.0,0.0,0.0,3.75,trace_sig_0013_rfc4033,"RFC 4033 matched signal sig_0013: the required indicator rfc4033_base_dnssec_record_present passed because rr_type=DS is in [DNSKEY, DS, RRSIG, NSEC]. Corroborating indicators also matched: rfc4033_dnssec_algorithm_present. Indicator rfc4033_dnssec_ok_negotiated did not match: field 'dnssec_ok_flag' is absent from this observation, so the condition 'dnssec_ok_flag must equal true' could not be satisfied (absence is not evidence). The observation on 2018-05-01T04:53:49 is 4809 days after RFC 4033's publication on 2005-03-01, so the timestamp is valid. Score 3.75 (low) = (4.0 required + 1.0 optional) x 0.75 low specificity."
sig_0013,RFC 5155,DNS Security (DNSSEC) Hashed Authenticated Denial of Existence,no_match,0.0,none,true,2018-05-01T04:53:49,2008-03-01T00:00:00,sbr.nu.,nu,,rfc5155_nsec3_hash_algorithm; rfc5155_nsec3_record_present,,,0.0,1.5,0.0,0.0,3.0,0.0,0.0,0.0,0.0,trace_sig_0013_rfc5155,"RFC 5155 does not explain signal sig_0013: the required indicator rfc5155_nsec3_record_present failed because rr_type=DS is not in [NSEC3, NSEC3PARAM]. The observation on 2018-05-01T04:53:49 is 3713 days after RFC 5155's publication on 2008-03-01, so the timestamp is valid. Score 0.0 (none): no required indicator matched, so there is nothing to score."
sig_0013,RFC 6605,Elliptic Curve Digital Signature Algorithm (DSA) for DNSSEC,no_match,0.0,none,true,2018-05-01T04:53:49,2012-04-01T00:00:00,sbr.nu.,nu,,rfc6605_ecdsa_algorithm; rfc6605_ecdsa_on_key_or_signature,,,0.0,1.25,0.0,0.0,3.0,0.0,0.0,0.0,0.0,trace_sig_0013_rfc6605,"RFC 6605 does not explain signal sig_0013: the required indicator rfc6605_ecdsa_algorithm failed because algorithm=8 is not in [13, 14]. The observation on 2018-05-01T04:53:49 is 2221 days after RFC 6605's publication on 2012-04-01, so the timestamp is valid. Score 0.0 (none): no required indicator matched, so there is nothing to score."
sig_0013,RFC 7344,Automating DNSSEC Delegation Trust Maintenance,no_match,0.0,none,true,2018-05-01T04:53:49,2014-09-01T00:00:00,sbr.nu.,nu,,rfc7344_cds_cdnskey_present; rfc7344_cds_publishes_digest,,,0.0,1.25,0.0,0.0,3.0,0.0,0.0,0.0,0.0,trace_sig_0013_rfc7344,"RFC 7344 does not explain signal sig_0013: the required indicator rfc7344_cds_cdnskey_present failed because rr_type=DS is not in [CDS, CDNSKEY]. The observation on 2018-05-01T04:53:49 is 1338 days after RFC 7344's publication on 2014-09-01, so the timestamp is valid. Score 0.0 (none): no required indicator matched, so there is nothing to score."
sig_0013,RFC 8078,Managing DS Records from the Parent via CDS/CDNSKEY,no_match,0.0,none,true,2018-05-01T04:53:49,2017-03-01T00:00:00,sbr.nu.,nu,,rfc8078_cds_cdnskey_algorithm_zero; rfc8078_delete_signal_digest_zero,,,0.0,1.5,0.0,0.0,3.0,0.0,0.0,0.0,0.0,trace_sig_0013_rfc8078,"RFC 8078 does not explain signal sig_0013: the required indicator rfc8078_cds_cdnskey_algorithm_zero failed because rr_type=DS is not in [CDS, CDNSKEY]. The observation on 2018-05-01T04:53:49 is 426 days after RFC 8078's publication on 2017-03-01, so the timestamp is valid. Score 0.0 (none): no required indicator matched, so there is nothing to score."
sig_0013,RFC 8080,Edwards-Curve Digital Security Algorithm (EdDSA) for DNSSEC,no_match,0.0,none,true,2018-05-01T04:53:49,2017-02-01T00:00:00,sbr.nu.,nu,,rfc8080_eddsa_algorithm; rfc8080_eddsa_on_key_or_signature,,,0.0,1.5,0.0,0.0,3.0,0.0,0.0,0.0,0.0,trace_sig_0013_rfc8080,"RFC 8080 does not explain signal sig_0013: the required indicator rfc8080_eddsa_algorithm failed because algorithm=8 is not in [15, 16]. The observation on 2018-05-01T04:53:49 is 454 days after RFC 8080's publication on 2017-02-01, so the timestamp is valid. Score 0.0 (none): no required indicator matched, so there is nothing to score."
sig_0013,RFC 8624,Algorithm Implementation Requirements and Usage Guidance for DNSSEC,partial_match,0.0,none,false,2018-05-01T04:53:49,2019-06-01T00:00:00,sbr.nu.,nu,rfc8624_avoids_deprecated_algorithm,rfc8624_recommended_signing_algorithm,algorithm,rr_type; validator_algorithm_support,0.0,0.75,0.0,1.5,3.0,0.0,2.0,0.0,0.0,trace_sig_0013_rfc8624,"RFC 8624 partially matches signal sig_0013: the optional indicator rfc8624_avoids_deprecated_algorithm passed because algorithm is present (observed 8) and algorithm=8 differs from 1 as required. The required indicator rfc8624_recommended_signing_algorithm was not satisfied: algorithm=8 is not in [13, 15]. The observation on 2018-05-01T04:53:49 predates RFC 8624's publication on 2019-06-01 by 396 days. An observation cannot evidence adoption of an RFC that did not yet exist, so the score is forfeited. Score 0.0 (none): the penalties leave a raw total of -3.5, which is clamped to 0 before the 0.75 low specificity multiplier."
sig_0014,RFC 4509,Use of SHA-256 in DNSSEC Delegation Signer (DS) Resource Records,valid_match,11.25,high,true,2018-05-01T05:00:56,2006-05-01T00:00:00,rubb-stubb.nu.,nu,rfc4509_ds_sha256_digest,,digest_type; rr_type,,9.0,1.25,0.0,0.0,0.0,0.0,0.0,0.0,11.25,trace_sig_0014_rfc4509,"RFC 4509 matched signal sig_0014: the required indicator rfc4509_ds_sha256_digest passed because rr_type=DS is in [DS, CDS] and digest_type=2 equals the expected value 2. The observation on 2018-05-01T05:00:56 is 4383 days after RFC 4509's publication on 2006-05-01, so the timestamp is valid. Score 11.25 (high) = (9.0 required) x 1.25 high specificity."
sig_0014,RFC 4033,DNS Security Introduction and Requirements (DNSSEC base: RFC 4033/4034/4035),valid_match,3.75,low,true,2018-05-01T05:00:56,2005-03-01T00:00:00,rubb-stubb.nu.,nu,rfc4033_base_dnssec_record_present; rfc4033_dnssec_algorithm_present,rfc4033_dnssec_ok_negotiated,algorithm; rr_type,dnssec_ok_flag,4.0,0.75,0.0,1.0,0.0,0.0,0.0,0.0,3.75,trace_sig_0014_rfc4033,"RFC 4033 matched signal sig_0014: the required indicator rfc4033_base_dnssec_record_present passed because rr_type=DS is in [DNSKEY, DS, RRSIG, NSEC]. Corroborating indicators also matched: rfc4033_dnssec_algorithm_present. Indicator rfc4033_dnssec_ok_negotiated did not match: field 'dnssec_ok_flag' is absent from this observation, so the condition 'dnssec_ok_flag must equal true' could not be satisfied (absence is not evidence). The observation on 2018-05-01T05:00:56 is 4809 days after RFC 4033's publication on 2005-03-01, so the timestamp is valid. Score 3.75 (low) = (4.0 required + 1.0 optional) x 0.75 low specificity."
sig_0014,RFC 5155,DNS Security (DNSSEC) Hashed Authenticated Denial of Existence,no_match,0.0,none,true,2018-05-01T05:00:56,2008-03-01T00:00:00,rubb-stubb.nu.,nu,,rfc5155_nsec3_hash_algorithm; rfc5155_nsec3_record_present,,,0.0,1.5,0.0,0.0,3.0,0.0,0.0,0.0,0.0,trace_sig_0014_rfc5155,"RFC 5155 does not explain signal sig_0014: the required indicator rfc5155_nsec3_record_present failed because rr_type=DS is not in [NSEC3, NSEC3PARAM]. The observation on 2018-05-01T05:00:56 is 3713 days after RFC 5155's publication on 2008-03-01, so the timestamp is valid. Score 0.0 (none): no required indicator matched, so there is nothing to score."
sig_0014,RFC 6605,Elliptic Curve Digital Signature Algorithm (DSA) for DNSSEC,no_match,0.0,none,true,2018-05-01T05:00:56,2012-04-01T00:00:00,rubb-stubb.nu.,nu,,rfc6605_ecdsa_algorithm; rfc6605_ecdsa_on_key_or_signature,,,0.0,1.25,0.0,0.0,3.0,0.0,0.0,0.0,0.0,trace_sig_0014_rfc6605,"RFC 6605 does not explain signal sig_0014: the required indicator rfc6605_ecdsa_algorithm failed because algorithm=8 is not in [13, 14]. The observation on 2018-05-01T05:00:56 is 2221 days after RFC 6605's publication on 2012-04-01, so the timestamp is valid. Score 0.0 (none): no required indicator matched, so there is nothing to score."
sig_0014,RFC 7344,Automating DNSSEC Delegation Trust Maintenance,no_match,0.0,none,true,2018-05-01T05:00:56,2014-09-01T00:00:00,rubb-stubb.nu.,nu,,rfc7344_cds_cdnskey_present; rfc7344_cds_publishes_digest,,,0.0,1.25,0.0,0.0,3.0,0.0,0.0,0.0,0.0,trace_sig_0014_rfc7344,"RFC 7344 does not explain signal sig_0014: the required indicator rfc7344_cds_cdnskey_present failed because rr_type=DS is not in [CDS, CDNSKEY]. The observation on 2018-05-01T05:00:56 is 1338 days after RFC 7344's publication on 2014-09-01, so the timestamp is valid. Score 0.0 (none): no required indicator matched, so there is nothing to score."
sig_0014,RFC 8078,Managing DS Records from the Parent via CDS/CDNSKEY,no_match,0.0,none,true,2018-05-01T05:00:56,2017-03-01T00:00:00,rubb-stubb.nu.,nu,,rfc8078_cds_cdnskey_algorithm_zero; rfc8078_delete_signal_digest_zero,,,0.0,1.5,0.0,0.0,3.0,0.0,0.0,0.0,0.0,trace_sig_0014_rfc8078,"RFC 8078 does not explain signal sig_0014: the required indicator rfc8078_cds_cdnskey_algorithm_zero failed because rr_type=DS is not in [CDS, CDNSKEY]. The observation on 2018-05-01T05:00:56 is 426 days after RFC 8078's publication on 2017-03-01, so the timestamp is valid. Score 0.0 (none): no required indicator matched, so there is nothing to score."
sig_0014,RFC 8080,Edwards-Curve Digital Security Algorithm (EdDSA) for DNSSEC,no_match,0.0,none,true,2018-05-01T05:00:56,2017-02-01T00:00:00,rubb-stubb.nu.,nu,,rfc8080_eddsa_algorithm; rfc8080_eddsa_on_key_or_signature,,,0.0,1.5,0.0,0.0,3.0,0.0,0.0,0.0,0.0,trace_sig_0014_rfc8080,"RFC 8080 does not explain signal sig_0014: the required indicator rfc8080_eddsa_algorithm failed because algorithm=8 is not in [15, 16]. The observation on 2018-05-01T05:00:56 is 454 days after RFC 8080's publication on 2017-02-01, so the timestamp is valid. Score 0.0 (none): no required indicator matched, so there is nothing to score."
sig_0014,RFC 8624,Algorithm Implementation Requirements and Usage Guidance for DNSSEC,partial_match,0.0,none,false,2018-05-01T05:00:56,2019-06-01T00:00:00,rubb-stubb.nu.,nu,rfc8624_avoids_deprecated_algorithm,rfc8624_recommended_signing_algorithm,algorithm,rr_type; validator_algorithm_support,0.0,0.75,0.0,1.5,3.0,0.0,2.0,0.0,0.0,trace_sig_0014_rfc8624,"RFC 8624 partially matches signal sig_0014: the optional indicator rfc8624_avoids_deprecated_algorithm passed because algorithm is present (observed 8) and algorithm=8 differs from 1 as required. The required indicator rfc8624_recommended_signing_algorithm was not satisfied: algorithm=8 is not in [13, 15]. The observation on 2018-05-01T05:00:56 predates RFC 8624's publication on 2019-06-01 by 396 days. An observation cannot evidence adoption of an RFC that did not yet exist, so the score is forfeited. Score 0.0 (none): the penalties leave a raw total of -3.5, which is clamped to 0 before the 0.75 low specificity multiplier."
sig_0015,RFC 4509,Use of SHA-256 in DNSSEC Delegation Signer (DS) Resource Records,valid_match,11.25,high,true,2018-05-01T05:21:19,2006-05-01T00:00:00,mysko.nu.,nu,rfc4509_ds_sha256_digest,,digest_type; rr_type,,9.0,1.25,0.0,0.0,0.0,0.0,0.0,0.0,11.25,trace_sig_0015_rfc4509,"RFC 4509 matched signal sig_0015: the required indicator rfc4509_ds_sha256_digest passed because rr_type=DS is in [DS, CDS] and digest_type=2 equals the expected value 2. The observation on 2018-05-01T05:21:19 is 4383 days after RFC 4509's publication on 2006-05-01, so the timestamp is valid. Score 11.25 (high) = (9.0 required) x 1.25 high specificity."
sig_0015,RFC 4033,DNS Security Introduction and Requirements (DNSSEC base: RFC 4033/4034/4035),valid_match,3.75,low,true,2018-05-01T05:21:19,2005-03-01T00:00:00,mysko.nu.,nu,rfc4033_base_dnssec_record_present; rfc4033_dnssec_algorithm_present,rfc4033_dnssec_ok_negotiated,algorithm; rr_type,dnssec_ok_flag,4.0,0.75,0.0,1.0,0.0,0.0,0.0,0.0,3.75,trace_sig_0015_rfc4033,"RFC 4033 matched signal sig_0015: the required indicator rfc4033_base_dnssec_record_present passed because rr_type=DS is in [DNSKEY, DS, RRSIG, NSEC]. Corroborating indicators also matched: rfc4033_dnssec_algorithm_present. Indicator rfc4033_dnssec_ok_negotiated did not match: field 'dnssec_ok_flag' is absent from this observation, so the condition 'dnssec_ok_flag must equal true' could not be satisfied (absence is not evidence). The observation on 2018-05-01T05:21:19 is 4809 days after RFC 4033's publication on 2005-03-01, so the timestamp is valid. Score 3.75 (low) = (4.0 required + 1.0 optional) x 0.75 low specificity."
sig_0015,RFC 5155,DNS Security (DNSSEC) Hashed Authenticated Denial of Existence,no_match,0.0,none,true,2018-05-01T05:21:19,2008-03-01T00:00:00,mysko.nu.,nu,,rfc5155_nsec3_hash_algorithm; rfc5155_nsec3_record_present,,,0.0,1.5,0.0,0.0,3.0,0.0,0.0,0.0,0.0,trace_sig_0015_rfc5155,"RFC 5155 does not explain signal sig_0015: the required indicator rfc5155_nsec3_record_present failed because rr_type=DS is not in [NSEC3, NSEC3PARAM]. The observation on 2018-05-01T05:21:19 is 3713 days after RFC 5155's publication on 2008-03-01, so the timestamp is valid. Score 0.0 (none): no required indicator matched, so there is nothing to score."
sig_0015,RFC 6605,Elliptic Curve Digital Signature Algorithm (DSA) for DNSSEC,no_match,0.0,none,true,2018-05-01T05:21:19,2012-04-01T00:00:00,mysko.nu.,nu,,rfc6605_ecdsa_algorithm; rfc6605_ecdsa_on_key_or_signature,,,0.0,1.25,0.0,0.0,3.0,0.0,0.0,0.0,0.0,trace_sig_0015_rfc6605,"RFC 6605 does not explain signal sig_0015: the required indicator rfc6605_ecdsa_algorithm failed because algorithm=8 is not in [13, 14]. The observation on 2018-05-01T05:21:19 is 2221 days after RFC 6605's publication on 2012-04-01, so the timestamp is valid. Score 0.0 (none): no required indicator matched, so there is nothing to score."
sig_0015,RFC 7344,Automating DNSSEC Delegation Trust Maintenance,no_match,0.0,none,true,2018-05-01T05:21:19,2014-09-01T00:00:00,mysko.nu.,nu,,rfc7344_cds_cdnskey_present; rfc7344_cds_publishes_digest,,,0.0,1.25,0.0,0.0,3.0,0.0,0.0,0.0,0.0,trace_sig_0015_rfc7344,"RFC 7344 does not explain signal sig_0015: the required indicator rfc7344_cds_cdnskey_present failed because rr_type=DS is not in [CDS, CDNSKEY]. The observation on 2018-05-01T05:21:19 is 1338 days after RFC 7344's publication on 2014-09-01, so the timestamp is valid. Score 0.0 (none): no required indicator matched, so there is nothing to score."
sig_0015,RFC 8078,Managing DS Records from the Parent via CDS/CDNSKEY,no_match,0.0,none,true,2018-05-01T05:21:19,2017-03-01T00:00:00,mysko.nu.,nu,,rfc8078_cds_cdnskey_algorithm_zero; rfc8078_delete_signal_digest_zero,,,0.0,1.5,0.0,0.0,3.0,0.0,0.0,0.0,0.0,trace_sig_0015_rfc8078,"RFC 8078 does not explain signal sig_0015: the required indicator rfc8078_cds_cdnskey_algorithm_zero failed because rr_type=DS is not in [CDS, CDNSKEY]. The observation on 2018-05-01T05:21:19 is 426 days after RFC 8078's publication on 2017-03-01, so the timestamp is valid. Score 0.0 (none): no required indicator matched, so there is nothing to score."
sig_0015,RFC 8080,Edwards-Curve Digital Security Algorithm (EdDSA) for DNSSEC,no_match,0.0,none,true,2018-05-01T05:21:19,2017-02-01T00:00:00,mysko.nu.,nu,,rfc8080_eddsa_algorithm; rfc8080_eddsa_on_key_or_signature,,,0.0,1.5,0.0,0.0,3.0,0.0,0.0,0.0,0.0,trace_sig_0015_rfc8080,"RFC 8080 does not explain signal sig_0015: the required indicator rfc8080_eddsa_algorithm failed because algorithm=8 is not in [15, 16]. The observation on 2018-05-01T05:21:19 is 454 days after RFC 8080's publication on 2017-02-01, so the timestamp is valid. Score 0.0 (none): no required indicator matched, so there is nothing to score."
sig_0015,RFC 8624,Algorithm Implementation Requirements and Usage Guidance for DNSSEC,partial_match,0.0,none,false,2018-05-01T05:21:19,2019-06-01T00:00:00,mysko.nu.,nu,rfc8624_avoids_deprecated_algorithm,rfc8624_recommended_signing_algorithm,algorithm,rr_type; validator_algorithm_support,0.0,0.75,0.0,1.5,3.0,0.0,2.0,0.0,0.0,trace_sig_0015_rfc8624,"RFC 8624 partially matches signal sig_0015: the optional indicator rfc8624_avoids_deprecated_algorithm passed because algorithm is present (observed 8) and algorithm=8 differs from 1 as required. The required indicator rfc8624_recommended_signing_algorithm was not satisfied: algorithm=8 is not in [13, 15]. The observation on 2018-05-01T05:21:19 predates RFC 8624's publication on 2019-06-01 by 396 days. An observation cannot evidence adoption of an RFC that did not yet exist, so the score is forfeited. Score 0.0 (none): the penalties leave a raw total of -3.5, which is clamped to 0 before the 0.75 low specificity multiplier."
